Method Data,,,,,,
Method name,Panopea,,,,,
Method ID,7,,,,,
Method version,5,,,,,
Method Internal ID,M44,,,,,
Release State,Released,,,,,
Type,TitrationGeneral,,,,,
,,,,,,
Table of Measured Values,,,,,,
Task,T635,,,,,
Scope 1/1, Sample 1/9 (H0_T),,,,,
Result,TitrationEP1,,,,,
V,t,E,T,dV/dt,E acc. stat.,Volume acc. stat.
0,0,-18.5,16.9,NaN,,
0.001,1,-18.8,16.9,0.001,,
0.0025,2,-18.8,16.9,0.0015,,
0.005,3,-18.9,16.9,0.002,,
0.009,4,-18.7,16.9,0.0035,,
0.015,5,-18.2,16.9,0.0055,,
0.023,6,-16.9,16.9,0.0075,,
0.0315,7,-14.9,16.9,0.0075,,
0.04,8,-12.4,16.9,0.0075,,
0.0485,9,-9.7,16.9,0.007,,
0.056,10,-7,16.9,0.007,,
0.0645,11,-4,16.9,0.0075,,
0.073,12,-0.4,16.9,0.0075,,
0.081,13,1.3,16.9,0.0075,,
0.0895,14,3.4,16.9,0.0075,,
0.098,15,5.2,16.9,0.007,,
0.1055,16,6.6,16.9,0.007,,
0.114,17,7.9,16.9,0.0075,,
0.1225,18,9.2,16.9,0.0075,,
0.131,19,10.6,16.9,0.0075,,
0.1395,20,11.8,16.9,0.0075,,
0.1475,21,12.9,16.9,0.0065,,
0.156,22,14,16.9,0.0075,,
0.1635,23,14.9,16.9,0.007,,
0.172,24,15.8,16.9,0.0075,,
0.1805,25,16.6,16.9,0.0075,,
0.189,26,17.4,16.9,0.0075,,
0.1975,27,18.1,16.9,0.007,,
0.205,28,18.7,16.9,0.007,,
0.2135,29,19.5,16.9,0.0075,,
0.222,30,20.2,16.9,0.0075,,
0.2305,31,21,16.9,0.0075,,
0.2385,32,21.9,16.9,0.0075,,
0.247,33,22.6,16.9,0.007,,
0.2545,34,23.2,16.9,0.007,,
0.263,35,23.9,16.9,0.0075,,
0.2715,36,24.5,16.9,0.0075,,
0.28,37,25.2,16.9,0.0075,,
0.2885,38,25.9,16.9,0.0075,,
0.297,39,26.6,16.9,0.007,,
0.3045,40,27.1,16.9,0.007,,
0.313,41,27.8,16.9,0.0075,,
0.321,42,28.4,16.9,0.0075,,
0.3295,43,29.1,16.9,0.0075,,
0.338,44,29.7,16.9,0.0075,,
0.3465,45,30.4,16.9,0.007,,
0.354,46,31.1,16.9,0.007,,
0.3625,47,31.8,16.9,0.0075,,
0.371,48,32.6,16.9,0.0075,,
0.3795,49,33.2,16.9,0.0075,,
0.388,50,33.8,16.9,0.007,,
0.3955,51,34.4,16.9,0.007,,
0.404,52,35.1,16.9,0.0075,,
0.412,53,35.8,16.9,0.0075,,
0.4205,54,36.4,16.9,0.0075,,
0.429,55,37.1,16.9,0.0075,,
0.4375,56,37.8,16.9,0.0075,,
0.446,57,38.4,17,0.007,,
0.4535,58,38.9,17,0.007,,
0.462,59,39.6,17,0.0075,,
0.4705,60,40.2,17,0.0075,,
0.4785,61,40.8,17,0.0075,,
0.487,62,41.4,17,0.0075,,
0.4955,63,42.1,17,0.0075,,
0.503,64,42.7,17,0.007,,
0.5115,65,43.2,17,0.0075,,
0.52,66,43.8,17,0.0075,,
0.5285,67,44.3,17,0.0075,,
0.537,68,45,17,0.007,,
0.545,69,45.5,17,0.0075,,
0.553,70,46.2,17,0.0075,,
0.561,71,46.9,17,0.0075,,
0.5695,72,47.6,17,0.0075,,
0.578,73,48.3,17,0.0075,,
0.5865,74,49,17,0.007,,
0.594,75,49.4,17,0.007,,
0.6025,76,50,17,0.0075,,
0.611,77,50.5,17,0.0075,,
0.6195,78,51.1,17,0.0075,,
0.628,79,51.9,17,0.0075,,
0.636,80,52.7,17,0.0065,,
0.644,81,53.3,17,0.0075,,
0.652,82,54.1,17,0.0075,,
0.6605,83,54.7,17,0.0075,,
0.669,84,55.3,17,0.0075,,
0.6775,85,55.9,17,0.0075,,
0.686,86,56.5,17,0.0075,,
0.6935,87,57,17,0.007,,
0.702,88,57.7,17,0.0075,,
0.7105,89,58.4,17,0.0075,,
0.719,90,59.1,17,0.0075,,
0.7275,91,59.7,17,0.007,,
0.735,92,60.1,17,0.007,,
0.7435,93,60.7,17,0.0075,,
0.7515,94,61.4,17,0.0075,,
0.76,95,62.2,17,0.0075,,
0.7685,96,63,17,0.0075,,
0.777,97,63.9,17,0.007,,
0.7845,98,64.6,17,0.007,,
0.793,99,65.2,17,0.0075,,
0.8015,100,66,17,0.0075,,
0.81,101,66.7,17,0.0075,,
0.818,102,67.3,17,0.0075,,
0.8265,103,68,17,0.007,,
0.834,104,68.8,17,0.007,,
0.8425,105,69.7,17,0.0075,,
0.851,106,70.4,17,0.0075,,
0.8595,107,71.2,17,0.0075,,
0.868,108,72.4,17.1,0.0075,,
0.8765,109,73.4,17.1,0.007,,
0.884,110,74,17.1,0.007,,
0.8925,111,74.9,17,0.0075,,
0.9005,112,75.7,17.1,0.0075,,
0.909,113,76.4,17.1,0.0075,,
0.9175,114,77.1,17.1,0.0075,,
0.926,115,78.1,17.1,0.007,,
0.9335,116,79,17.1,0.007,,
0.942,117,80,17.1,0.0075,,
0.9505,118,81,17.1,0.0075,,
0.959,119,82.1,17.1,0.0075,,
0.9675,120,83.1,17.1,0.0075,,
0.9755,121,83.9,17.1,0.0075,,
0.9835,122,84.9,17.1,0.0075,,
0.9915,123,85.9,17.1,0.0075,,
1,124,86.9,17.1,0.0075,,
1.0085,125,88,17.1,0.0075,,
1.017,126,89.2,17.1,0.007,,
1.0255,127,90.6,17.1,0.0075,,
1.033,128,92,17.1,0.007,,
1.0415,129,93.3,17.1,0.0075,,
1.0495,130,94.7,17.1,0.0075,,
1.058,131,95.9,17.1,0.0075,,
1.0665,132,97.7,17.1,0.007,,
1.075,133,98.8,17.1,0.007,,
1.0825,134,100.2,17.1,0.007,,
1.091,135,102.3,17.1,0.0075,,
1.0995,136,103.9,17.1,0.0075,,
1.108,137,105.8,17.1,0.0075,,
1.116,138,107.9,17.1,0.0075,,
1.1245,139,109.8,17.1,0.007,,
1.132,140,111.5,17.1,0.007,,
1.1405,141,113.8,17.1,0.0075,,
1.149,142,116.3,17.1,0.0075,,
1.1575,143,118.5,17.1,0.0075,,
1.166,144,121.3,17.1,0.0075,,
1.1745,145,124.2,17.1,0.007,,
1.182,146,127,17.1,0.007,,
1.1905,147,129.8,17.1,0.0075,,
1.199,148,132.9,17.1,0.0075,,
1.207,149,136.4,17.1,0.0075,,
1.2155,150,139.2,17.1,0.0075,,
1.224,151,142.8,17.1,0.007,,
1.2315,152,145.9,17.1,0.007,,
1.24,153,149.4,17.1,0.0075,,
1.2485,154,152.6,17.1,0.0075,,
1.257,155,155.5,17.1,0.0075,,
1.2655,156,158.4,17.1,0.0075,,
1.2735,157,161,17.1,0.0065,,
1.2815,158,163.3,17.1,0.0075,,
1.2895,159,165.8,17.1,0.0075,,
1.298,160,168,17.1,0.0075,,
1.3065,161,170.1,17.1,0.0075,,
1.315,162,172,17.1,0.0075,,
1.3235,163,173.8,17.1,0.007,,
1.331,164,175.5,17.1,0.007,,
1.3395,165,177.3,17.1,0.0075,,
1.348,166,178.9,17.1,0.0075,,
1.356,167,180.5,17.1,0.0075,,
1.3645,168,182.1,17.1,0.0075,,
1.373,169,183.5,17.1,0.007,,
1.3805,170,184.8,17.1,0.007,,
1.3845,171,185,17.1,0.0065,,
1.3845,411,191.1,17.4,0,,
1.385,412,191.1,17.4,0.0005,,
1.3865,413,191.2,17.4,0.002,,
1.389,414,191.3,17.4,0.0035,,
1.393,415,191.4,17.4,0.005,,
1.399,416,191.9,17.4,0.0075,,
1.4075,417,192.6,17.4,0.0105,,
1.415,418,193.4,17.4,0.0105,,
1.4235,419,194.2,17.4,0.012,,
1.432,420,195.1,17.4,0.0105,,
1.44,421,196,17.4,0.01,,
1.4485,422,196.9,17.4,0.0105,,
1.457,423,197.7,17.4,0.0105,,
1.4645,424,198.4,17.4,0.0105,,
1.473,425,199.2,17.4,0.012,,
1.4815,426,200,17.4,0.0105,,
1.49,427,200.7,17.4,0.0105,,
1.4985,428,201.4,17.4,0.0105,,
1.507,429,202,17.4,0.012,,
1.5145,430,202.7,17.4,0.0105,,
1.523,431,203.4,17.4,0.012,,
1.531,432,204,17.4,0.01,,
1.5395,433,204.7,17.4,0.0105,,
1.548,434,205.2,17.4,0.0105,,
1.5555,435,205.8,17.4,0.0105,,
1.564,436,206.5,17.4,0.012,,
1.5725,437,207.1,17.4,0.012,,
1.581,438,207.7,17.4,0.0105,,
1.5895,439,208.2,17.5,0.0105,,
1.5975,440,208.7,17.4,0.01,,
1.606,441,209.2,17.4,0.012,,
1.6135,442,209.7,17.5,0.0105,,
1.622,443,210.3,17.4,0.012,,
1.6305,444,210.8,17.5,0.0105,,
1.639,445,211.4,17.5,0.0105,,
1.6475,446,211.8,17.5,0.0105,,
1.655,447,212.2,17.5,0.0105,,
1.6635,448,212.6,17.5,0.012,,
1.672,449,213.1,17.5,0.012,,
1.6805,450,213.5,17.5,0.0105,,
1.6885,451,214,17.5,0.01,,
1.697,452,214.4,17.5,0.0105,,
1.7045,453,214.8,17.5,0.0105,,
1.713,454,215.3,17.5,0.012,,
1.7215,455,215.7,17.5,0.012,,
1.73,456,216.1,17.5,0.0105,,
1.7385,457,216.5,17.5,0.0105,,
1.747,458,216.9,17.5,0.0105,,
1.7545,459,217.3,17.5,0.0105,,
1.763,460,217.6,17.5,0.012,,
1.771,461,218,17.5,0.01,,
1.7795,462,218.4,17.5,0.0105,,
1.788,463,218.8,17.5,0.0105,,
1.7965,464,219.2,17.5,0.0105,,
1.804,465,219.4,17.5,0.0105,,
1.8125,466,219.8,17.5,0.012,,
1.821,467,220.1,17.5,0.0105,,
1.8295,468,220.5,17.5,0.0105,,
1.838,469,220.9,17.5,0.0105,,
1.8455,470,221.1,17.5,0.0105,,
1.854,471,221.5,17.5,0.012,,
1.862,472,221.8,17.5,0.0115,,
1.8705,473,222.2,17.5,0.0105,,
1.879,474,222.5,17.5,0.0105,,
1.8875,475,222.7,17.5,0.0105,,
1.896,476,223.1,17.5,0.012,,
1.9035,477,223.3,17.5,0.0105,,
1.912,478,223.7,17.5,0.012,,
1.9205,479,223.9,17.5,0.0105,,
1.9285,480,224.3,17.5,0.01,,
1.937,481,224.6,17.5,0.0105,,
1.9455,482,224.8,17.5,0.012,,
1.953,483,225.1,17.5,0.0105,,
1.9615,484,225.4,17.5,0.012,,
1.97,485,225.7,17.5,0.0105,,
1.9785,486,225.9,17.5,0.0105,,
1.987,487,226.2,17.5,0.0105,,
1.9945,488,226.4,17.5,0.0105,,
2.003,489,226.7,17.5,0.012,,
2.011,490,226.9,17.5,0.0115,,
2.0195,491,227.2,17.5,0.0105,,
2.028,492,227.5,17.5,0.0105,,
2.0365,493,227.8,17.5,0.0105,,
2.044,494,227.9,17.5,0.0105,,
2.0525,495,228.2,17.5,0.012,,
2.061,496,228.5,17.5,0.012,,
2.0695,497,228.8,17.5,0.0105,,
2.078,498,228.9,17.5,0.0105,,
2.086,499,229.2,17.5,0.01,,
2.0945,500,229.5,17.5,0.012,,
2.102,501,229.7,17.5,0.0105,,
2.1105,502,229.9,17.5,0.012,,
2.119,503,230.1,17.5,0.0105,,
2.1275,504,230.4,17.5,0.0105,,
2.136,505,230.6,17.5,0.0105,,
2.144,506,230.8,17.5,0.0115,,
2.152,507,231,17.5,0.0115,,
2.16,508,231.2,17.5,0.0115,,
2.1685,509,231.5,17.5,0.0105,,
2.177,510,231.7,17.5,0.0105,,
2.1855,511,231.9,17.5,0.0105,,
2.193,512,232.1,17.5,0.0105,,
2.2015,513,232.3,17.5,0.012,,
2.21,514,232.5,17.5,0.012,,
2.2185,515,232.7,17.6,0.0105,,
2.227,516,233,17.6,0.0105,,
2.235,517,233.2,17.6,0.01,,
2.243,518,233.3,17.6,0.0115,,
2.251,519,233.6,17.6,0.0115,,
2.2595,520,233.7,17.6,0.012,,
2.268,521,234,17.6,0.0105,,
2.2765,522,234.2,17.6,0.0105,,
2.2835,523,234.4,17.6,0.0085,,
2.29,524,234.5,17.6,0.0095,,
2.293,525,234.6,17.6,0.0045,,
2.2935,526,234.7,17.6,0.0005,,
2.2945,527,234.8,17.6,0.001,,
2.2955,528,234.8,17.6,0.001,,
2.2975,529,234.8,17.6,0.0025,,
2.3,530,234.9,17.6,0.0035,,
2.306,531,235,17.6,0.006,,
Scope 1/1, Sample 2/9 (H0_B),,,,,
Result,TitrationEP1,,,,,
V,t,E,T,dV/dt,E acc. stat.,Volume acc. stat.
0,0,-16.2,17.5,NaN,,
0.0005,1,-16.6,17.5,0.0005,,
0.0025,2,-16.6,17.5,0.002,,
0.005,3,-16.6,17.5,0.0025,,
0.009,4,-16.4,17.5,0.0035,,
0.015,5,-15.7,17.5,0.0055,,
0.0235,6,-14.5,17.5,0.0085,,
0.031,7,-12.3,17.5,0.0075,,
0.0395,8,-9.8,17.5,0.0085,,
0.048,9,-6.8,17.5,0.0075,,
0.0565,10,-3.7,17.5,0.0075,,
0.065,11,-0.1,17.5,0.0075,,
0.0725,12,2,17.5,0.0075,,
0.081,13,4.3,17.5,0.0085,,
0.0895,14,6.1,17.5,0.0085,,
0.098,15,7.8,17.5,0.0075,,
0.106,16,9.5,17.5,0.0075,,
0.1145,17,11,17.5,0.0075,,
0.123,18,12.1,17.5,0.0085,,
0.1305,19,13.4,17.5,0.0075,,
0.139,20,14.6,17.5,0.0085,,
0.1475,21,15.6,17.5,0.0075,,
0.156,22,16.5,17.5,0.0075,,
0.1645,23,17.4,17.5,0.0075,,
0.1725,24,18.1,17.5,0.008,,
0.1805,25,19,17.5,0.008,,
0.1885,26,19.9,17.5,0.008,,
0.197,27,20.6,17.5,0.0075,,
0.2055,28,21.4,17.5,0.0075,,
0.214,29,22.2,17.5,0.0075,,
0.2215,30,22.9,17.5,0.0075,,
0.23,31,23.6,17.5,0.0085,,
0.2385,32,24.2,17.5,0.0085,,
0.247,33,25,17.5,0.0075,,
0.255,34,25.8,17.5,0.0075,,
0.2635,35,26.6,17.5,0.0075,,
0.271,36,27.2,17.6,0.0075,,
0.2795,37,28.1,17.6,0.0085,,
0.288,38,28.8,17.6,0.0085,,
0.2965,39,29.6,17.6,0.0075,,
0.305,40,30.4,17.6,0.0075,,
0.3135,41,31,17.6,0.0075,,
0.3215,42,31.5,17.6,0.008,,
0.3295,43,32.2,17.6,0.008,,
0.3375,44,32.8,17.6,0.008,,
0.346,45,33.3,17.6,0.0075,,
0.3545,46,34,17.6,0.0075,,
0.363,47,34.6,17.6,0.0075,,
0.3705,48,35.2,17.6,0.0075,,
0.379,49,35.8,17.6,0.0085,,
0.3875,50,36.5,17.6,0.0085,,
0.396,51,37.2,17.6,0.0075,,
0.404,52,37.8,17.6,0.0075,,
0.4125,53,38.3,17.6,0.0075,,
0.42,54,38.8,17.6,0.0075,,
0.4285,55,39.4,17.6,0.0085,,
0.437,56,39.9,17.6,0.0085,,
0.4455,57,40.6,17.6,0.0075,,
0.454,58,41.2,17.6,0.0075,,
0.4625,59,42,17.6,0.0075,,
0.47,60,42.4,17.6,0.0075,,
0.4785,61,43.1,17.6,0.0085,,
0.487,62,43.6,17.6,0.0085,,
0.495,63,44.2,17.6,0.0075,,
0.5035,64,44.8,17.6,0.0075,,
0.512,65,45.3,17.6,0.0075,,
0.5195,66,45.9,17.6,0.0075,,
0.528,67,46.6,17.6,0.0085,,
0.5365,68,47.3,17.6,0.0085,,
0.545,69,48,17.6,0.0075,,
0.5535,70,48.7,17.6,0.0075,,
0.5615,71,49.4,17.6,0.0075,,
0.5695,72,49.9,17.6,0.008,,
0.5775,73,50.6,17.6,0.008,,
0.586,74,51.3,17.6,0.0085,,
0.5945,75,51.9,17.6,0.0075,,
0.603,76,52.5,17.6,0.0075,,
0.6115,77,53.1,17.6,0.0075,,
0.619,78,53.5,17.6,0.0075,,
0.6275,79,54.2,17.6,0.0085,,
0.636,80,54.8,17.6,0.0085,,
0.644,81,55.4,17.6,0.0075,,
0.6525,82,56,17.6,0.0075,,
0.661,83,56.7,17.6,0.0075,,
0.6685,84,57.3,17.6,0.0075,,
0.677,85,57.9,17.6,0.0085,,
0.6855,86,58.7,17.6,0.0085,,
0.694,87,59.2,17.6,0.0075,,
0.7025,88,59.8,17.6,0.0075,,
0.711,89,60.4,17.6,0.0075,,
0.7185,90,61,17.6,0.0075,,
0.7265,91,61.8,17.6,0.008,,
0.735,92,62.7,17.6,0.0085,,
0.7435,93,63.4,17.6,0.0075,,
0.752,94,64,17.6,0.0075,,
0.7605,95,64.5,17.6,0.0075,,
0.768,96,65.2,17.6,0.0075,,
0.7765,97,66,17.6,0.0085,,
0.785,98,66.8,17.6,0.0075,,
0.7935,99,67.5,17.6,0.0075,,
0.8015,100,68.1,17.6,0.0075,,
0.81,101,68.9,17.6,0.0075,,
0.8175,102,69.7,17.6,0.0075,,
0.826,103,70.3,17.6,0.0085,,
0.8345,104,71,17.6,0.0075,,
0.843,105,71.7,17.6,0.0075,,
0.8515,106,72.4,17.6,0.0075,,
0.859,107,73.2,17.6,0.0075,,
0.8675,108,74,17.7,0.0085,,
0.876,109,74.8,17.6,0.0085,,
0.8845,110,75.5,17.7,0.0075,,
0.8925,111,76.3,17.7,0.0075,,
0.901,112,76.9,17.7,0.0075,,
0.9085,113,77.8,17.7,0.0075,,
0.917,114,79.1,17.7,0.0085,,
0.9255,115,80.2,17.7,0.0085,,
0.934,116,81.1,17.7,0.0075,,
0.9425,117,82,17.7,0.0075,,
0.951,118,83.1,17.7,0.0075,,
0.9585,119,84,17.7,0.0075,,
0.967,120,85.1,17.7,0.0085,,
0.9755,121,85.7,17.7,0.0075,,
0.9835,122,86.7,17.7,0.0075,,
0.992,123,88,17.7,0.0075,,
1.0005,124,88.9,17.7,0.0075,,
1.008,125,90,17.7,0.0075,,
1.0165,126,91.2,17.7,0.0085,,
1.025,127,92.4,17.7,0.0075,,
1.0335,128,93.8,17.7,0.0075,,
1.042,129,95.2,17.7,0.0075,,
1.0505,130,96.4,17.7,0.0085,,
1.058,131,97.9,17.7,0.0075,,
1.0665,132,99.4,17.7,0.0085,,
1.0745,133,100.8,17.7,0.0075,,
1.083,134,102,17.7,0.0075,,
1.0915,135,103.6,17.7,0.0075,,
1.099,136,105.3,17.7,0.0075,,
1.1075,137,106.9,17.7,0.0085,,
1.116,138,109,17.7,0.0085,,
1.1245,139,111.2,17.7,0.0075,,
1.133,140,113.3,17.7,0.0075,,
1.141,141,115.1,17.7,0.0075,,
1.149,142,117.2,17.7,0.008,,
1.157,143,119.8,17.7,0.008,,
1.1655,144,122.5,17.7,0.0085,,
1.174,145,125,17.7,0.0075,,
1.1825,146,127.8,17.7,0.0075,,
1.191,147,130.9,17.7,0.0075,,
1.1985,148,133.1,17.7,0.0075,,
1.207,149,136.6,17.7,0.0085,,
1.2155,150,140,17.7,0.0085,,
1.2235,151,143.5,17.7,0.0075,,
1.232,152,146.8,17.7,0.0075,,
1.2405,153,149.7,17.7,0.0075,,
1.249,154,152.4,17.7,0.0085,,
1.2565,155,155.4,17.7,0.0075,,
1.265,156,158.6,17.7,0.0085,,
1.2735,157,161.2,17.7,0.0075,,
1.282,158,163.7,17.7,0.0075,,
1.29,159,166.1,17.7,0.0075,,
1.298,160,168.3,17.7,0.008,,
1.306,161,170.5,17.7,0.008,,
1.3145,162,172.3,17.7,0.0085,,
1.323,163,174.4,17.7,0.0075,,
1.3315,164,176.2,17.7,0.0075,,
1.34,165,177.8,17.7,0.0075,,
1.3485,166,179.4,17.7,0.0085,,
1.356,167,181.1,17.7,0.0075,,
1.3645,168,182.6,17.7,0.0085,,
1.3725,169,184,17.7,0.0075,,
1.3815,170,185,17.7,0.0075,,
1.3815,410,190.7,17.9,0,,
1.382,411,190.6,17.9,0.0005,,
1.3835,412,190.6,17.9,0.001,,
1.386,413,190.8,17.9,0.002,,
1.39,414,191,17.9,0.003,,
1.3965,415,191.5,17.9,0.0045,,
1.405,416,192.2,17.9,0.006,,
1.4125,417,193,17.9,0.006,,
1.421,418,194,17.9,0.0065,,
1.4295,419,194.9,17.9,0.0065,,
1.4375,420,195.8,17.9,0.0055,,
1.446,421,196.6,17.9,0.006,,
1.4545,422,197.5,17.9,0.006,,
1.462,423,198.1,17.9,0.006,,
1.4705,424,199.1,17.9,0.0065,,
1.479,425,199.8,17.9,0.0065,,
1.4875,426,200.6,17.9,0.006,,
1.496,427,201.3,17.9,0.006,,
1.504,428,202,18,0.0055,,
1.512,429,202.6,18,0.006,,
1.52,430,203.4,18,0.006,,
1.5285,431,204,18,0.0065,,
1.537,432,204.7,17.9,0.006,,
1.5455,433,205.4,18,0.006,,
1.554,434,206,18,0.006,,
1.5615,435,206.6,18,0.006,,
1.57,436,207.2,18,0.0065,,
1.5785,437,207.7,18,0.006,,
1.587,438,208.3,18,0.006,,
1.595,439,208.8,18,0.0055,,
1.6035,440,209.2,18,0.0065,,
1.611,441,209.8,18,0.006,,
1.6195,442,210.3,18,0.0065,,
1.628,443,210.8,18,0.006,,
1.6365,444,211.3,18,0.006,,
1.645,445,211.8,18,0.006,,
1.6535,446,212.2,18,0.0065,,
1.661,447,212.7,18,0.006,,
1.6695,448,213.2,18,0.0065,,
1.678,449,213.6,18,0.006,,
1.686,450,214.1,18,0.0055,,
1.6945,451,214.7,18,0.006,,
1.703,452,215,18,0.0065,,
1.7105,453,215.4,18,0.006,,
1.719,454,215.8,18,0.0065,,
1.7275,455,216.2,18,0.006,,
1.736,456,216.7,18,0.006,,
1.7445,457,217.2,18,0.006,,
1.752,458,217.4,18,0.006,,
1.7605,459,217.8,18,0.0065,,
1.7685,460,218.2,18,0.006,,
1.777,461,218.5,18,0.006,,
1.7855,462,219,18,0.006,,
1.794,463,219.3,18,0.006,,
1.8025,464,219.6,18,0.0065,,
1.81,465,220,18,0.006,,
1.8185,466,220.3,18,0.0065,,
1.827,467,220.7,18,0.006,,
1.835,468,221,18,0.0055,,
1.8435,469,221.4,18,0.006,,
1.851,470,221.7,18,0.006,,
1.8595,471,222,18,0.0065,,
1.868,472,222.4,18,0.0065,,
1.8765,473,222.7,18,0.006,,
1.885,474,223,18,0.006,,
1.8935,475,223.3,18,0.006,,
1.901,476,223.6,18,0.006,,
1.9095,477,223.9,18,0.0065,,
1.918,478,224.2,18,0.0065,,
1.926,479,224.5,18,0.0055,,
1.9345,480,224.8,18,0.006,,
1.943,481,225.1,18,0.0065,,
1.9505,482,225.3,18,0.006,,
1.959,483,225.6,18,0.0065,,
1.9675,484,225.9,18,0.006,,
1.976,485,226.1,18,0.006,,
1.9845,486,226.4,18,0.006,,
1.992,487,226.7,18,0.006,,
2.0005,488,227,18,0.0065,,
2.009,489,227.3,18,0.0065,,
2.0175,490,227.5,18,0.006,,
2.0255,491,227.8,18,0.0055,,
2.034,492,228,18,0.006,,
2.0415,493,228.3,18,0.006,,
2.05,494,228.5,18,0.0065,,
2.0585,495,228.8,18,0.006,,
2.067,496,229,18,0.006,,
2.0755,497,229.2,18,0.006,,
2.084,498,229.5,18,0.006,,
2.0915,499,229.7,18,0.006,,
2.1,500,229.9,18,0.0065,,
2.1085,501,230.2,18,0.006,,
2.1165,502,230.4,18,0.0055,,
2.125,503,230.6,18,0.006,,
2.1335,504,230.9,18,0.006,,
2.141,505,231.1,18,0.006,,
2.1495,506,231.3,18,0.0065,,
2.158,507,231.5,18,0.006,,
2.1665,508,231.8,18,0.006,,
2.175,509,232,18,0.006,,
2.191,511,232.4,18,0.006,,
2.199,512,232.5,18,0.006,,
2.2075,513,232.8,18,0.006,,
2.216,514,233,18,0.006,,
2.2245,515,233.3,18,0.006,,
2.233,516,233.4,18,0.0065,,
2.2405,517,233.7,18,0.006,,
2.249,518,233.9,18,0.0065,,
2.2575,519,234.1,18,0.006,,
2.265,520,234.3,18,0.0055,,
2.2715,521,234.5,18,0.0045,,
2.276,522,234.5,18.1,0.0035,,
2.2785,523,234.6,18.1,0.002,,
2.2815,524,234.7,18.1,0.0025,,
2.2845,525,234.9,18.1,0.002,,
2.2885,526,235,18.1,0.003,,
Scope 1/1, Sample 3/9 (H1_T),,,,,
Result,TitrationEP1,,,,,
V,t,E,T,dV/dt,E acc. stat.,Volume acc. stat.
0,0,-41.8,17.8,NaN,,
0.001,1,-42.2,17.8,0.001,,
0.0025,2,-42.3,17.8,0.0015,,
0.005,3,-42.3,17.8,0.0025,,
0.009,4,-42.1,17.8,0.0035,,
0.015,5,-41.8,17.8,0.0055,,
0.0235,6,-41,17.8,0.0075,,
0.032,7,-39.8,17.8,0.0075,,
0.0405,8,-38.4,17.8,0.0075,,
0.049,9,-36.9,17.8,0.0075,,
0.0565,10,-34.8,17.8,0.007,,
0.065,11,-32.8,17.8,0.0075,,
0.0735,12,-30.6,17.8,0.0075,,
0.0815,13,-28.2,17.8,0.0075,,
0.09,14,-25.5,17.8,0.0075,,
0.098,15,-22.9,17.8,0.0075,,
0.106,16,-19.6,17.8,0.0075,,
0.1145,17,-16.4,17.8,0.0075,,
0.123,18,-12.8,17.8,0.0075,,
0.1315,19,-9.5,17.8,0.0075,,
0.14,20,-6.1,17.8,0.0075,,
0.1475,21,-3.4,17.8,0.007,,
0.156,22,-0.2,17.8,0.0075,,
0.1645,23,1.6,17.8,0.0075,,
0.1725,24,3.4,17.8,0.0075,,
0.181,25,5.1,17.8,0.0075,,
0.1895,26,6.6,17.8,0.0075,,
0.197,27,7.6,17.8,0.007,,
0.2055,28,9.1,17.8,0.0075,,
0.214,29,10.4,17.8,0.0075,,
0.2225,30,11.7,17.8,0.0075,,
0.231,31,13,17.8,0.0075,,
0.239,32,14.3,17.8,0.0075,,
0.247,33,15.3,17.8,0.0075,,
0.255,34,16.3,17.8,0.0075,,
0.2635,35,17.3,17.8,0.0075,,
0.272,36,18.2,17.8,0.0075,,
0.2805,37,19.1,17.8,0.0075,,
0.289,38,20,17.8,0.0075,,
0.2965,39,20.6,17.8,0.007,,
0.305,40,21.5,17.8,0.0075,,
0.3135,41,22.3,17.8,0.0075,,
0.322,42,23,17.8,0.0075,,
0.33,43,23.8,17.8,0.0075,,
0.3385,44,24.6,17.8,0.0075,,
0.346,45,25.3,17.8,0.007,,
0.3545,46,26.2,17.8,0.0075,,
0.363,47,26.9,17.8,0.0075,,
0.3715,48,27.7,17.8,0.0075,,
0.38,49,28.4,17.8,0.0075,,
0.3885,50,29,17.8,0.0085,,
0.396,51,29.6,17.8,0.007,,
0.4045,52,30.3,17.8,0.0075,,
0.4125,53,31,17.8,0.0075,,
0.421,54,31.8,17.8,0.0075,,
0.4295,55,32.5,17.8,0.0075,,
0.438,56,33.2,17.8,0.0085,,
0.4455,57,33.8,17.8,0.007,,
0.454,58,34.5,17.8,0.0075,,
0.4625,59,35.2,17.8,0.0075,,
0.471,60,36,17.8,0.0075,,
0.4795,61,36.7,17.8,0.0075,,
0.487,62,37.3,17.8,0.007,,
0.4955,63,38,17.9,0.0075,,
0.5035,64,38.8,17.8,0.0075,,
0.512,65,39.5,17.9,0.0075,,
0.5205,66,40.2,17.9,0.0075,,
0.529,67,40.9,17.9,0.0075,,
0.5365,68,41.6,17.9,0.007,,
0.545,69,42.3,17.9,0.0075,,
0.5535,70,43,17.9,0.0075,,
0.562,71,43.8,17.9,0.0075,,
0.57,72,44.6,17.9,0.0075,,
0.5785,73,45.3,17.9,0.0075,,
0.586,74,46,17.9,0.007,,
0.5945,75,46.5,17.9,0.0075,,
0.603,76,47.2,17.9,0.0075,,
0.6115,77,47.7,17.9,0.0075,,
0.62,78,48.4,17.9,0.0075,,
0.6285,79,49,17.9,0.0075,,
0.636,80,49.6,17.9,0.007,,
0.6445,81,50.5,17.9,0.0075,,
0.6525,82,51.3,17.9,0.0075,,
0.661,83,51.9,17.9,0.0075,,
0.6695,84,52.5,17.9,0.0075,,
0.678,85,53.2,17.9,0.0075,,
0.6855,86,53.9,17.9,0.007,,
0.694,87,54.5,17.9,0.0075,,
0.7025,88,55.2,17.9,0.0075,,
0.711,89,56.1,17.9,0.0075,,
0.7195,90,56.8,17.9,0.0075,,
0.7275,91,57.6,17.9,0.0075,,
0.7355,92,58.2,17.9,0.0075,,
0.7435,93,58.9,17.9,0.0075,,
0.752,94,59.5,17.9,0.0075,,
0.7605,95,60.3,17.9,0.0075,,
0.769,96,61.1,17.9,0.0075,,
0.7775,97,61.9,17.9,0.0075,,
0.785,98,62.4,17.9,0.007,,
0.7935,99,63.2,17.9,0.0075,,
0.802,100,64.1,17.9,0.0075,,
0.8105,101,64.9,17.9,0.0075,,
0.8185,102,65.6,17.9,0.0075,,
0.827,103,66.1,17.9,0.0085,,
0.8345,104,67,17.9,0.007,,
0.843,105,67.8,17.9,0.0075,,
0.8515,106,68.6,17.9,0.0075,,
0.86,107,69.4,17.9,0.0075,,
0.8685,108,70.4,17.9,0.0075,,
0.876,109,71,17.9,0.007,,
0.8845,110,71.9,17.9,0.0075,,
0.893,111,72.7,17.9,0.0075,,
0.9015,112,73.5,17.9,0.0075,,
0.9095,113,74.4,17.9,0.0075,,
0.918,114,75.4,17.9,0.0075,,
0.9255,115,76.2,17.9,0.007,,
0.934,116,77.2,17.9,0.0075,,
0.9425,117,78.3,17.9,0.0075,,
0.951,118,79.3,17.9,0.0075,,
0.9595,119,80.3,17.9,0.0075,,
0.968,120,81.5,17.9,0.0075,,
0.9755,121,82.2,17.9,0.007,,
0.984,122,83.1,17.9,0.0075,,
0.9925,123,84.5,17.9,0.0075,,
1.0005,124,85.9,17.9,0.0075,,
1.009,125,87.1,17.9,0.0075,,
1.0165,126,88.2,17.9,0.007,,
1.025,127,89.3,17.9,0.0075,,
1.0335,128,90.6,17.9,0.0075,,
1.042,129,91.8,17.9,0.0075,,
1.0505,130,93,17.9,0.0075,,
1.059,131,94.6,17.9,0.0075,,
1.067,132,95.9,17.9,0.0075,,
1.075,133,97.6,17.9,0.0075,,
1.083,134,99.2,17.9,0.0075,,
1.0915,135,100.8,17.9,0.0075,,
1.1,136,102.5,17.9,0.0075,,
1.1085,137,104.1,17.9,0.0075,,
1.116,138,105.8,17.9,0.007,,
1.1245,139,107.5,17.9,0.0075,,
1.133,140,109.8,17.9,0.0075,,
1.1415,141,112.2,17.9,0.0075,,
1.1495,142,114.4,17.9,0.0075,,
1.158,143,117,17.9,0.0075,,
1.1655,144,119.4,17.9,0.007,,
1.174,145,122.5,17.9,0.0075,,
1.1825,146,125.4,17.9,0.0075,,
1.191,147,128.2,17.9,0.0075,,
1.1995,148,131.3,17.9,0.0075,,
1.208,149,134.4,17.9,0.0075,,
1.2155,150,137.7,18,0.007,,
1.224,151,141.1,17.9,0.0075,,
1.2325,152,144.6,18,0.0075,,
1.2405,153,147.8,18,0.0075,,
1.249,154,151.4,18,0.0075,,
1.2575,155,154.4,18,0.0075,,
1.265,156,157.2,18,0.007,,
1.2735,157,160,18,0.0075,,
1.282,158,162.6,18,0.0075,,
1.2905,159,165.2,18,0.0075,,
1.299,160,167.5,18,0.0075,,
1.307,161,169.8,18,0.0075,,
1.315,162,171.5,18,0.0075,,
1.323,163,173.6,18,0.0075,,
1.3315,164,175.5,18,0.0075,,
1.34,165,177.3,18,0.0075,,
1.3485,166,179,18,0.0075,,
1.357,167,180.7,18,0.0075,,
1.3645,168,182.1,18,0.007,,
1.373,169,183.6,18,0.0075,,
1.3835,170,185.1,18,0.0075,,
1.3835,410,190.6,18.2,0,,
1.384,412,190.6,18.2,0.0005,,
1.3855,412,190.7,18.2,0.003,,
1.388,414,190.8,18.2,0.0015,,
1.392,415,191.1,18.2,0.0065,,
1.398,416,191.5,18.2,0.01,,
1.4065,417,192.2,18.2,0.014,,
1.414,418,193,18.2,0.015,,
1.4225,418,194,18.2,0.017,,
1.431,420,194.9,18.2,0.0055,,
1.439,421,195.9,18.2,0.0135,,
1.4475,422,196.7,18.2,0.014,,
1.456,423,197.5,18.2,0.014,,
1.4635,424,198.3,18.2,0.015,,
1.472,424,199,18.2,0.017,,
1.4805,426,199.8,18.2,0.0055,,
1.489,427,200.6,18.2,0.014,,
1.4975,428,201.4,18.2,0.014,,
1.506,429,202.1,18.2,0.014,,
1.5135,430,202.7,18.2,0.015,,
1.522,430,203.4,18.2,0.017,,
1.53,432,204,18.2,0.0055,,
1.5385,433,204.7,18.2,0.014,,
1.547,434,205.4,18.2,0.014,,
1.5555,435,205.9,18.2,0.014,,
1.563,436,206.5,18.2,0.015,,
1.5715,436,207.1,18.2,0.017,,
1.58,438,207.7,18.2,0.0055,,
1.5885,439,208.3,18.2,0.014,,
1.597,440,208.8,18.2,0.014,,
1.605,440,209.3,18.2,0.016,,
1.6125,442,209.9,18.2,0.005,,
1.621,442,210.4,18.2,0.017,,
1.6295,444,211,18.2,0.0055,,
1.638,445,211.5,18.2,0.014,,
1.6465,446,212,18.2,0.014,,
1.655,447,212.5,18.2,0.014,,
1.6625,448,212.9,18.2,0.015,,
1.671,448,213.4,18.2,0.017,,
1.679,450,213.8,18.2,0.0055,,
1.6875,451,214.2,18.2,0.014,,
1.696,452,214.7,18.2,0.014,,
1.7045,453,215.1,18.2,0.014,,
1.712,454,215.5,18.2,0.015,,
1.7205,454,215.9,18.2,0.017,,
1.729,456,216.4,18.2,0.0055,,
1.7375,457,216.7,18.2,0.014,,
1.746,458,217.2,18.2,0.014,,
1.754,459,217.6,18.2,0.0135,,
1.7615,460,217.9,18.2,0.015,,
1.77,460,218.3,18.2,0.017,,
1.7785,462,218.7,18.2,0.0055,,
1.787,463,219.1,18.2,0.014,,
1.7955,464,219.4,18.2,0.014,,
1.804,464,219.8,18.2,0.017,,
1.8115,466,220.1,18.2,0.005,,
1.82,466,220.5,18.2,0.017,,
1.8285,468,220.8,18.2,0.0055,,
1.8365,469,221.2,18.2,0.0135,,
1.845,470,221.4,18.2,0.014,,
1.8535,470,221.8,18.2,0.017,,
1.861,472,222.1,18.2,0.005,,
1.8695,472,222.4,18.2,0.017,,
1.878,474,222.8,18.2,0.0055,,
1.8865,475,223,18.2,0.014,,
1.895,476,223.4,18.2,0.014,,
1.9025,476,223.6,18.2,0.015,,
1.911,478,223.9,18.2,0.0055,,
1.9195,478,224.3,18.2,0.017,,
1.9275,480,224.5,18.2,0.005,,
1.936,481,224.8,18.2,0.014,,
1.9445,482,225.1,18.2,0.014,,
1.952,482,225.4,18.2,0.015,,
1.9605,484,225.7,18.2,0.0055,,
1.969,484,226,18.2,0.017,,
1.9775,486,226.2,18.2,0.0055,,
1.986,487,226.5,18.2,0.014,,
1.994,488,226.8,18.2,0.0135,,
2.002,488,227.1,18.2,0.016,,
2.01,490,227.3,18.2,0.0055,,
2.0185,490,227.5,18.2,0.017,,
2.027,492,227.8,18.2,0.0055,,
2.0355,493,228.1,18.2,0.014,,
2.044,494,228.3,18.2,0.017,,
2.0515,494,228.6,18.2,0.015,,
2.06,496,228.8,18.2,0.0055,,
2.0685,497,229.1,18.2,0.014,,
2.077,498,229.3,18.2,0.014,,
2.0855,499,229.6,18.2,0.014,,
2.0935,500,229.8,18.2,0.016,,
2.101,500,230,18.2,0.015,,
2.1095,502,230.2,18.2,0.0055,,
2.118,503,230.5,18.2,0.014,,
2.1265,504,230.7,18.2,0.014,,
2.135,505,231,18.2,0.014,,
2.1435,506,231.2,18.2,0.017,,
2.151,506,231.4,18.2,0.015,,
2.1595,508,231.6,18.3,0.0055,,
2.168,509,231.9,18.2,0.014,,
2.176,510,232,18.2,0.0135,,
2.193,512,232.5,18.2,0.017,,
2.2005,512,232.6,18.3,0.015,,
2.209,514,232.9,18.3,0.0055,,
2.2175,515,233.1,18.3,0.014,,
2.226,516,233.4,18.3,0.014,,
2.2345,517,233.5,18.3,0.014,,
2.2425,518,233.7,18.3,0.016,,
2.2505,518,233.9,18.3,0.016,,
2.2585,520,234.1,18.3,0.0055,,
2.267,521,234.3,18.3,0.014,,
2.2715,522,234.5,18.3,0.0075,,
2.272,523,234.6,18.3,0.001,,
2.2725,524,234.6,18.3,0.001,,
2.274,524,234.6,18.3,0.003,,
2.276,526,234.7,18.3,0.0015,,
2.2785,527,234.7,18.3,0.004,,
2.283,528,234.8,18.3,0.0075,,
2.288,529,235,18.3,0.0085,,
Scope 1/1, Sample 4/9 (H1_B),,,,,
Result,TitrationEP1,,,,,
V,t,E,T,dV/dt,E acc. stat.,Volume acc. stat.
0,0,-41.7,18.1,NaN,,
0.0005,1,-42.1,18.1,0.0005,,
0.0025,2,-42.2,18.1,0.002,,
0.005,3,-42.2,18.1,0.0025,,
0.009,4,-42.1,18.1,0.0035,,
0.015,5,-41.7,18.1,0.0055,,
0.0235,6,-41,18.1,0.0085,,
0.031,7,-39.8,18.1,0.0075,,
0.0395,8,-38.3,18.1,0.0085,,
0.048,9,-36.7,18.1,0.0075,,
0.0565,10,-34.9,18.1,0.0075,,
0.065,11,-32.9,18.1,0.0075,,
0.0735,12,-30.9,18.1,0.0085,,
0.081,13,-28.5,18.1,0.0075,,
0.0895,14,-25.9,18.1,0.0085,,
0.098,15,-22.8,18.1,0.0075,,
0.1065,16,-19.8,18.1,0.0075,,
0.1145,17,-16.3,18.1,0.0075,,
0.122,18,-13.2,18.1,0.0075,,
0.1305,19,-10,18.1,0.0085,,
0.139,20,-6.7,18.1,0.0085,,
0.1475,21,-3.8,18.1,0.0075,,
0.156,22,-0.3,18.1,0.0075,,
0.1645,23,1.3,18.1,0.0075,,
0.172,24,3,18.1,0.0075,,
0.1805,25,4.9,18.1,0.0085,,
0.189,26,6.5,18.1,0.0085,,
0.197,27,7.8,18.1,0.0075,,
0.2055,28,9.3,18.1,0.0075,,
0.214,29,10.6,18.1,0.0075,,
0.2215,30,11.8,18.1,0.0075,,
0.23,31,13.1,18.2,0.0085,,
0.2385,32,14.4,18.2,0.0085,,
0.247,33,15.4,18.1,0.0075,,
0.255,34,16.3,18.2,0.0075,,
0.2635,35,17.1,18.2,0.0075,,
0.272,36,17.9,18.2,0.0085,,
0.2795,37,18.8,18.2,0.0075,,
0.288,38,19.7,18.2,0.0085,,
0.2965,39,20.4,18.2,0.0075,,
0.305,40,21.2,18.2,0.0075,,
0.3135,41,22,18.2,0.0075,,
0.321,42,22.8,18.2,0.0075,,
0.3295,43,23.6,18.2,0.0085,,
0.338,44,24.4,18.2,0.0085,,
0.346,45,25.3,18.2,0.0075,,
0.3545,46,26,18.2,0.0075,,
0.363,47,26.7,18.2,0.0075,,
0.3705,48,27.5,18.2,0.0075,,
0.379,49,28.2,18.2,0.0085,,
0.3875,50,28.8,18.2,0.0075,,
0.396,51,29.6,18.2,0.0075,,
0.4045,52,30.5,18.2,0.0075,,
0.413,53,31.3,18.2,0.0075,,
0.4205,54,32,18.2,0.0075,,
0.4285,55,32.7,18.2,0.008,,
0.437,56,33.5,18.2,0.0075,,
0.4455,57,34.3,18.2,0.0075,,
0.454,58,35.1,18.2,0.0075,,
0.4625,59,35.8,18.2,0.0085,,
0.47,60,36.4,18.2,0.0075,,
0.4785,61,37,18.2,0.0085,,
0.487,62,37.7,18.2,0.0075,,
0.4955,63,38.4,18.2,0.0075,,
0.504,64,39.1,18.2,0.0075,,
0.5115,65,39.7,18.2,0.0075,,
0.52,66,40.4,18.2,0.0085,,
0.528,67,41.1,18.2,0.008,,
0.5365,68,41.8,18.2,0.0075,,
0.545,69,42.5,18.2,0.0075,,
0.5535,70,43.3,18.2,0.0075,,
0.561,71,43.9,18.2,0.0075,,
0.5695,72,44.6,18.2,0.0085,,
0.578,73,45.2,18.2,0.0085,,
0.5865,74,45.9,18.2,0.0075,,
0.5945,75,46.6,18.2,0.0075,,
0.603,76,47.4,18.2,0.0075,,
0.6105,77,48.1,18.2,0.0075,,
0.619,78,48.9,18.2,0.0085,,
0.6275,79,49.6,18.2,0.0085,,
0.636,80,50.2,18.2,0.0075,,
0.6445,81,50.8,18.2,0.0075,,
0.653,82,51.5,18.2,0.0075,,
0.6605,83,52,18.2,0.0075,,
0.669,84,52.7,18.2,0.0085,,
0.677,85,53.4,18.2,0.008,,
0.6855,86,54.1,18.2,0.0075,,
0.694,87,54.8,18.2,0.0075,,
0.7025,88,55.5,18.2,0.0075,,
0.71,89,56,18.2,0.0075,,
0.7185,90,56.8,18.2,0.0085,,
0.727,91,57.5,18.2,0.0085,,
0.7355,92,58.2,18.2,0.0075,,
0.7435,93,59.2,18.2,0.0075,,
0.752,94,60,18.2,0.0075,,
0.76,95,60.5,18.2,0.008,,
0.768,96,61.2,18.2,0.0075,,
0.7765,97,61.9,18.2,0.0085,,
0.785,98,62.5,18.2,0.0075,,
0.7935,99,63.5,18.2,0.0075,,
0.802,100,64.2,18.2,0.0075,,
0.8095,101,64.7,18.2,0.0075,,
0.818,102,65.6,18.2,0.0085,,
0.8265,103,66.5,18.2,0.0085,,
0.8345,104,67.5,18.2,0.0075,,
0.843,105,68.2,18.2,0.0075,,
0.8515,106,68.9,18.2,0.0075,,
0.859,107,69.6,18.2,0.0075,,
0.8675,108,70.5,18.2,0.0085,,
0.876,109,71.5,18.2,0.0085,,
0.8845,110,72.3,18.2,0.0075,,
0.8925,111,73.1,18.2,0.0075,,
0.901,112,74,18.2,0.0075,,
0.9085,113,75.3,18.2,0.0075,,
0.917,114,76.5,18.2,0.0085,,
0.9255,115,77.3,18.2,0.0085,,
0.934,116,77.9,18.2,0.0075,,
0.9425,117,78.8,18.2,0.0075,,
0.951,118,79.7,18.2,0.0075,,
0.9585,119,80.8,18.2,0.0075,,
0.967,120,81.9,18.2,0.0085,,
0.9755,121,83,18.2,0.0085,,
0.9835,122,84.2,18.2,0.0075,,
0.992,123,85.4,18.2,0.0075,,
1.0005,124,86.5,18.2,0.0075,,
1.008,125,87.6,18.2,0.0075,,
1.0165,126,88.7,18.2,0.0085,,
1.025,127,89.9,18.2,0.0085,,
1.0335,128,91.3,18.2,0.0075,,
1.042,129,92.6,18.3,0.0075,,
1.05,130,94.3,18.3,0.0075,,
1.058,131,95.5,18.3,0.008,,
1.066,132,96.8,18.3,0.008,,
1.0745,133,97.9,18.3,0.0085,,
1.083,134,99.3,18.3,0.0075,,
1.0915,135,101.1,18.3,0.0075,,
1.1,136,102.7,18.3,0.0075,,
1.1075,137,104.6,18.3,0.0075,,
1.116,138,107,18.3,0.0085,,
1.1245,139,109.1,18.3,0.0085,,
1.1325,140,111.4,18.3,0.0075,,
1.141,141,113.7,18.3,0.0075,,
1.1495,142,116.1,18.3,0.0075,,
1.157,143,118.4,18.3,0.0075,,
1.1655,144,121,18.3,0.0085,,
1.174,145,123.9,18.3,0.0085,,
1.1825,146,127.2,18.3,0.0075,,
1.191,147,130.2,18.3,0.0075,,
1.199,148,133.4,18.3,0.0075,,
1.207,149,136.7,18.3,0.008,,
1.215,150,139.9,18.3,0.008,,
1.2235,151,143.2,18.3,0.0085,,
1.232,152,146.8,18.3,0.0075,,
1.2405,153,150.2,18.3,0.0075,,
1.249,154,153.6,18.3,0.0075,,
1.2565,155,156.1,18.3,0.0075,,
1.265,156,159.1,18.3,0.0085,,
1.2735,157,161.8,18.3,0.0085,,
1.282,158,164.5,18.3,0.0075,,
1.29,159,166.9,18.3,0.0075,,
1.2985,160,169.2,18.3,0.0075,,
1.306,161,171,18.3,0.0075,,
1.3145,162,173.1,18.3,0.0085,,
1.323,163,175,18.3,0.0075,,
1.3315,164,176.8,18.3,0.0075,,
1.34,165,178.6,18.3,0.0075,,
1.3485,166,180.1,18.3,0.0085,,
1.356,167,181.7,18.3,0.0075,,
1.3645,168,183.2,18.3,0.0085,,
1.373,169,184.7,18.3,0.0075,,
1.3775,170,185.1,18.3,0.0065,,
1.3775,410,190.8,18.5,0,,
1.378,411,190.9,18.5,0.0005,,
1.3795,412,190.9,18.5,0.002,,
1.382,413,190.9,18.5,0.003,,
1.3865,414,191.2,18.5,0.005,,
1.3925,415,191.7,18.5,0.0065,,
1.401,416,192.5,18.5,0.0095,,
1.4085,417,193.3,18.5,0.0095,,
1.417,418,194.2,18.5,0.0105,,
1.4255,419,195.1,18.5,0.0095,,
1.434,420,196,18.5,0.0095,,
1.4425,421,196.9,18.5,0.0095,,
1.45,422,197.7,18.5,0.0095,,
1.4585,423,198.6,18.5,0.0105,,
1.4665,424,199.4,18.5,0.01,,
1.475,425,200.1,18.5,0.0095,,
1.4835,426,200.9,18.5,0.0095,,
1.492,427,201.6,18.5,0.0095,,
1.4995,428,202.3,18.5,0.0095,,
1.508,429,203,18.5,0.0105,,
1.5165,430,203.7,18.5,0.0105,,
1.525,431,204.3,18.5,0.0095,,
1.533,432,205,18.5,0.009,,
1.5415,433,205.7,18.5,0.0095,,
1.549,434,206.3,18.5,0.0095,,
1.5575,435,206.9,18.5,0.0105,,
1.566,436,207.5,18.5,0.0105,,
1.5745,437,208,18.5,0.0095,,
1.583,438,208.5,18.5,0.0095,,
1.5915,439,209.2,18.5,0.0095,,
1.599,440,209.7,18.5,0.0095,,
1.6075,441,210.2,18.5,0.0105,,
1.616,442,210.6,18.5,0.0105,,
1.624,443,211.3,18.5,0.009,,
1.6325,444,211.8,18.5,0.0095,,
1.641,445,212.2,18.5,0.0095,,
1.6485,446,212.7,18.5,0.0095,,
1.657,447,213.2,18.5,0.0105,,
1.6655,448,213.6,18.5,0.0105,,
1.674,449,214.1,18.5,0.0095,,
1.6825,450,214.5,18.5,0.0095,,
1.6905,451,214.9,18.5,0.009,,
1.6985,452,215.4,18.5,0.01,,
1.7065,453,215.8,18.5,0.01,,
1.715,454,216.2,18.5,0.0105,,
1.7235,455,216.6,18.5,0.0095,,
1.732,456,217.1,18.5,0.0095,,
1.7405,457,217.4,18.5,0.0105,,
1.748,458,217.8,18.5,0.0095,,
1.7565,459,218.2,18.5,0.0105,,
1.765,460,218.6,18.5,0.0095,,
1.7735,461,219,18.5,0.0095,,
1.7815,462,219.3,18.5,0.009,,
1.79,463,219.7,18.5,0.0105,,
1.7975,464,220.1,18.5,0.0095,,
1.806,465,220.4,18.5,0.0105,,
1.8145,466,220.7,18.5,0.0095,,
1.823,467,221.1,18.5,0.0095,,
1.8315,468,221.5,18.5,0.0095,,
1.84,469,221.8,18.5,0.0105,,
1.8475,470,222.1,18.5,0.0095,,
1.856,471,222.4,18.5,0.0105,,
1.864,472,222.7,18.5,0.009,,
1.8725,473,223.1,18.5,0.0095,,
1.881,474,223.4,18.5,0.0095,,
1.8895,475,223.6,18.5,0.0105,,
1.897,476,224,18.5,0.0095,,
1.9055,477,224.3,18.5,0.0105,,
1.914,478,224.6,18.5,0.0095,,
1.9225,479,224.9,18.5,0.0095,,
1.9305,480,225.1,18.5,0.009,,
1.939,481,225.4,18.5,0.0105,,
1.9465,482,225.7,18.5,0.0095,,
1.955,483,226,18.5,0.0105,,
1.9635,484,226.3,18.5,0.0095,,
1.972,485,226.6,18.5,0.0095,,
1.9805,486,226.9,18.5,0.0095,,
1.989,487,227.1,18.5,0.0105,,
1.9965,488,227.3,18.5,0.0095,,
2.005,489,227.6,18.5,0.0105,,
2.013,490,227.8,18.5,0.009,,
2.0215,491,228.1,18.5,0.0095,,
2.03,492,228.4,18.5,0.0095,,
2.0385,493,228.7,18.5,0.0105,,
2.046,494,228.9,18.5,0.0095,,
2.0545,495,229.2,18.5,0.0105,,
2.063,496,229.4,18.5,0.0095,,
2.0715,497,229.7,18.5,0.0095,,
2.0795,498,229.9,18.5,0.009,,
2.088,499,230.1,18.5,0.0105,,
2.0955,500,230.4,18.5,0.0095,,
2.104,501,230.6,18.5,0.0105,,
2.1125,502,230.8,18.5,0.0095,,
2.121,503,231.1,18.5,0.0095,,
2.1295,504,231.3,18.5,0.0095,,
2.137,505,231.5,18.5,0.0095,,
2.1455,506,231.7,18.5,0.0105,,
2.154,507,232,18.5,0.0105,,
2.1625,508,232.2,18.5,0.0095,,
2.1705,509,232.5,18.5,0.009,,
2.1875,511,232.8,18.5,0.0105,,
2.195,512,233.1,18.5,0.0095,,
2.2035,513,233.3,18.5,0.0105,,
2.212,514,233.5,18.5,0.0095,,
2.2205,515,233.7,18.5,0.0095,,
2.229,516,233.9,18.5,0.0095,,
2.2365,517,234.1,18.5,0.0095,,
2.2445,518,234.3,18.5,0.01,,
2.2495,519,234.5,18.5,0.006,,
2.2505,520,234.6,18.5,0.001,,
2.2515,521,234.6,18.5,0.001,,
2.253,522,234.7,18.5,0.0015,,
2.255,523,234.7,18.5,0.0025,,
2.258,524,234.8,18.5,0.0035,,
2.263,525,234.9,18.5,0.006,,
2.2695,526,234.9,18.5,0.007,,
2.2715,526,235,18.5,0.0065,,
2.179,510,232.7,18.5,0.0095,,
Scope 1/1, Sample 5/9 (H2_B),,,,,
Result,TitrationEP1,,,,,
V,t,E,T,dV/dt,E acc. stat.,Volume acc. stat.
0,0,-41.9,18.4,NaN,,
0.001,1,-42.3,18.4,0.001,,
0.0025,2,-42.3,18.4,0.0015,,
0.005,3,-42.3,18.4,0.0025,,
0.0085,4,-42.3,18.4,0.003,,
0.015,5,-41.9,18.4,0.006,,
0.023,6,-41.2,18.4,0.0075,,
0.0315,7,-40.1,18.4,0.0085,,
0.039,8,-38.7,18.4,0.0075,,
0.0475,9,-37.1,18.4,0.0075,,
0.056,10,-35.2,18.4,0.0075,,
0.0645,11,-33.2,18.4,0.0075,,
0.073,12,-31,18.4,0.0075,,
0.0805,13,-28.6,18.4,0.0075,,
0.089,14,-26.1,18.4,0.0085,,
0.0975,15,-23.2,18.4,0.0075,,
0.1055,16,-20.1,18.4,0.0075,,
0.114,17,-17,18.4,0.0075,,
0.1225,18,-13.8,18.4,0.0075,,
0.13,19,-10.8,18.4,0.0075,,
0.1385,20,-7.6,18.4,0.0085,,
0.147,21,-4.4,18.4,0.0075,,
0.1555,22,-1.1,18.4,0.0075,,
0.164,23,0.8,18.4,0.0075,,
0.1725,24,2.9,18.4,0.0075,,
0.18,25,4.5,18.4,0.0075,,
0.1885,26,6.2,18.4,0.0075,,
0.1965,27,7.5,18.4,0.0075,,
0.205,28,8.8,18.4,0.0075,,
0.2135,29,10.1,18.4,0.0075,,
0.222,30,11.2,18.4,0.0085,,
0.2295,31,12.4,18.4,0.0075,,
0.238,32,13.5,18.4,0.0075,,
0.2465,33,14.5,18.4,0.0075,,
0.255,34,15.5,18.4,0.0075,,
0.263,35,16.4,18.4,0.0075,,
0.2715,36,17.1,18.4,0.0085,,
0.279,37,17.9,18.4,0.0075,,
0.2875,38,18.8,18.4,0.0075,,
0.296,39,19.6,18.4,0.0075,,
0.3045,40,20.7,18.4,0.0075,,
0.313,41,21.5,18.4,0.0075,,
0.3215,42,22.2,18.4,0.0085,,
0.329,43,23.1,18.4,0.0075,,
0.3375,44,23.8,18.4,0.0075,,
0.3455,45,24.7,18.4,0.0075,,
0.354,46,25.5,18.4,0.0075,,
0.3625,47,26.3,18.4,0.0075,,
0.37,48,26.9,18.4,0.0075,,
0.3785,49,27.7,18.4,0.0085,,
0.387,50,28.4,18.4,0.0075,,
0.3955,51,29.2,18.4,0.0075,,
0.404,52,29.9,18.4,0.0075,,
0.4125,53,30.6,18.4,0.0075,,
0.42,54,31.3,18.4,0.0075,,
0.4285,55,32.1,18.4,0.0085,,
0.4365,56,32.8,18.4,0.0075,,
0.445,57,33.5,18.4,0.0075,,
0.4535,58,34.2,18.4,0.0075,,
0.462,59,34.8,18.4,0.0075,,
0.4695,60,35.4,18.4,0.0075,,
0.478,61,36.2,18.4,0.0085,,
0.4865,62,37,18.4,0.0075,,
0.495,63,37.8,18.4,0.0075,,
0.5035,64,38.4,18.4,0.0075,,
0.5115,65,39.2,18.4,0.0075,,
0.5195,66,40,18.4,0.008,,
0.5275,67,40.7,18.4,0.008,,
0.536,68,41.4,18.4,0.0075,,
0.5445,69,42.1,18.4,0.0075,,
0.553,70,42.8,18.4,0.0075,,
0.5615,71,43.4,18.4,0.0085,,
0.569,72,44,18.4,0.0075,,
0.5775,73,44.7,18.4,0.0075,,
0.586,74,45.5,18.4,0.0075,,
0.5945,75,46.1,18.4,0.0075,,
0.6025,76,46.7,18.4,0.0075,,
0.611,77,47.2,18.4,0.0085,,
0.6185,78,48,18.4,0.0075,,
0.627,79,48.8,18.4,0.0075,,
0.6355,80,49.6,18.4,0.0075,,
0.644,81,50.4,18.4,0.0075,,
0.6525,82,51.2,18.5,0.0075,,
0.661,83,51.6,18.4,0.0085,,
0.6685,84,52.2,18.5,0.0075,,
0.677,85,53,18.5,0.0075,,
0.685,86,53.6,18.5,0.0075,,
0.6935,87,54.3,18.5,0.0075,,
0.702,88,55,18.5,0.0075,,
0.7095,89,55.6,18.5,0.0075,,
0.718,90,56.5,18.5,0.0085,,
0.7265,91,57.2,18.5,0.0075,,
0.735,92,58.1,18.5,0.0075,,
0.7435,93,58.7,18.5,0.0075,,
0.7515,94,59.3,18.5,0.0075,,
0.7595,95,60,18.5,0.008,,
0.7675,96,60.8,18.5,0.008,,
0.776,97,61.6,18.5,0.0075,,
0.7845,98,62.3,18.5,0.0075,,
0.793,99,63,18.5,0.0075,,
0.8015,100,63.8,18.5,0.0075,,
0.81,101,64.6,18.5,0.0085,,
0.8175,102,65.3,18.5,0.0075,,
0.826,103,66,18.5,0.0075,,
0.834,104,66.9,18.5,0.0075,,
0.8425,105,67.8,18.5,0.0075,,
0.851,106,68.6,18.5,0.0075,,
0.8585,107,69.3,18.5,0.0075,,
0.867,108,70.1,18.5,0.0085,,
0.8755,109,71.1,18.5,0.0075,,
0.884,110,72.1,18.5,0.0075,,
0.8925,111,72.9,18.5,0.0075,,
0.901,112,73.6,18.5,0.0075,,
0.9085,113,74.4,18.5,0.0075,,
0.917,114,75.3,18.5,0.0085,,
0.925,115,76,18.5,0.0075,,
0.9335,116,77,18.5,0.0075,,
0.942,117,78.1,18.5,0.0075,,
0.9505,118,79.1,18.5,0.0075,,
0.958,119,80,18.5,0.0075,,
0.9665,120,80.9,18.5,0.0085,,
0.975,121,82,18.5,0.0075,,
0.9835,122,83.2,18.5,0.0075,,
0.9915,123,84.3,18.5,0.0075,,
1,124,85.7,18.5,0.0075,,
1.0075,125,86.5,18.5,0.0075,,
1.016,126,87.5,18.5,0.0085,,
1.0245,127,88.8,18.5,0.0075,,
1.033,128,90.2,18.5,0.0075,,
1.0415,129,91.7,18.5,0.0075,,
1.05,130,93.1,18.5,0.0075,,
1.0575,131,94.7,18.5,0.0075,,
1.066,132,96.3,18.5,0.0075,,
1.0745,133,97.6,18.5,0.0075,,
1.0825,134,99.3,18.5,0.0075,,
1.091,135,101.2,18.5,0.0075,,
1.0995,136,102.8,18.5,0.0085,,
1.107,137,104.6,18.5,0.0075,,
1.1155,138,106.2,18.5,0.0075,,
1.124,139,108.2,18.5,0.0075,,
1.1325,140,110,18.5,0.0075,,
1.141,141,112.3,18.5,0.0075,,
1.1495,142,114.4,18.5,0.0085,,
1.157,143,116.8,18.5,0.0075,,
1.1655,144,119.7,18.5,0.0075,,
1.1735,145,122.4,18.5,0.0075,,
1.182,146,125.6,18.5,0.0075,,
1.1905,147,128.4,18.5,0.0075,,
1.198,148,131.4,18.5,0.0075,,
1.2065,149,134.4,18.5,0.0085,,
1.215,150,138.4,18.5,0.0075,,
1.2235,151,142.2,18.5,0.0075,,
1.232,152,145.6,18.5,0.0075,,
1.24,153,148.9,18.5,0.0075,,
1.248,154,152,18.5,0.008,,
1.2565,155,155.2,18.5,0.0085,,
1.2645,156,158.4,18.5,0.0075,,
1.273,157,161.1,18.5,0.0075,,
1.2815,158,163.6,18.5,0.0075,,
1.29,159,166.3,18.5,0.0075,,
1.2975,160,168.3,18.5,0.0075,,
1.306,161,170.4,18.5,0.0085,,
1.3145,162,172.4,18.5,0.0075,,
1.323,163,174.5,18.5,0.0075,,
1.331,164,176.2,18.5,0.0075,,
1.3395,165,178,18.5,0.0075,,
1.347,166,179.5,18.5,0.0075,,
1.3555,167,181.2,18.5,0.0085,,
1.364,168,182.8,18.5,0.0075,,
1.3725,169,184.2,18.5,0.0075,,
1.3805,170,185.1,18.5,0.0065,,
1.3805,410,191,18.7,0,,
1.381,411,191,18.7,0.0005,,
1.3825,412,191,18.7,0.001,,
1.385,413,191.1,18.7,0.002,,
1.389,414,191.4,18.7,0.003,,
1.3955,415,191.8,18.7,0.0045,,
1.404,416,192.5,18.7,0.006,,
1.4115,417,193.4,18.7,0.006,,
1.42,418,194.2,18.7,0.0065,,
1.4285,419,195.1,18.7,0.006,,
1.437,420,196.1,18.7,0.006,,
1.445,421,197,18.7,0.0055,,
1.4535,422,197.8,18.7,0.006,,
1.461,423,198.5,18.7,0.006,,
1.4695,424,199.4,18.7,0.0065,,
1.478,425,200.2,18.7,0.006,,
1.4865,426,201,18.7,0.006,,
1.495,427,201.7,18.7,0.006,,
1.503,428,202.5,18.7,0.0055,,
1.511,429,203.1,18.7,0.006,,
1.519,430,203.8,18.7,0.006,,
1.5275,431,204.3,18.7,0.006,,
1.536,432,205.1,18.7,0.006,,
1.5445,433,205.8,18.7,0.006,,
1.553,434,206.4,18.7,0.006,,
1.5605,435,207,18.7,0.006,,
1.569,436,207.5,18.7,0.0065,,
1.5775,437,208.1,18.7,0.0065,,
1.586,438,208.7,18.7,0.006,,
1.594,439,209.3,18.7,0.0055,,
1.6025,440,209.7,18.7,0.006,,
1.61,441,210.3,18.7,0.006,,
1.6185,442,210.8,18.7,0.0065,,
1.627,443,211.3,18.7,0.006,,
1.6355,444,211.8,18.7,0.006,,
1.644,445,212.3,18.7,0.006,,
1.6525,446,212.8,18.7,0.0065,,
1.66,447,213.2,18.7,0.006,,
1.6685,448,213.7,18.7,0.0065,,
1.677,449,214.1,18.7,0.006,,
1.685,450,214.6,18.7,0.0055,,
1.6935,451,215,18.7,0.006,,
1.702,452,215.4,18.7,0.0065,,
1.7095,453,215.8,18.7,0.006,,
1.718,454,216.2,18.7,0.0065,,
1.7265,455,216.8,18.7,0.006,,
1.735,456,217.1,18.7,0.006,,
1.7435,457,217.6,18.7,0.006,,
1.751,458,217.9,18.7,0.006,,
1.7595,459,218.4,18.7,0.0065,,
1.7675,460,218.7,18.7,0.006,,
1.776,461,219.1,18.7,0.006,,
1.7845,462,219.5,18.7,0.006,,
1.793,463,219.8,18.7,0.006,,
1.8005,464,220.2,18.7,0.006,,
1.809,465,220.4,18.7,0.0065,,
1.8175,466,220.9,18.7,0.0065,,
1.826,467,221.2,18.7,0.006,,
1.834,468,221.5,18.7,0.0055,,
1.8425,469,221.9,18.7,0.006,,
1.85,470,222.2,18.7,0.006,,
1.8585,471,222.5,18.7,0.0065,,
1.867,472,222.8,18.7,0.0065,,
1.8755,473,223.1,18.7,0.006,,
1.884,474,223.5,18.7,0.006,,
1.8925,475,223.8,18.7,0.006,,
1.9,476,224,18.7,0.006,,
1.9085,477,224.4,18.7,0.0065,,
1.917,478,224.7,18.7,0.0065,,
1.925,479,225,18.7,0.0055,,
1.9335,480,225.3,18.7,0.006,,
1.942,481,225.5,18.7,0.006,,
1.9495,482,225.8,18.7,0.006,,
1.958,483,226.1,18.7,0.0065,,
1.9665,484,226.4,18.7,0.0065,,
1.975,485,226.7,18.7,0.006,,
1.9835,486,227,18.7,0.006,,
1.9915,487,227.2,18.7,0.0055,,
1.9995,488,227.5,18.7,0.006,,
2.0075,489,227.8,18.7,0.006,,
2.016,490,228,18.7,0.0065,,
2.0245,491,228.3,18.7,0.006,,
2.033,492,228.5,18.7,0.006,,
2.0415,493,228.8,18.7,0.006,,
2.049,494,229.1,18.7,0.006,,
2.0575,495,229.3,18.7,0.0065,,
2.066,496,229.6,18.7,0.0065,,
2.074,497,229.8,18.7,0.0055,,
2.0825,498,230,18.7,0.006,,
2.091,499,230.3,18.7,0.006,,
2.0985,500,230.5,18.7,0.006,,
2.107,501,230.7,18.7,0.0065,,
2.1155,502,230.9,18.7,0.0065,,
2.124,503,231.2,18.7,0.006,,
2.1325,504,231.4,18.7,0.006,,
2.1405,505,231.7,18.7,0.0055,,
2.149,506,231.9,18.7,0.0065,,
2.1565,507,232.1,18.7,0.006,,
2.165,508,232.3,18.7,0.0065,,
2.1735,509,232.5,18.7,0.006,,
2.1905,511,232.9,18.7,0.006,,
2.198,512,233.2,18.7,0.006,,
2.2065,513,233.4,18.7,0.0065,,
2.215,514,233.6,18.8,0.0065,,
2.223,515,233.8,18.7,0.0055,,
2.2315,516,234,18.8,0.006,,
2.24,517,234.2,18.8,0.006,,
2.2475,518,234.4,18.8,0.006,,
2.2505,519,234.6,18.8,0.0025,,
2.2515,520,234.7,18.8,0.001,,
2.252,521,234.7,18.8,0.0005,,
2.253,522,234.8,18.8,0.0005,,
2.2545,523,234.8,18.8,0.001,,
2.2565,524,234.8,18.8,0.0015,,
2.2595,525,234.9,18.8,0.0025,,
2.2645,526,234.9,18.8,0.004,,
2.271,527,235,18.8,0.0045,,
Scope 1/1, Sample 6/9 (H2_T),,,,,
Result,TitrationEP1,,,,,
V,t,E,T,dV/dt,E acc. stat.,Volume acc. stat.
0,0,-41.3,18.6,NaN,,
0.001,1,-41.7,18.6,0.001,,
0.0025,2,-41.7,18.6,0.0015,,
0.005,3,-41.8,18.6,0.0025,,
0.009,4,-41.7,18.6,0.0035,,
0.015,5,-41.3,18.6,0.0055,,
0.0235,6,-40.6,18.6,0.0075,,
0.032,7,-39.5,18.6,0.0075,,
0.0405,8,-38.1,18.6,0.0075,,
0.048,9,-36.6,18.6,0.0075,,
0.0565,10,-34.8,18.6,0.0075,,
0.065,11,-32.8,18.6,0.0075,,
0.073,12,-30.6,18.6,0.0075,,
0.0815,13,-28.2,18.6,0.0075,,
0.09,14,-25.6,18.6,0.0075,,
0.0975,15,-23.1,18.6,0.007,,
0.106,16,-19.8,18.6,0.0075,,
0.1145,17,-16.5,18.6,0.0075,,
0.123,18,-13.2,18.6,0.0075,,
0.1315,19,-9.8,18.6,0.0075,,
0.1395,20,-6.6,18.6,0.0075,,
0.1475,21,-4,18.6,0.0075,,
0.1555,22,-0.4,18.6,0.0075,,
0.164,23,1.2,18.6,0.0075,,
0.1725,24,3.2,18.6,0.0075,,
0.181,25,4.8,18.6,0.0075,,
0.1895,26,6.3,18.6,0.0075,,
0.197,27,7.4,18.6,0.007,,
0.2055,28,8.7,18.6,0.0075,,
0.214,29,10.1,18.6,0.0075,,
0.2225,30,11.4,18.6,0.0075,,
0.2305,31,12.5,18.6,0.0075,,
0.239,32,13.4,18.6,0.0085,,
0.2465,33,14.5,18.6,0.007,,
0.255,34,15.5,18.6,0.0075,,
0.2635,35,16.4,18.6,0.0075,,
0.272,36,17.1,18.6,0.0075,,
0.2805,37,17.9,18.6,0.0075,,
0.289,38,18.7,18.6,0.0075,,
0.2965,39,19.4,18.6,0.007,,
0.305,40,20.4,18.6,0.0075,,
0.313,41,21.2,18.6,0.0075,,
0.3215,42,22,18.6,0.0075,,
0.33,43,22.9,18.6,0.0075,,
0.3385,44,23.6,18.6,0.0075,,
0.346,45,24.3,18.6,0.007,,
0.3545,46,25,18.6,0.0075,,
0.363,47,25.8,18.6,0.0075,,
0.3715,48,26.6,18.6,0.0075,,
0.3795,49,27.4,18.6,0.0075,,
0.388,50,28.2,18.6,0.0075,,
0.3955,51,28.9,18.6,0.007,,
0.404,52,29.7,18.6,0.0075,,
0.4125,53,30.4,18.6,0.0075,,
0.421,54,31.1,18.6,0.0075,,
0.4295,55,31.8,18.6,0.0075,,
0.438,56,32.4,18.6,0.0075,,
0.4455,57,33.1,18.6,0.007,,
0.454,58,33.8,18.6,0.0075,,
0.462,59,34.5,18.6,0.0075,,
0.4705,60,35.3,18.6,0.0075,,
0.479,61,36,18.6,0.0075,,
0.4875,62,36.9,18.6,0.0075,,
0.495,63,37.6,18.6,0.007,,
0.5035,64,38.3,18.6,0.0075,,
0.512,65,39,18.6,0.0075,,
0.5205,66,39.7,18.6,0.0075,,
0.529,67,40.3,18.6,0.0075,,
0.5365,68,40.8,18.6,0.0075,,
0.545,69,41.5,18.6,0.0075,,
0.553,70,42.3,18.6,0.0075,,
0.5615,71,43,18.6,0.0075,,
0.57,72,43.7,18.6,0.0075,,
0.5785,73,44.3,18.6,0.0075,,
0.587,74,44.9,18.6,0.0085,,
0.5945,75,45.7,18.6,0.007,,
0.603,76,46.5,18.6,0.0075,,
0.6115,77,47.2,18.6,0.0075,,
0.6195,78,47.9,18.6,0.0075,,
0.628,79,48.6,18.6,0.0075,,
0.6355,80,49.1,18.6,0.0075,,
0.644,81,49.8,18.6,0.0075,,
0.6525,82,50.6,18.6,0.0075,,
0.661,83,51.3,18.6,0.0075,,
0.6695,84,51.8,18.6,0.0075,,
0.678,85,52.8,18.6,0.0075,,
0.6855,86,53.4,18.6,0.0075,,
0.694,87,54,18.6,0.0075,,
0.7025,88,54.7,18.6,0.0075,,
0.7105,89,55.4,18.6,0.0075,,
0.719,90,56.1,18.6,0.0075,,
0.7275,91,56.7,18.6,0.0075,,
0.735,92,57.5,18.6,0.0075,,
0.7435,93,58.3,18.7,0.0075,,
0.752,94,59.4,18.7,0.0075,,
0.7605,95,60.1,18.7,0.0075,,
0.769,96,60.8,18.7,0.0075,,
0.777,97,61.5,18.7,0.0075,,
0.7855,98,62.1,18.6,0.0085,,
0.793,99,62.8,18.7,0.007,,
0.8015,100,63.5,18.7,0.0075,,
0.81,101,64.5,18.7,0.0075,,
0.8185,102,65.4,18.7,0.0075,,
0.827,103,66.1,18.7,0.0075,,
0.8345,104,66.7,18.7,0.0075,,
0.843,105,67.6,18.7,0.0075,,
0.8515,106,68.4,18.7,0.0075,,
0.8595,107,69.2,18.7,0.0075,,
0.868,108,70,18.7,0.0075,,
0.8765,109,71.2,18.7,0.0075,,
0.884,110,72,18.7,0.0075,,
0.8925,111,72.8,18.7,0.0075,,
0.901,112,73.6,18.7,0.0075,,
0.9095,113,74.4,18.7,0.0075,,
0.918,114,75.2,18.7,0.0075,,
0.9265,115,76.3,18.7,0.0075,,
0.934,116,77.1,18.7,0.007,,
0.9425,117,78.1,18.7,0.0075,,
0.9505,118,78.9,18.7,0.0075,,
0.959,119,79.9,18.7,0.0075,,
0.9675,120,81.1,18.7,0.0075,,
0.976,121,82.1,18.7,0.0075,,
0.9835,122,83.1,18.7,0.007,,
0.992,123,84.2,18.7,0.0075,,
1.0005,124,85.4,18.7,0.0075,,
1.009,125,86.5,18.7,0.0075,,
1.017,126,87.9,18.7,0.0075,,
1.0255,127,88.9,18.7,0.0085,,
1.0335,128,90.2,18.7,0.0075,,
1.0415,129,91.7,18.7,0.0075,,
1.05,130,92.7,18.7,0.0075,,
1.0585,131,94,18.7,0.0075,,
1.067,132,95.4,18.7,0.0075,,
1.0755,133,97,18.7,0.0085,,
1.083,134,99.1,18.7,0.007,,
1.0915,135,100.6,18.7,0.0075,,
1.1,136,101.8,18.7,0.0075,,
1.108,137,103.8,18.7,0.0075,,
1.1165,138,106,18.7,0.0075,,
1.125,139,108,18.7,0.0085,,
1.1325,140,109.8,18.7,0.007,,
1.141,141,111.6,18.7,0.0075,,
1.1495,142,114,18.7,0.0075,,
1.158,143,116.8,18.7,0.0075,,
1.1665,144,119.5,18.7,0.0075,,
1.174,145,122.1,18.7,0.0075,,
1.1825,146,125.1,18.7,0.0075,,
1.1905,147,128.1,18.7,0.0075,,
1.199,148,131.3,18.7,0.0075,,
1.2075,149,134.5,18.7,0.0075,,
1.216,150,138,18.7,0.0075,,
1.2235,151,141.3,18.7,0.0075,,
1.232,152,145.2,18.7,0.0075,,
1.2405,153,148.9,18.7,0.0075,,
1.249,154,152.1,18.7,0.0075,,
1.2575,155,155,18.7,0.0075,,
1.2655,156,158.2,18.7,0.0075,,
1.2735,157,160.8,18.7,0.008,,
1.2815,158,163.4,18.7,0.0075,,
1.29,159,165.7,18.7,0.0075,,
1.2985,160,168.2,18.7,0.0075,,
1.307,161,170.4,18.7,0.0075,,
1.3155,162,172.3,18.7,0.0075,,
1.324,163,174.2,18.7,0.0085,,
1.3315,164,176,18.7,0.007,,
1.34,165,177.7,18.7,0.0075,,
1.348,166,179.5,18.7,0.0075,,
1.3565,167,181.3,18.7,0.0075,,
1.365,168,182.7,18.7,0.0075,,
1.3735,169,184.2,18.7,0.0085,,
1.3795,170,185,18.7,0.0065,,
1.3795,410,190.8,18.9,0,,
1.38,411,190.8,18.9,0.0005,,
1.3815,412,190.8,18.9,0.0015,,
1.384,413,190.9,18.9,0.003,,
1.388,414,191.1,18.9,0.004,,
1.394,415,191.6,18.9,0.006,,
1.4025,416,192.4,18.9,0.0085,,
1.41,417,193.2,18.9,0.0085,,
1.4185,418,194.2,18.9,0.0095,,
1.427,419,194.9,18.9,0.0095,,
1.4355,420,195.8,18.9,0.0085,,
1.4435,421,196.7,18.9,0.008,,
1.452,422,197.5,18.9,0.0095,,
1.4595,423,198.3,18.9,0.0085,,
1.468,424,199.2,18.9,0.0095,,
1.4765,425,200.1,18.9,0.0095,,
1.485,426,200.8,18.9,0.0085,,
1.4935,427,201.5,18.9,0.0085,,
1.502,428,202.2,18.9,0.0085,,
1.5095,429,202.9,18.9,0.0085,,
1.518,430,203.6,18.9,0.0095,,
1.526,431,204.3,18.9,0.008,,
1.5345,432,205,18.9,0.0085,,
1.543,433,205.6,18.9,0.0085,,
1.5515,434,206.2,18.9,0.0085,,
1.559,435,206.8,18.9,0.0085,,
1.5675,436,207.4,18.9,0.0095,,
1.576,437,207.9,18.9,0.0095,,
1.5845,438,208.5,18.9,0.0085,,
1.5925,439,209.1,18.9,0.008,,
1.601,440,209.6,18.9,0.0095,,
1.6085,441,210.1,18.9,0.0085,,
1.617,442,210.7,18.9,0.0095,,
1.6255,443,211.2,18.9,0.0085,,
1.634,444,211.7,18.9,0.0085,,
1.6425,445,212.2,18.9,0.0085,,
1.651,446,212.7,18.9,0.0085,,
1.6585,447,213.1,18.9,0.0085,,
1.667,448,213.6,18.9,0.0095,,
1.675,449,214.1,18.9,0.008,,
1.6835,450,214.5,18.9,0.0085,,
1.692,451,215,18.9,0.0085,,
1.7005,452,215.3,18.9,0.0095,,
1.708,453,215.8,18.9,0.0085,,
1.7165,454,216.2,18.9,0.0095,,
1.725,455,216.7,18.9,0.0085,,
1.7335,456,217.1,18.9,0.0085,,
1.742,457,217.5,18.9,0.0085,,
1.7495,458,217.8,18.9,0.0085,,
1.758,459,218.3,18.9,0.0095,,
1.766,460,218.7,18.9,0.009,,
1.7745,461,219.1,18.9,0.0085,,
1.783,462,219.4,18.9,0.0085,,
1.7915,463,219.8,18.9,0.0085,,
1.799,464,220.2,18.9,0.0085,,
1.8075,465,220.4,18.9,0.0095,,
1.816,466,220.9,18.9,0.0095,,
1.8245,467,221.2,18.9,0.0085,,
1.833,468,221.5,18.9,0.0085,,
1.841,469,221.9,18.9,0.008,,
1.849,470,222.1,18.9,0.009,,
1.857,471,222.5,18.9,0.009,,
1.8655,472,222.8,18.9,0.0095,,
1.874,473,223.1,18.9,0.0085,,
1.8825,474,223.5,18.9,0.0085,,
1.891,475,223.8,18.9,0.0085,,
1.8985,476,224.1,18.9,0.0085,,
1.907,477,224.3,18.9,0.0095,,
1.9155,478,224.6,18.9,0.0085,,
1.924,479,224.9,18.9,0.0085,,
1.932,480,225.3,18.9,0.008,,
1.9405,481,225.5,18.9,0.0095,,
1.948,482,225.9,18.9,0.0085,,
1.9565,483,226.1,18.9,0.0095,,
1.965,484,226.4,18.9,0.0085,,
1.9735,485,226.7,18.9,0.0085,,
1.982,486,227,18.9,0.0085,,
1.9895,487,227.2,18.9,0.0085,,
1.998,488,227.5,18.9,0.0095,,
2.0065,489,227.8,18.9,0.0095,,
2.015,490,228.1,18.9,0.0085,,
2.023,491,228.2,18.9,0.008,,
2.0315,492,228.6,18.9,0.0085,,
2.039,493,228.7,18.9,0.0085,,
2.0475,494,229,18.9,0.0095,,
2.056,495,229.2,18.9,0.0095,,
2.0645,496,229.5,18.9,0.0085,,
2.073,497,229.7,18.9,0.0085,,
2.0815,498,230,18.9,0.0085,,
2.089,499,230.2,18.9,0.0085,,
2.0975,500,230.4,18.9,0.0095,,
2.1055,501,230.7,18.9,0.009,,
2.114,502,231,18.9,0.0085,,
2.1225,503,231.2,18.9,0.0085,,
2.131,504,231.4,18.9,0.0085,,
2.1385,505,231.6,18.9,0.0085,,
2.147,506,231.9,18.9,0.0095,,
2.1555,507,232.1,18.9,0.0095,,
2.164,508,232.3,18.9,0.0085,,
2.172,509,232.5,18.9,0.008,,
2.188,511,233,18.9,0.0085,,
2.1965,512,233.2,18.9,0.0095,,
2.205,513,233.4,18.9,0.0095,,
2.2135,514,233.6,18.9,0.0085,,
2.222,515,233.8,18.9,0.0085,,
2.2305,516,234,18.9,0.0085,,
2.2375,517,234.2,18.9,0.008,,
2.2445,518,234.4,18.9,0.008,,
2.2475,519,234.6,18.9,0.0035,,
2.248,520,234.6,18.9,0.0005,,
2.2485,521,234.7,18.9,0.0005,,
2.25,522,234.7,18.9,0.0015,,
2.252,523,234.7,18.9,0.002,,
2.2545,524,234.8,18.9,0.003,,
2.2585,525,234.8,18.9,0.0045,,
2.264,526,234.9,18.9,0.0055,,
2.268,527,235,18.9,0.0055,,
Scope 1/1, Sample 7/9 (H3_B),,,,,
Result,TitrationEP1,,,,,
V,t,E,T,dV/dt,E acc. stat.,Volume acc. stat.
0,0,-18.1,18.8,NaN,,
0.001,1,-18.6,18.8,0.001,,
0.0025,2,-18.7,18.8,0.0015,,
0.005,3,-18.7,18.8,0.0025,,
0.009,4,-18.4,18.8,0.0035,,
0.015,5,-17.9,18.8,0.0055,,
0.0235,6,-16.7,18.8,0.0075,,
0.032,7,-14.8,18.8,0.0075,,
0.0405,8,-12.4,18.8,0.0075,,
0.048,9,-10.2,18.8,0.007,,
0.0565,10,-7.3,18.8,0.0075,,
0.065,11,-4.3,18.8,0.0075,,
0.0735,12,-0.8,18.8,0.0075,,
0.0815,13,1,18.8,0.0075,,
0.09,14,3.1,18.8,0.0075,,
0.0975,15,4.9,18.8,0.007,,
0.106,16,6.5,18.8,0.0075,,
0.1145,17,8,18.8,0.0075,,
0.123,18,9.4,18.8,0.0075,,
0.1315,19,10.6,18.8,0.0075,,
0.14,20,11.7,18.8,0.0075,,
0.1475,21,12.7,18.8,0.007,,
0.156,22,13.8,18.8,0.0075,,
0.164,23,14.8,18.8,0.0075,,
0.1725,24,15.8,18.8,0.0075,,
0.181,25,16.6,18.8,0.0075,,
0.1895,26,17.3,18.8,0.0075,,
0.197,27,18,18.8,0.007,,
0.2055,28,18.7,18.8,0.0075,,
0.214,29,19.5,18.8,0.0075,,
0.2225,30,20.4,18.8,0.0075,,
0.231,31,21.3,18.8,0.0075,,
0.2395,32,21.9,18.8,0.0085,,
0.247,33,22.5,18.8,0.007,,
0.2555,34,23.3,18.8,0.0075,,
0.2635,35,24,18.8,0.0075,,
0.272,36,24.6,18.8,0.0075,,
0.2805,37,25.2,18.8,0.0075,,
0.289,38,25.8,18.8,0.0075,,
0.2965,39,26.5,18.8,0.007,,
0.305,40,27.1,18.8,0.0075,,
0.3135,41,27.8,18.8,0.0075,,
0.322,42,28.4,18.8,0.0075,,
0.33,43,29.1,18.8,0.0075,,
0.338,44,29.7,18.8,0.0075,,
0.346,45,30.5,18.8,0.0075,,
0.3545,46,31.3,18.8,0.0075,,
0.363,47,31.9,18.8,0.0075,,
0.3715,48,32.5,18.8,0.0075,,
0.38,49,33.1,18.8,0.0075,,
0.3885,50,33.8,18.8,0.0075,,
0.396,51,34.3,18.8,0.007,,
0.4045,52,35,18.8,0.0075,,
0.413,53,35.6,18.8,0.0075,,
0.421,54,36.2,18.8,0.0075,,
0.4295,55,36.9,18.8,0.0075,,
0.438,56,37.5,18.8,0.0075,,
0.4455,57,38.3,18.8,0.007,,
0.454,58,39.1,18.8,0.0075,,
0.4625,59,39.7,18.8,0.0075,,
0.471,60,40.4,18.8,0.0075,,
0.479,61,41,18.8,0.0075,,
0.4875,62,41.5,18.8,0.0075,,
0.4955,63,42.1,18.8,0.0075,,
0.5035,64,42.7,18.8,0.0075,,
0.512,65,43.3,18.8,0.0075,,
0.5205,66,44,18.8,0.0075,,
0.529,67,44.6,18.8,0.0075,,
0.5365,68,45.2,18.8,0.007,,
0.545,69,45.9,18.8,0.0075,,
0.5535,70,46.5,18.8,0.0075,,
0.562,71,47.1,18.8,0.0075,,
0.57,72,47.8,18.8,0.0075,,
0.5785,73,48.5,18.8,0.0075,,
0.586,74,49,18.8,0.007,,
0.5945,75,49.6,18.8,0.0075,,
0.603,76,50.2,18.8,0.0075,,
0.6115,77,50.8,18.8,0.0075,,
0.62,78,51.5,18.8,0.0075,,
0.6285,79,52.1,18.8,0.0075,,
0.636,80,52.7,18.8,0.007,,
0.6445,81,53.4,18.8,0.0075,,
0.653,82,54,18.8,0.0075,,
0.661,83,54.6,18.8,0.0075,,
0.6695,84,55.2,18.8,0.0075,,
0.678,85,55.9,18.8,0.0075,,
0.6855,86,56.3,18.8,0.007,,
0.694,87,56.8,18.8,0.0075,,
0.7025,88,57.5,18.8,0.0075,,
0.711,89,58.1,18.8,0.0075,,
0.7195,90,58.9,18.8,0.0075,,
0.7275,91,59.7,18.8,0.0075,,
0.7355,92,60.5,18.8,0.0075,,
0.7435,93,61.3,18.8,0.0075,,
0.752,94,62,18.8,0.0075,,
0.7605,95,62.6,18.8,0.0075,,
0.769,96,63.1,18.8,0.0075,,
0.7775,97,63.8,18.8,0.0075,,
0.785,98,64.4,18.8,0.007,,
0.7935,99,65.2,18.8,0.0075,,
0.802,100,65.9,18.8,0.0075,,
0.81,101,66.6,18.8,0.0075,,
0.8185,102,67.3,18.8,0.0075,,
0.827,103,68,18.8,0.0085,,
0.8345,104,68.9,18.8,0.007,,
0.843,105,69.6,18.8,0.0075,,
0.8515,106,70.4,18.8,0.0075,,
0.86,107,71.1,18.8,0.0075,,
0.8685,108,71.8,18.8,0.0075,,
0.876,109,72.7,18.8,0.007,,
0.8845,110,73.6,18.8,0.0075,,
0.893,111,74.2,18.8,0.0075,,
0.9015,112,75,18.8,0.0075,,
0.9095,113,75.8,18.8,0.0075,,
0.918,114,76.8,18.8,0.0075,,
0.9255,115,77.7,18.8,0.007,,
0.934,116,78.8,18.8,0.0075,,
0.9425,117,79.8,18.8,0.0075,,
0.951,118,80.5,18.9,0.0075,,
0.9595,119,81.5,18.9,0.0075,,
0.968,120,82.3,18.9,0.0075,,
0.9755,121,83.2,18.9,0.007,,
0.984,122,84.3,18.9,0.0075,,
0.992,123,85.3,18.9,0.0075,,
1.0005,124,86.2,18.8,0.0075,,
1.009,125,87.3,18.9,0.0075,,
1.0175,126,88.6,18.9,0.0075,,
1.025,127,89.5,18.9,0.007,,
1.0335,128,90.9,18.9,0.0075,,
1.042,129,92.1,18.9,0.0075,,
1.0505,130,93.3,18.9,0.0075,,
1.059,131,94.7,18.9,0.0075,,
1.067,132,95.9,18.9,0.008,,
1.075,133,97.3,18.9,0.0075,,
1.083,134,99.1,18.9,0.0075,,
1.0915,135,100.4,18.9,0.0075,,
1.1,136,102,18.9,0.0075,,
1.1085,137,103.8,18.9,0.0075,,
1.116,138,105.1,18.9,0.007,,
1.1245,139,107,18.9,0.0075,,
1.133,140,109,18.9,0.0075,,
1.1415,141,111.4,18.9,0.0075,,
1.1495,142,113.6,18.9,0.0075,,
1.158,143,115.9,18.9,0.0075,,
1.1655,144,117.9,18.9,0.007,,
1.174,145,120.6,18.9,0.0075,,
1.1825,146,123.5,18.9,0.0075,,
1.191,147,126.2,18.9,0.0075,,
1.1995,148,129.1,18.9,0.0075,,
1.208,149,132.2,18.9,0.0075,,
1.2155,150,135.4,18.9,0.007,,
1.224,151,138.7,18.9,0.0075,,
1.2325,152,142.2,18.9,0.0075,,
1.2405,153,145.8,18.9,0.0075,,
1.249,154,149.1,18.9,0.0075,,
1.2575,155,152.3,18.9,0.0075,,
1.265,156,155.1,18.9,0.007,,
1.2735,157,158.2,18.9,0.0075,,
1.282,158,161.1,18.9,0.0075,,
1.2905,159,163.4,18.9,0.0075,,
1.299,160,166,18.9,0.0075,,
1.307,161,168.3,18.9,0.0075,,
1.315,162,170.3,18.9,0.0075,,
1.323,163,172.4,18.9,0.0075,,
1.3315,164,174.3,18.9,0.0075,,
1.34,165,176.1,18.9,0.0075,,
1.3485,166,178,18.9,0.0075,,
1.357,167,179.8,18.9,0.0075,,
1.3645,168,181.2,18.9,0.007,,
1.373,169,182.7,18.9,0.0075,,
1.3815,170,184.1,18.9,0.0075,,
1.3885,171,185,18.9,0.007,,
1.3885,411,190.7,19,0,,
1.389,412,190.7,19,0.0005,,
1.3905,413,190.7,19,0.0015,,
1.393,414,190.8,19,0.0025,,
1.397,415,191.1,19,0.0035,,
1.403,416,191.5,19,0.005,,
1.4115,417,192.3,19,0.007,,
1.419,418,193.1,19,0.007,,
1.4275,419,194.1,19,0.007,,
1.436,420,195,19,0.007,,
1.4445,421,195.9,19,0.007,,
1.4525,422,196.7,19,0.0065,,
1.461,423,197.5,19,0.007,,
1.4685,424,198.3,19,0.007,,
1.477,425,199.1,19,0.0075,,
1.4855,426,199.9,19,0.0075,,
1.494,427,200.7,19,0.007,,
1.5025,428,201.5,19,0.007,,
1.511,429,202.2,19,0.007,,
1.5185,430,202.8,19,0.007,,
1.5265,431,203.4,19,0.0075,,
1.535,432,204,19,0.0075,,
1.5435,433,204.8,19,0.007,,
1.552,434,205.5,19,0.007,,
1.5605,435,206.1,19,0.007,,
1.568,436,206.8,19,0.007,,
1.5765,437,207.4,19,0.0075,,
1.585,438,207.9,19,0.0075,,
1.5935,439,208.5,19,0.007,,
1.6015,440,209.1,19,0.0065,,
1.61,441,209.6,19,0.007,,
1.6175,442,210.1,19,0.007,,
1.626,443,210.6,19,0.0075,,
1.6345,444,211.2,19.1,0.0075,,
1.643,445,211.6,19,0.007,,
1.6515,446,212.2,19,0.007,,
1.66,447,212.6,19.1,0.007,,
1.6675,448,213.1,19,0.007,,
1.676,449,213.6,19,0.0075,,
1.684,450,213.9,19.1,0.0075,,
1.6925,451,214.5,19.1,0.007,,
1.701,452,214.9,19,0.007,,
1.7095,453,215.3,19.1,0.007,,
1.717,454,215.7,19,0.007,,
1.7255,455,216.1,19.1,0.0075,,
1.734,456,216.6,19.1,0.0075,,
1.7425,457,217,19.1,0.007,,
1.7505,458,217.4,19.1,0.0065,,
1.759,459,217.9,19.1,0.007,,
1.7665,460,218.2,19.1,0.007,,
1.775,461,218.6,19.1,0.0075,,
1.7835,462,218.9,19.1,0.0075,,
1.792,463,219.3,19.1,0.007,,
1.8005,464,219.7,19.1,0.007,,
1.809,465,220.1,19.1,0.007,,
1.8165,466,220.4,19.1,0.007,,
1.825,467,220.7,19.1,0.0075,,
1.833,468,221.1,19.1,0.0075,,
1.8415,469,221.5,19.1,0.007,,
1.85,470,221.8,19.1,0.007,,
1.8585,471,222.1,19.1,0.007,,
1.866,472,222.4,19.1,0.007,,
1.8745,473,222.7,19.1,0.0075,,
1.883,474,223.1,19.1,0.007,,
1.8915,475,223.4,19.1,0.007,,
1.9,476,223.6,19.1,0.007,,
1.908,477,223.9,19.1,0.0075,,
1.916,478,224.2,19.1,0.0075,,
1.924,479,224.6,19.1,0.0075,,
1.9325,480,224.9,19.1,0.007,,
1.941,481,225.2,19.1,0.007,,
1.9495,482,225.5,19.1,0.007,,
1.958,483,225.8,19.1,0.0075,,
1.9655,484,226,19.1,0.007,,
1.974,485,226.3,19.1,0.0075,,
1.9825,486,226.6,19.1,0.007,,
1.991,487,226.9,19.1,0.007,,
1.999,488,227.2,19.1,0.0065,,
2.007,489,227.4,19.1,0.0075,,
2.015,490,227.6,19.1,0.0075,,
2.0235,491,228,19.1,0.0075,,
2.032,492,228.3,19.1,0.007,,
2.0405,493,228.5,19.1,0.007,,
2.049,494,228.8,19.1,0.007,,
2.0565,495,229,19.1,0.007,,
2.065,496,229.2,19.1,0.0075,,
2.0735,497,229.5,19.1,0.0075,,
2.082,498,229.8,19.1,0.007,,
2.09,499,230,19.1,0.0065,,
2.0985,500,230.2,19.1,0.007,,
2.106,501,230.4,19.1,0.007,,
2.1145,502,230.7,19.1,0.0075,,
2.123,503,230.8,19.1,0.007,,
2.1315,504,231.1,19.1,0.007,,
2.14,505,231.4,19.1,0.007,,
2.1485,506,231.6,19.1,0.007,,
2.156,507,231.9,19.1,0.007,,
2.1645,508,232,19.1,0.0075,,
2.1725,509,232.3,19.1,0.0065,,
2.181,510,232.5,19.1,0.007,,
2.1895,511,232.7,19.1,0.007,,
2.198,512,232.9,19.1,0.0075,,
2.2055,513,233.1,19.1,0.007,,
2.214,514,233.3,19.1,0.0075,,
2.2225,515,233.5,19.1,0.007,,
2.231,516,233.8,19.1,0.007,,
2.2395,517,233.9,19.1,0.007,,
2.2475,518,234.2,19.1,0.0075,,
2.2535,519,234.3,19.1,0.0055,,
2.2575,520,234.4,19.1,0.0035,,
2.2595,521,234.6,19.1,0.0015,,
2.2615,522,234.6,19.1,0.0015,,
2.2635,523,234.7,19.1,0.0015,,
2.266,524,234.8,19.1,0.0025,,
2.2685,525,234.8,19.1,0.0025,,
2.273,526,234.9,19.1,0.004,,
2.2795,527,235,19.1,0.0045,,
Scope 1/1, Sample 8/9 (H3_T),,,,,
Result,TitrationEP1,,,,,
V,t,E,T,dV/dt,,
0,0,-19.1,19,NaN,,
0.0005,1,-19.5,19,0.0005,,
0.0025,2,-19.5,19,0.002,,
0.005,3,-19.6,19,0.0025,,
0.0085,4,-19.3,19,0.003,,
0.015,5,-18.6,19,0.006,,
0.023,6,-17.5,19,0.0075,,
0.0315,7,-15.7,19,0.0085,,
0.039,8,-13.4,19,0.0075,,
0.0475,9,-10.9,19,0.0075,,
0.056,10,-8.1,19,0.0075,,
0.0645,11,-5.3,19,0.0075,,
0.073,12,-2.2,19,0.0075,,
0.0805,13,0,19,0.0075,,
0.089,14,2.3,19,0.0085,,
0.097,15,4.4,19,0.0075,,
0.1055,16,6.1,19,0.0075,,
0.114,17,7.5,19,0.0075,,
0.1225,18,8.9,19,0.0075,,
0.13,19,10.3,19,0.0075,,
0.1385,20,11.7,19,0.0085,,
0.147,21,12.8,19,0.0075,,
0.1555,22,13.8,19,0.0075,,
0.164,23,14.8,19,0.0075,,
0.172,24,15.7,19,0.0075,,
0.18,25,16.4,19,0.008,,
0.188,26,17.2,19,0.008,,
0.1965,27,18,19,0.0075,,
0.205,28,18.8,19,0.0075,,
0.2135,29,19.8,19,0.0075,,
0.222,30,20.6,19,0.0075,,
0.2295,31,21.2,19,0.0075,,
0.238,32,21.9,19,0.0085,,
0.2465,33,22.6,19,0.0075,,
0.2545,34,23.4,19,0.0075,,
0.263,35,24.1,19,0.0075,,
0.2715,36,24.7,19,0.0085,,
0.279,37,25.5,19,0.0075,,
0.2875,38,26.2,19,0.0085,,
0.296,39,27,19,0.0075,,
0.3045,40,27.7,19,0.0075,,
0.313,41,28.4,19,0.0075,,
0.3215,42,28.9,19,0.0085,,
0.329,43,29.6,19,0.0075,,
0.3375,44,30.3,19,0.0085,,
0.346,45,31,19,0.0075,,
0.354,46,31.7,19,0.0075,,
0.3625,47,32.3,19,0.0075,,
0.37,48,32.8,19,0.0075,,
0.3785,49,33.5,19,0.0085,,
0.387,50,34,19,0.0075,,
0.3955,51,34.7,19,0.0075,,
0.404,52,35.4,19,0.0075,,
0.4125,53,36.1,19,0.0075,,
0.42,54,36.7,19,0.0075,,
0.4285,55,37.4,19,0.0085,,
0.4365,56,38,19,0.0075,,
0.445,57,38.7,19,0.0075,,
0.4535,58,39.4,19,0.0075,,
0.462,59,40.1,19,0.0075,,
0.4695,60,40.8,19,0.0075,,
0.478,61,41.4,19,0.0085,,
0.4865,62,42,19,0.0075,,
0.495,63,42.7,19,0.0075,,
0.503,64,43.3,19,0.0075,,
0.5115,65,44,19,0.0075,,
0.519,66,44.6,19,0.0075,,
0.5275,67,45.3,19,0.0085,,
0.536,68,46,19,0.0075,,
0.5445,69,46.6,19,0.0075,,
0.553,70,47.2,19,0.0075,,
0.5615,71,47.7,19,0.0085,,
0.569,72,48.5,19,0.0075,,
0.5775,73,49.2,19,0.0085,,
0.586,74,49.8,19,0.0075,,
0.594,75,50.4,19,0.0075,,
0.6025,76,51,19,0.0075,,
0.611,77,51.7,19,0.0075,,
0.6185,78,52.2,19,0.0075,,
0.627,79,52.8,19,0.0085,,
0.6355,80,53.3,19,0.0075,,
0.644,81,54.1,19,0.0075,,
0.6525,82,54.9,19,0.0075,,
0.6605,83,55.5,19,0.008,,
0.6685,84,56.1,19,0.008,,
0.6765,85,56.7,19,0.008,,
0.685,86,57.5,19,0.0075,,
0.6935,87,58.2,19,0.0075,,
0.702,88,59.1,19,0.0075,,
0.7105,89,59.7,19,0.0085,,
0.718,90,60.3,19,0.0075,,
0.7265,91,60.9,19,0.0085,,
0.735,92,61.5,19,0.0075,,
0.7435,93,62.3,19,0.0075,,
0.7515,94,63,19,0.0075,,
0.7595,95,63.7,19,0.008,,
0.7675,96,64.2,19,0.008,,
0.776,97,65,19,0.0085,,
0.7845,98,65.8,19,0.0075,,
0.793,99,66.6,19,0.0075,,
0.8015,100,67.3,19,0.0075,,
0.809,101,68,19,0.0075,,
0.8175,102,68.8,19,0.0085,,
0.826,103,69.7,19,0.0075,,
0.834,104,70.5,19,0.0075,,
0.8425,105,71.5,19,0.0075,,
0.851,106,72.1,19,0.0075,,
0.8585,107,72.5,19,0.0075,,
0.867,108,73.4,19,0.0085,,
0.8755,109,74.2,19,0.0075,,
0.884,110,75.2,19.1,0.0075,,
0.8925,111,76.1,19.1,0.0075,,
0.901,112,77.1,19.1,0.0075,,
0.9085,113,77.9,19.1,0.0075,,
0.917,114,78.8,19.1,0.0085,,
0.925,115,79.7,19.1,0.0075,,
0.9335,116,80.7,19.1,0.0075,,
0.942,117,81.9,19.1,0.0075,,
0.9505,118,82.8,19.1,0.0075,,
0.958,119,83.6,19.1,0.0075,,
0.9665,120,84.4,19.1,0.0085,,
0.975,121,85.5,19.1,0.0075,,
0.9835,122,86.7,19.1,0.0075,,
0.9915,123,88.1,19.1,0.0075,,
1,124,89.3,19.1,0.0075,,
1.0075,125,90.2,19.1,0.0075,,
1.016,126,91.5,19.1,0.0085,,
1.0245,127,92.7,19.1,0.0075,,
1.033,128,94,19.1,0.0075,,
1.0415,129,95.5,19.1,0.0075,,
1.05,130,97,19.1,0.0085,,
1.0575,131,98.2,19.1,0.0075,,
1.066,132,99.7,19.1,0.0085,,
1.0745,133,101.4,19.1,0.0075,,
1.0825,134,102.9,19.1,0.0075,,
1.091,135,104.5,19.1,0.0075,,
1.0995,136,106.1,19.1,0.0085,,
1.107,137,108.3,19.1,0.0075,,
1.1155,138,110.3,19.1,0.0085,,
1.124,139,112.3,19.1,0.0075,,
1.1325,140,114.8,19.1,0.0075,,
1.141,141,117,19.1,0.0075,,
1.1485,142,119.4,19.1,0.0075,,
1.157,143,122.1,19.1,0.0085,,
1.1655,144,124.7,19.1,0.0075,,
1.1735,145,127.7,19.1,0.0075,,
1.182,146,131,19.1,0.0075,,
1.1905,147,134.2,19.1,0.0075,,
1.198,148,137.4,19.1,0.0075,,
1.2065,149,140.4,19.1,0.0085,,
1.215,150,143.9,19.1,0.0075,,
1.2235,151,147.3,19.1,0.0075,,
1.232,152,150.8,19.1,0.0075,,
1.24,153,153.7,19.1,0.0075,,
1.248,154,156.6,19.1,0.008,,
1.256,155,159.6,19.1,0.008,,
1.2645,156,162.4,19.1,0.0085,,
1.273,157,164.8,19.1,0.0075,,
1.2815,158,167.4,19.1,0.0075,,
1.29,159,169.6,19.1,0.0075,,
1.2975,160,171.5,19.1,0.0075,,
1.306,161,173.6,19.1,0.0085,,
1.3145,162,175.6,19.1,0.0085,,
1.3225,163,177.5,19.1,0.0075,,
1.331,164,179.2,19.1,0.0075,,
1.3395,165,180.9,19.1,0.0075,,
1.347,166,182.3,19.1,0.0075,,
1.3555,167,183.8,19.1,0.0085,,
1.365,168,185.1,19.1,0.008,,
1.365,408,190.7,19.2,0,,
1.3655,409,190.8,19.2,0.0005,,
1.367,410,190.8,19.2,0.001,,
1.3695,411,190.9,19.2,0.002,,
1.3735,412,191.1,19.2,0.003,,
1.38,413,191.6,19.2,0.005,,
1.388,414,192.3,19.2,0.006,,
1.3965,415,193.3,19.2,0.007,,
1.404,416,194.2,19.2,0.006,,
1.4125,417,195.1,19.2,0.007,,
1.421,418,195.9,19.2,0.0065,,
1.4295,419,196.9,19.2,0.0065,,
1.438,420,197.8,19.2,0.0065,,
1.4455,421,198.6,19.2,0.006,,
1.454,422,199.5,19.2,0.007,,
1.4625,423,200.3,19.2,0.007,,
1.471,424,201,19.2,0.0065,,
1.479,425,201.7,19.2,0.006,,
1.4875,426,202.4,19.2,0.0065,,
1.495,427,203.1,19.2,0.006,,
1.5035,428,203.7,19.2,0.007,,
1.512,429,204.4,19.2,0.007,,
1.5205,430,205.1,19.2,0.0065,,
1.529,431,205.8,19.2,0.0065,,
1.5375,432,206.5,19.2,0.0065,,
1.545,433,207,19.2,0.006,,
1.5535,434,207.6,19.2,0.007,,
1.5615,435,208.3,19.2,0.0065,,
1.57,436,208.9,19.2,0.0065,,
1.5785,437,209.4,19.2,0.0065,,
1.587,438,209.9,19.2,0.0065,,
1.5945,439,210.4,19.3,0.006,,
1.603,440,210.9,19.3,0.007,,
1.6115,441,211.4,19.3,0.007,,
1.62,442,212,19.3,0.0065,,
1.628,443,212.5,19.3,0.006,,
1.6365,444,213,19.3,0.0065,,
1.644,445,213.4,19.3,0.006,,
1.6525,446,213.9,19.3,0.007,,
1.661,447,214.3,19.3,0.007,,
1.6695,448,214.9,19.3,0.0065,,
1.678,449,215.2,19.3,0.0065,,
1.6865,450,215.7,19.3,0.0065,,
1.6945,451,216.1,19.3,0.0065,,
1.7025,452,216.5,19.3,0.0065,,
1.7105,453,216.9,19.3,0.0065,,
1.719,454,217.3,19.3,0.0065,,
1.7275,455,217.8,19.3,0.0065,,
1.736,456,218.2,19.3,0.0065,,
1.7445,457,218.6,19.3,0.007,,
1.752,458,219,19.3,0.006,,
1.7605,459,219.4,19.3,0.007,,
1.769,460,219.7,19.3,0.0065,,
1.777,461,220.1,19.3,0.006,,
1.7855,462,220.5,19.3,0.0065,,
1.794,463,220.8,19.3,0.0065,,
1.8015,464,221.1,19.3,0.006,,
1.81,465,221.4,19.3,0.007,,
1.8185,466,221.8,19.3,0.0065,,
1.827,467,222.2,19.3,0.0065,,
1.8355,468,222.6,19.3,0.0065,,
1.843,469,222.8,19.3,0.006,,
1.8515,470,223.1,19.3,0.007,,
1.8595,471,223.5,19.3,0.0065,,
1.868,472,223.8,19.3,0.0065,,
1.8765,473,224.1,19.3,0.0065,,
1.885,474,224.4,19.3,0.0065,,
1.8935,475,224.7,19.3,0.007,,
1.901,476,225,19.3,0.006,,
1.9095,477,225.3,19.3,0.007,,
1.918,478,225.6,19.3,0.0065,,
1.9265,479,225.9,19.3,0.0065,,
1.9345,480,226.2,19.3,0.006,,
1.9425,481,226.5,19.3,0.0065,,
1.9505,482,226.8,19.3,0.0065,,
1.959,483,227.1,19.3,0.007,,
1.9675,484,227.4,19.3,0.0065,,
1.976,485,227.6,19.3,0.0065,,
1.9845,486,227.9,19.3,0.0065,,
1.992,487,228.2,19.3,0.006,,
2.0005,488,228.4,19.3,0.007,,
2.009,489,228.7,19.3,0.007,,
2.017,490,228.9,19.3,0.006,,
2.0255,491,229.2,19.3,0.0065,,
2.034,492,229.4,19.3,0.0065,,
2.0415,493,229.7,19.3,0.006,,
2.05,494,229.9,19.3,0.007,,
2.0585,495,230.1,19.3,0.007,,
2.067,496,230.4,19.3,0.0065,,
2.0755,497,230.7,19.3,0.0065,,
2.0835,498,230.9,19.3,0.006,,
2.092,499,231.1,19.3,0.007,,
2.0995,500,231.3,19.3,0.006,,
2.108,501,231.6,19.3,0.007,,
2.1165,502,231.8,19.3,0.0065,,
2.125,503,232,19.3,0.0065,,
2.1335,504,232.3,19.3,0.0065,,
2.142,505,232.5,19.3,0.007,,
2.1495,506,232.7,19.3,0.006,,
2.1575,507,233,19.3,0.0065,,
2.166,508,233.1,19.3,0.0065,,
2.1745,509,233.3,19.3,0.0065,,
2.183,510,233.5,19.3,0.0065,,
2.1915,511,233.7,19.3,0.007,,
2.199,512,234,19.3,0.006,,
2.207,513,234.2,19.3,0.0065,,
2.2145,514,234.5,19.3,0.006,,
2.2175,515,234.5,19.3,0.0025,,
2.218,516,234.6,19.3,0.0005,,
2.2185,517,234.7,19.3,0.0005,,
2.22,518,234.8,19.3,0.001,,
2.222,519,234.7,19.3,0.0015,,
2.225,520,234.8,19.3,0.0025,,
2.2295,521,234.8,19.3,0.0035,,
2.2375,522,235,19.3,0.0055,,
Scope 1/1, Sample 9/9 (inflow_sump),,,,,
Result,TitrationEP1,,,,,
V,t,E,T,dV/dt,E acc. stat.,Volume acc. stat.
0,0,-42.5,19.6,NaN,,
0.0005,1,-43,19.6,0.0005,,
0.0025,2,-43,19.6,0.002,,
0.005,3,-43,19.6,0.0025,,
0.009,4,-42.9,19.6,0.0035,,
0.015,5,-42.6,19.6,0.0055,,
0.0235,6,-41.7,19.6,0.0075,,
0.031,7,-40.6,19.6,0.0075,,
0.0395,8,-39.1,19.6,0.0085,,
0.048,9,-37.4,19.6,0.0075,,
0.0565,10,-35.4,19.6,0.0075,,
0.065,11,-33.3,19.6,0.0075,,
0.0725,12,-31.3,19.6,0.0075,,
0.081,13,-28.9,19.6,0.0085,,
0.0895,14,-26.2,19.6,0.0075,,
0.098,15,-23.5,19.6,0.0075,,
0.1065,16,-20.7,19.6,0.0075,,
0.1145,17,-17.4,19.6,0.0075,,
0.1225,18,-14.5,19.6,0.008,,
0.1305,19,-11.1,19.6,0.008,,
0.139,20,-8,19.6,0.0075,,
0.1475,21,-5.1,19.6,0.0075,,
0.156,22,-2,19.6,0.0075,,
0.1645,23,-0.1,19.6,0.0085,,
0.172,24,2,19.6,0.0075,,
0.1805,25,3.9,19.6,0.0085,,
0.189,26,5.5,19.6,0.0075,,
0.1975,27,6.9,19.6,0.0075,,
0.206,28,8.2,19.6,0.0075,,
0.2135,29,9.5,19.6,0.0075,,
0.222,30,10.6,19.6,0.0085,,
0.23,31,11.7,19.6,0.0075,,
0.2385,32,12.8,19.6,0.0075,,
0.247,33,13.9,19.6,0.0075,,
0.2545,34,14.8,19.6,0.0075,,
0.263,35,15.8,19.6,0.0085,,
0.2715,36,16.8,19.6,0.0075,,
0.28,37,17.7,19.6,0.0075,,
0.2885,38,18.7,19.6,0.0075,,
0.297,39,19.4,19.6,0.0085,,
0.3045,40,20.3,19.6,0.0075,,
0.313,41,21.1,19.6,0.0085,,
0.3215,42,22.1,19.6,0.0075,,
0.3295,43,22.9,19.6,0.0075,,
0.338,44,23.8,19.6,0.0075,,
0.346,45,24.4,19.6,0.008,,
0.354,46,25.2,19.6,0.008,,
0.3625,47,25.9,19.6,0.0075,,
0.371,48,26.8,19.6,0.0075,,
0.3795,49,27.8,19.6,0.0075,,
0.388,50,28.5,19.6,0.0085,,
0.3955,51,29.2,19.6,0.0075,,
0.404,52,30,19.6,0.0085,,
0.4125,53,30.9,19.6,0.0075,,
0.421,54,31.6,19.6,0.0075,,
0.429,55,32.2,19.6,0.0075,,
0.437,56,32.9,19.6,0.008,,
0.4455,57,33.7,19.6,0.0085,,
0.4535,58,34.4,19.6,0.008,,
0.462,59,35,19.6,0.0075,,
0.4705,60,35.8,19.6,0.0075,,
0.479,61,36.5,19.6,0.0075,,
0.4865,62,37.1,19.6,0.0075,,
0.495,63,37.8,19.6,0.0085,,
0.5035,64,38.6,19.6,0.0075,,
0.512,65,39.3,19.6,0.0075,,
0.5205,66,40.1,19.6,0.0075,,
0.528,67,40.8,19.6,0.0075,,
0.5365,68,41.5,19.6,0.0085,,
0.5445,69,42.3,19.6,0.008,,
0.553,70,42.9,19.6,0.0075,,
0.5615,71,43.7,19.6,0.0075,,
0.57,72,44.5,19.6,0.0075,,
0.5775,73,45.2,19.6,0.0075,,
0.586,74,45.9,19.6,0.0085,,
0.5945,75,46.5,19.6,0.0075,,
0.603,76,47.3,19.6,0.0075,,
0.6115,77,47.9,19.7,0.0075,,
0.6195,78,48.6,19.7,0.0075,,
0.6275,79,49.1,19.7,0.008,,
0.6355,80,49.9,19.7,0.008,,
0.644,81,50.6,19.7,0.0075,,
0.6525,82,51.2,19.7,0.0075,,
0.661,83,52,19.7,0.0075,,
0.6685,84,52.8,19.7,0.0075,,
0.677,85,53.7,19.7,0.0085,,
0.6855,86,54.4,19.7,0.0075,,
0.694,87,55.2,19.7,0.0075,,
0.7025,88,55.9,19.7,0.0075,,
0.711,89,56.6,19.7,0.0075,,
0.7185,90,57.3,19.7,0.0075,,
0.727,91,58.1,19.7,0.0085,,
0.735,92,58.8,19.7,0.0075,,
0.7435,93,59.5,19.7,0.0075,,
0.752,94,60.4,19.7,0.0075,,
0.7605,95,61.1,19.7,0.0075,,
0.768,96,61.6,19.7,0.0075,,
0.7765,97,62.3,19.7,0.0085,,
0.785,98,63.1,19.7,0.0075,,
0.7935,99,63.8,19.7,0.0075,,
0.802,100,64.6,19.7,0.0075,,
0.8095,101,65.2,19.7,0.0075,,
0.818,102,66.2,19.7,0.0085,,
0.826,103,67,19.7,0.0075,,
0.8345,104,67.8,19.7,0.0075,,
0.843,105,68.6,19.7,0.0075,,
0.8515,106,69.5,19.7,0.0075,,
0.859,107,70,19.7,0.0075,,
0.8675,108,71,19.7,0.0085,,
0.876,109,72.1,19.7,0.0075,,
0.8845,110,73,19.7,0.0075,,
0.893,111,73.8,19.7,0.0075,,
0.9005,112,74.8,19.7,0.0075,,
0.909,113,75.8,19.7,0.0085,,
0.9175,114,77.1,19.7,0.0085,,
0.9255,115,78.1,19.7,0.0075,,
0.934,116,78.8,19.7,0.0075,,
0.9425,117,79.6,19.7,0.0075,,
0.95,118,80.7,19.7,0.0075,,
0.9585,119,81.6,19.7,0.0085,,
0.967,120,82.5,19.7,0.0075,,
0.9755,121,83.7,19.7,0.0075,,
0.984,122,84.7,19.7,0.0075,,
0.9925,123,85.8,19.7,0.0085,,
1,124,86.9,19.7,0.0075,,
1.0085,125,88.1,19.7,0.0085,,
1.017,126,89.4,19.7,0.0075,,
1.025,127,90.4,19.7,0.0075,,
1.0335,128,91.6,19.7,0.0075,,
1.041,129,92.9,19.7,0.0075,,
1.0495,130,94.3,19.7,0.0085,,
1.058,131,95.9,19.7,0.0075,,
1.0665,132,97.4,19.7,0.0075,,
1.075,133,98.9,19.7,0.0075,,
1.0835,134,100.1,19.7,0.0085,,
1.091,135,101.8,19.7,0.0075,,
1.0995,136,103.6,19.7,0.0085,,
1.108,137,105.8,19.7,0.0075,,
1.1165,138,107.7,19.7,0.0075,,
1.1245,139,110,19.7,0.0075,,
1.1325,140,111.6,19.7,0.008,,
1.1405,141,113.9,19.7,0.008,,
1.149,142,116.3,19.7,0.0075,,
1.1575,143,118.7,19.7,0.0075,,
1.166,144,121.4,19.7,0.0075,,
1.1745,145,124,19.7,0.0085,,
1.182,146,126.8,19.7,0.0075,,
1.1905,147,129.6,19.7,0.0085,,
1.199,148,132.9,19.7,0.0075,,
1.2075,149,136.1,19.7,0.0075,,
1.216,150,139.8,19.7,0.0075,,
1.2235,151,143.2,19.7,0.0075,,
1.232,152,146.5,19.7,0.0085,,
1.24,153,149.9,19.7,0.0075,,
1.2485,154,153.2,19.7,0.0075,,
1.257,155,156.3,19.7,0.0075,,
1.2655,156,159,19.7,0.0085,,
1.273,157,161.7,19.7,0.0075,,
1.2815,158,164.2,19.7,0.0085,,
1.29,159,166.7,19.7,0.0075,,
1.2985,160,168.8,19.7,0.0075,,
1.307,161,171,19.7,0.0075,,
1.3145,162,173.1,19.7,0.0075,,
1.323,163,175.1,19.7,0.0085,,
1.3315,164,177.1,19.7,0.0075,,
1.34,165,178.8,19.7,0.0075,,
1.348,166,180.6,19.7,0.0075,,
1.3565,167,182,19.7,0.0085,,
1.364,168,183.5,19.7,0.0075,,
1.3725,169,184.9,19.7,0.0085,,
1.3765,170,185.1,19.7,0.0065,,
1.3765,410,191,19.9,0,,
1.377,411,191,19.9,0.001,,
1.3785,412,191,19.9,0.0025,,
1.381,413,191.1,19.9,0.0035,,
1.3855,414,191.4,19.9,0.0065,,
1.3915,415,191.9,19.9,0.0085,,
1.4,416,192.6,19.9,0.014,,
1.4075,417,193.6,19.9,0.0125,,
1.416,418,194.6,19.9,0.014,,
1.4245,419,195.5,19.9,0.012,,
1.433,420,196.5,19.9,0.012,,
1.4415,421,197.3,19.9,0.012,,
1.449,422,198.1,19.9,0.0125,,
1.4575,423,198.9,19.9,0.014,,
1.466,424,199.8,19.9,0.012,,
1.474,425,200.6,19.9,0.0115,,
1.4825,426,201.4,19.9,0.012,,
1.491,427,202,19.9,0.012,,
1.4985,428,202.7,19.9,0.0125,,
1.507,429,203.5,19.9,0.014,,
1.5155,430,204.2,19.9,0.012,,
1.524,431,204.9,19.9,0.012,,
1.5325,432,205.5,19.9,0.012,,
1.54,433,206.1,19.9,0.0125,,
1.5485,434,206.7,19.9,0.014,,
1.557,435,207.4,19.9,0.012,,
1.5655,436,208,19.9,0.012,,
1.5735,437,208.6,19.9,0.0115,,
1.582,438,209,19.9,0.014,,
1.5895,439,209.6,19.9,0.0125,,
1.598,440,210.2,19.9,0.014,,
1.6065,441,210.7,19.9,0.012,,
1.615,442,211.2,19.9,0.012,,
1.6235,443,211.8,19.9,0.012,,
1.631,444,212.3,19.9,0.0125,,
1.6395,445,212.8,19.9,0.014,,
1.648,446,213.3,19.9,0.014,,
1.6565,447,213.8,19.9,0.012,,
1.665,448,214.2,19.9,0.012,,
1.673,449,214.8,19.9,0.0115,,
1.681,450,215.2,19.9,0.0135,,
1.689,451,215.6,19.9,0.0135,,
1.6975,452,216,19.9,0.012,,
1.706,453,216.4,19.9,0.012,,
1.7145,454,216.9,19.9,0.012,,
1.723,455,217.3,19.9,0.014,,
1.7305,456,217.7,19.9,0.0125,,
1.739,457,218.1,19.9,0.014,,
1.7475,458,218.5,19.9,0.012,,
1.756,459,218.9,19.9,0.012,,
1.764,460,219.3,19.9,0.0115,,
1.772,461,219.7,19.9,0.0135,,
1.78,462,220,19.9,0.0135,,
1.7885,463,220.3,19.9,0.012,,
1.797,464,220.7,19.9,0.012,,
1.8055,465,221.1,19.9,0.012,,
1.814,466,221.5,19.9,0.012,,
1.8215,467,221.8,19.9,0.0125,,
1.83,468,222.1,19.9,0.014,,
1.8385,469,222.5,19.9,0.012,,
1.847,470,222.8,19.9,0.012,,
1.855,471,223.1,19.9,0.0115,,
1.8635,472,223.4,19.9,0.014,,
1.871,473,223.7,19.9,0.0125,,
1.8795,474,224,19.9,0.014,,
1.888,475,224.4,19.9,0.012,,
1.8965,476,224.7,19.9,0.012,,
1.905,477,225,19.9,0.012,,
1.9125,478,225.3,19.9,0.0125,,
1.921,479,225.6,19.9,0.014,,
1.9295,480,225.9,19.9,0.014,,
1.938,481,226.2,19.9,0.012,,
1.946,482,226.5,19.9,0.0115,,
1.9545,483,226.8,19.9,0.012,,
1.9625,484,227,19.9,0.0135,,
1.9705,485,227.3,19.9,0.0135,,
1.979,486,227.6,19.9,0.012,,
1.9875,487,227.9,19.9,0.012,,
1.996,488,228.2,19.9,0.012,,
2.0045,489,228.3,20,0.014,,
2.012,490,228.7,20,0.0125,,
2.0205,491,228.9,20,0.014,,
2.029,492,229.2,19.9,0.012,,
2.0375,493,229.4,20,0.012,,
2.0455,494,229.6,20,0.0115,,
2.0535,495,229.9,19.9,0.0135,,
2.062,496,230.2,20,0.014,,
2.07,497,230.4,20,0.0115,,
2.0785,498,230.6,20,0.012,,
2.087,499,230.9,20,0.012,,
2.0945,500,231.1,20,0.0125,,
2.103,501,231.4,20,0.014,,
2.1115,502,231.6,20,0.014,,
2.12,503,231.8,20,0.012,,
2.1285,504,232.1,20,0.012,,
2.137,505,232.3,20,0.012,,
2.1445,506,232.6,20,0.0125,,
2.153,507,232.8,20,0.014,,
2.1615,508,233,20,0.012,,
2.1695,509,233.2,20,0.0115,,
2.178,510,233.4,20,0.012,,
2.1865,511,233.6,20,0.014,,
2.194,512,233.8,20,0.0125,,
2.2025,513,234,20,0.014,,
2.2105,514,234.2,20,0.0115,,
2.2155,515,234.4,20,0.007,,
2.2175,516,234.6,20,0.003,,
2.218,517,234.6,20,0.001,,
2.2195,518,234.6,20,0.0025,,
2.2215,519,234.7,20,0.003,,
2.2245,520,234.8,20,0.0045,,
2.2285,521,234.8,20,0.0055,,
2.233,522,234.9,20,0.0075,,
2.238,523,235.1,20,0.007,,
