H0_T,,,,,
V [mL],t [s],E [mV],dV/dt [mL/s],T [°C],Point label
0,0,-18.5,NaN,16.9,
0.001,1,-18.8,0.001,16.9,
0.0025,2,-18.8,0.0015,16.9,
0.005,3,-18.9,0.002,16.9,
0.009,4,-18.7,0.0035,16.9,
0.015,5,-18.2,0.0055,16.9,
0.023,6,-16.9,0.0075,16.9,
0.0315,7,-14.9,0.0075,16.9,
0.04,8,-12.4,0.0075,16.9,
0.0485,9,-9.7,0.007,16.9,
0.056,10,-7,0.007,16.9,
0.0645,11,-4,0.0075,16.9,
0.073,12,-0.4,0.0075,16.9,
0.081,13,1.3,0.0075,16.9,
0.0895,14,3.4,0.0075,16.9,
0.098,15,5.2,0.007,16.9,
0.1055,16,6.6,0.007,16.9,
0.114,17,7.9,0.0075,16.9,
0.1225,18,9.2,0.0075,16.9,
0.131,19,10.6,0.0075,16.9,
0.1395,20,11.8,0.0075,16.9,
0.1475,21,12.9,0.0065,16.9,
0.156,22,14,0.0075,16.9,
0.1635,23,14.9,0.007,16.9,
0.172,24,15.8,0.0075,16.9,
0.1805,25,16.6,0.0075,16.9,
0.189,26,17.4,0.0075,16.9,
0.1975,27,18.1,0.007,16.9,
0.205,28,18.7,0.007,16.9,
0.2135,29,19.5,0.0075,16.9,
0.222,30,20.2,0.0075,16.9,
0.2305,31,21,0.0075,16.9,
0.2385,32,21.9,0.0075,16.9,
0.247,33,22.6,0.007,16.9,
0.2545,34,23.2,0.007,16.9,
0.263,35,23.9,0.0075,16.9,
0.2715,36,24.5,0.0075,16.9,
0.28,37,25.2,0.0075,16.9,
0.2885,38,25.9,0.0075,16.9,
0.297,39,26.6,0.007,16.9,
0.3045,40,27.1,0.007,16.9,
0.313,41,27.8,0.0075,16.9,
0.321,42,28.4,0.0075,16.9,
0.3295,43,29.1,0.0075,16.9,
0.338,44,29.7,0.0075,16.9,
0.3465,45,30.4,0.007,16.9,
0.354,46,31.1,0.007,16.9,
0.3625,47,31.8,0.0075,16.9,
0.371,48,32.6,0.0075,16.9,
0.3795,49,33.2,0.0075,16.9,
0.388,50,33.8,0.007,16.9,
0.3955,51,34.4,0.007,16.9,
0.404,52,35.1,0.0075,16.9,
0.412,53,35.8,0.0075,16.9,
0.4205,54,36.4,0.0075,16.9,
0.429,55,37.1,0.0075,16.9,
0.4375,56,37.8,0.0075,16.9,
0.446,57,38.4,0.007,17,
0.4535,58,38.9,0.007,17,
0.462,59,39.6,0.0075,17,
0.4705,60,40.2,0.0075,17,
0.4785,61,40.8,0.0075,17,
0.487,62,41.4,0.0075,17,
0.4955,63,42.1,0.0075,17,
0.503,64,42.7,0.007,17,
0.5115,65,43.2,0.0075,17,
0.52,66,43.8,0.0075,17,
0.5285,67,44.3,0.0075,17,
0.537,68,45,0.007,17,
0.545,69,45.5,0.0075,17,
0.553,70,46.2,0.0075,17,
0.561,71,46.9,0.0075,17,
0.5695,72,47.6,0.0075,17,
0.578,73,48.3,0.0075,17,
0.5865,74,49,0.007,17,
0.594,75,49.4,0.007,17,
0.6025,76,50,0.0075,17,
0.611,77,50.5,0.0075,17,
0.6195,78,51.1,0.0075,17,
0.628,79,51.9,0.0075,17,
0.636,80,52.7,0.0065,17,
0.644,81,53.3,0.0075,17,
0.652,82,54.1,0.0075,17,
0.6605,83,54.7,0.0075,17,
0.669,84,55.3,0.0075,17,
0.6775,85,55.9,0.0075,17,
0.686,86,56.5,0.0075,17,
0.6935,87,57,0.007,17,
0.702,88,57.7,0.0075,17,
0.7105,89,58.4,0.0075,17,
0.719,90,59.1,0.0075,17,
0.7275,91,59.7,0.007,17,
0.735,92,60.1,0.007,17,
0.7435,93,60.7,0.0075,17,
0.7515,94,61.4,0.0075,17,
0.76,95,62.2,0.0075,17,
0.7685,96,63,0.0075,17,
0.777,97,63.9,0.007,17,
0.7845,98,64.6,0.007,17,
0.793,99,65.2,0.0075,17,
0.8015,100,66,0.0075,17,
0.81,101,66.7,0.0075,17,
0.818,102,67.3,0.0075,17,
0.8265,103,68,0.007,17,
0.834,104,68.8,0.007,17,
0.8425,105,69.7,0.0075,17,
0.851,106,70.4,0.0075,17,
0.8595,107,71.2,0.0075,17,
0.868,108,72.4,0.0075,17.1,
0.8765,109,73.4,0.007,17.1,
0.884,110,74,0.007,17.1,
0.8925,111,74.9,0.0075,17,
0.9005,112,75.7,0.0075,17.1,
0.909,113,76.4,0.0075,17.1,
0.9175,114,77.1,0.0075,17.1,
0.926,115,78.1,0.007,17.1,
0.9335,116,79,0.007,17.1,
0.942,117,80,0.0075,17.1,
0.9505,118,81,0.0075,17.1,
0.959,119,82.1,0.0075,17.1,
0.9675,120,83.1,0.0075,17.1,
0.9755,121,83.9,0.0075,17.1,
0.9835,122,84.9,0.0075,17.1,
0.9915,123,85.9,0.0075,17.1,
1,124,86.9,0.0075,17.1,
1.0085,125,88,0.0075,17.1,
1.017,126,89.2,0.007,17.1,
1.0255,127,90.6,0.0075,17.1,
1.033,128,92,0.007,17.1,
1.0415,129,93.3,0.0075,17.1,
1.0495,130,94.7,0.0075,17.1,
1.058,131,95.9,0.0075,17.1,
1.0665,132,97.7,0.007,17.1,
1.075,133,98.8,0.007,17.1,
1.0825,134,100.2,0.007,17.1,
1.091,135,102.3,0.0075,17.1,
1.0995,136,103.9,0.0075,17.1,
1.108,137,105.8,0.0075,17.1,
1.116,138,107.9,0.0075,17.1,
1.1245,139,109.8,0.007,17.1,
1.132,140,111.5,0.007,17.1,
1.1405,141,113.8,0.0075,17.1,
1.149,142,116.3,0.0075,17.1,
1.1575,143,118.5,0.0075,17.1,
1.166,144,121.3,0.0075,17.1,
1.1745,145,124.2,0.007,17.1,
1.182,146,127,0.007,17.1,
1.1905,147,129.8,0.0075,17.1,
1.199,148,132.9,0.0075,17.1,
1.207,149,136.4,0.0075,17.1,
1.2155,150,139.2,0.0075,17.1,
1.224,151,142.8,0.007,17.1,
1.2315,152,145.9,0.007,17.1,
1.24,153,149.4,0.0075,17.1,
1.2485,154,152.6,0.0075,17.1,
1.257,155,155.5,0.0075,17.1,
1.2655,156,158.4,0.0075,17.1,
1.2735,157,161,0.0065,17.1,
1.2815,158,163.3,0.0075,17.1,
1.2895,159,165.8,0.0075,17.1,
1.298,160,168,0.0075,17.1,
1.3065,161,170.1,0.0075,17.1,
1.315,162,172,0.0075,17.1,
1.3235,163,173.8,0.007,17.1,
1.331,164,175.5,0.007,17.1,
1.3395,165,177.3,0.0075,17.1,
1.348,166,178.9,0.0075,17.1,
1.356,167,180.5,0.0075,17.1,
1.3645,168,182.1,0.0075,17.1,
1.373,169,183.5,0.007,17.1,
1.3805,170,184.8,0.007,17.1,
1.3845,171,185,0.0065,17.1,
1.3845,411,191.1,0,17.4,
1.385,412,191.1,0.0005,17.4,
1.3865,413,191.2,0.002,17.4,
1.389,414,191.3,0.0035,17.4,
1.393,415,191.4,0.005,17.4,
1.399,416,191.9,0.0075,17.4,
1.4075,417,192.6,0.0105,17.4,
1.415,418,193.4,0.0105,17.4,
1.4235,419,194.2,0.012,17.4,
1.432,420,195.1,0.0105,17.4,
1.44,421,196,0.01,17.4,
1.4485,422,196.9,0.0105,17.4,
1.457,423,197.7,0.0105,17.4,
1.4645,424,198.4,0.0105,17.4,
1.473,425,199.2,0.012,17.4,
1.4815,426,200,0.0105,17.4,
1.49,427,200.7,0.0105,17.4,
1.4985,428,201.4,0.0105,17.4,
1.507,429,202,0.012,17.4,
1.5145,430,202.7,0.0105,17.4,
1.523,431,203.4,0.012,17.4,
1.531,432,204,0.01,17.4,
1.5395,433,204.7,0.0105,17.4,
1.548,434,205.2,0.0105,17.4,
1.5555,435,205.8,0.0105,17.4,
1.564,436,206.5,0.012,17.4,
1.5725,437,207.1,0.012,17.4,
1.581,438,207.7,0.0105,17.4,
1.5895,439,208.2,0.0105,17.5,
1.5975,440,208.7,0.01,17.4,
1.606,441,209.2,0.012,17.4,
1.6135,442,209.7,0.0105,17.5,
1.622,443,210.3,0.012,17.4,
1.6305,444,210.8,0.0105,17.5,
1.639,445,211.4,0.0105,17.5,
1.6475,446,211.8,0.0105,17.5,
1.655,447,212.2,0.0105,17.5,
1.6635,448,212.6,0.012,17.5,
1.672,449,213.1,0.012,17.5,
1.6805,450,213.5,0.0105,17.5,
1.6885,451,214,0.01,17.5,
1.697,452,214.4,0.0105,17.5,
1.7045,453,214.8,0.0105,17.5,
1.713,454,215.3,0.012,17.5,
1.7215,455,215.7,0.012,17.5,
1.73,456,216.1,0.0105,17.5,
1.7385,457,216.5,0.0105,17.5,
1.747,458,216.9,0.0105,17.5,
1.7545,459,217.3,0.0105,17.5,
1.763,460,217.6,0.012,17.5,
1.771,461,218,0.01,17.5,
1.7795,462,218.4,0.0105,17.5,
1.788,463,218.8,0.0105,17.5,
1.7965,464,219.2,0.0105,17.5,
1.804,465,219.4,0.0105,17.5,
1.8125,466,219.8,0.012,17.5,
1.821,467,220.1,0.0105,17.5,
1.8295,468,220.5,0.0105,17.5,
1.838,469,220.9,0.0105,17.5,
1.8455,470,221.1,0.0105,17.5,
1.854,471,221.5,0.012,17.5,
1.862,472,221.8,0.0115,17.5,
1.8705,473,222.2,0.0105,17.5,
1.879,474,222.5,0.0105,17.5,
1.8875,475,222.7,0.0105,17.5,
1.896,476,223.1,0.012,17.5,
1.9035,477,223.3,0.0105,17.5,
1.912,478,223.7,0.012,17.5,
1.9205,479,223.9,0.0105,17.5,
1.9285,480,224.3,0.01,17.5,
1.937,481,224.6,0.0105,17.5,
1.9455,482,224.8,0.012,17.5,
1.953,483,225.1,0.0105,17.5,
1.9615,484,225.4,0.012,17.5,
1.97,485,225.7,0.0105,17.5,
1.9785,486,225.9,0.0105,17.5,
1.987,487,226.2,0.0105,17.5,
1.9945,488,226.4,0.0105,17.5,
2.003,489,226.7,0.012,17.5,
2.011,490,226.9,0.0115,17.5,
2.0195,491,227.2,0.0105,17.5,
2.028,492,227.5,0.0105,17.5,
2.0365,493,227.8,0.0105,17.5,
2.044,494,227.9,0.0105,17.5,
2.0525,495,228.2,0.012,17.5,
2.061,496,228.5,0.012,17.5,
2.0695,497,228.8,0.0105,17.5,
2.078,498,228.9,0.0105,17.5,
2.086,499,229.2,0.01,17.5,
2.0945,500,229.5,0.012,17.5,
2.102,501,229.7,0.0105,17.5,
2.1105,502,229.9,0.012,17.5,
2.119,503,230.1,0.0105,17.5,
2.1275,504,230.4,0.0105,17.5,
2.136,505,230.6,0.0105,17.5,
2.144,506,230.8,0.0115,17.5,
2.152,507,231,0.0115,17.5,
2.16,508,231.2,0.0115,17.5,
2.1685,509,231.5,0.0105,17.5,
2.177,510,231.7,0.0105,17.5,
2.1855,511,231.9,0.0105,17.5,
2.193,512,232.1,0.0105,17.5,
2.2015,513,232.3,0.012,17.5,
2.21,514,232.5,0.012,17.5,
2.2185,515,232.7,0.0105,17.6,
2.227,516,233,0.0105,17.6,
2.235,517,233.2,0.01,17.6,
2.243,518,233.3,0.0115,17.6,
2.251,519,233.6,0.0115,17.6,
2.2595,520,233.7,0.012,17.6,
2.268,521,234,0.0105,17.6,
2.2765,522,234.2,0.0105,17.6,
2.2835,523,234.4,0.0085,17.6,
2.29,524,234.5,0.0095,17.6,
2.293,525,234.6,0.0045,17.6,
2.2935,526,234.7,0.0005,17.6,
2.2945,527,234.8,0.001,17.6,
2.2955,528,234.8,0.001,17.6,
2.2975,529,234.8,0.0025,17.6,
2.3,530,234.9,0.0035,17.6,
2.306,531,235,0.006,17.6,
2.306,,235,,,EP
H0_B,,,,,
V [mL],t [s],E [mV],dV/dt [mL/s],T [°C],Point label
2.183,510,232.2,0.006,18,
0,0,-16.2,NaN,17.5,
0.0005,1,-16.6,0.0005,17.5,
0.0025,2,-16.6,0.002,17.5,
0.005,3,-16.6,0.0025,17.5,
0.009,4,-16.4,0.0035,17.5,
0.015,5,-15.7,0.0055,17.5,
0.0235,6,-14.5,0.0085,17.5,
0.031,7,-12.3,0.0075,17.5,
0.0395,8,-9.8,0.0085,17.5,
0.048,9,-6.8,0.0075,17.5,
0.0565,10,-3.7,0.0075,17.5,
0.065,11,-0.1,0.0075,17.5,
0.0725,12,2,0.0075,17.5,
0.081,13,4.3,0.0085,17.5,
0.0895,14,6.1,0.0085,17.5,
0.098,15,7.8,0.0075,17.5,
0.106,16,9.5,0.0075,17.5,
0.1145,17,11,0.0075,17.5,
0.123,18,12.1,0.0085,17.5,
0.1305,19,13.4,0.0075,17.5,
0.139,20,14.6,0.0085,17.5,
0.1475,21,15.6,0.0075,17.5,
0.156,22,16.5,0.0075,17.5,
0.1645,23,17.4,0.0075,17.5,
0.1725,24,18.1,0.008,17.5,
0.1805,25,19,0.008,17.5,
0.1885,26,19.9,0.008,17.5,
0.197,27,20.6,0.0075,17.5,
0.2055,28,21.4,0.0075,17.5,
0.214,29,22.2,0.0075,17.5,
0.2215,30,22.9,0.0075,17.5,
0.23,31,23.6,0.0085,17.5,
0.2385,32,24.2,0.0085,17.5,
0.247,33,25,0.0075,17.5,
0.255,34,25.8,0.0075,17.5,
0.2635,35,26.6,0.0075,17.5,
0.271,36,27.2,0.0075,17.6,
0.2795,37,28.1,0.0085,17.6,
0.288,38,28.8,0.0085,17.6,
0.2965,39,29.6,0.0075,17.6,
0.305,40,30.4,0.0075,17.6,
0.3135,41,31,0.0075,17.6,
0.3215,42,31.5,0.008,17.6,
0.3295,43,32.2,0.008,17.6,
0.3375,44,32.8,0.008,17.6,
0.346,45,33.3,0.0075,17.6,
0.3545,46,34,0.0075,17.6,
0.363,47,34.6,0.0075,17.6,
0.3705,48,35.2,0.0075,17.6,
0.379,49,35.8,0.0085,17.6,
0.3875,50,36.5,0.0085,17.6,
0.396,51,37.2,0.0075,17.6,
0.404,52,37.8,0.0075,17.6,
0.4125,53,38.3,0.0075,17.6,
0.42,54,38.8,0.0075,17.6,
0.4285,55,39.4,0.0085,17.6,
0.437,56,39.9,0.0085,17.6,
0.4455,57,40.6,0.0075,17.6,
0.454,58,41.2,0.0075,17.6,
0.4625,59,42,0.0075,17.6,
0.47,60,42.4,0.0075,17.6,
0.4785,61,43.1,0.0085,17.6,
0.487,62,43.6,0.0085,17.6,
0.495,63,44.2,0.0075,17.6,
0.5035,64,44.8,0.0075,17.6,
0.512,65,45.3,0.0075,17.6,
0.5195,66,45.9,0.0075,17.6,
0.528,67,46.6,0.0085,17.6,
0.5365,68,47.3,0.0085,17.6,
0.545,69,48,0.0075,17.6,
0.5535,70,48.7,0.0075,17.6,
0.5615,71,49.4,0.0075,17.6,
0.5695,72,49.9,0.008,17.6,
0.5775,73,50.6,0.008,17.6,
0.586,74,51.3,0.0085,17.6,
0.5945,75,51.9,0.0075,17.6,
0.603,76,52.5,0.0075,17.6,
0.6115,77,53.1,0.0075,17.6,
0.619,78,53.5,0.0075,17.6,
0.6275,79,54.2,0.0085,17.6,
0.636,80,54.8,0.0085,17.6,
0.644,81,55.4,0.0075,17.6,
0.6525,82,56,0.0075,17.6,
0.661,83,56.7,0.0075,17.6,
0.6685,84,57.3,0.0075,17.6,
0.677,85,57.9,0.0085,17.6,
0.6855,86,58.7,0.0085,17.6,
0.694,87,59.2,0.0075,17.6,
0.7025,88,59.8,0.0075,17.6,
0.711,89,60.4,0.0075,17.6,
0.7185,90,61,0.0075,17.6,
0.7265,91,61.8,0.008,17.6,
0.735,92,62.7,0.0085,17.6,
0.7435,93,63.4,0.0075,17.6,
0.752,94,64,0.0075,17.6,
0.7605,95,64.5,0.0075,17.6,
0.768,96,65.2,0.0075,17.6,
0.7765,97,66,0.0085,17.6,
0.785,98,66.8,0.0075,17.6,
0.7935,99,67.5,0.0075,17.6,
0.8015,100,68.1,0.0075,17.6,
0.81,101,68.9,0.0075,17.6,
0.8175,102,69.7,0.0075,17.6,
0.826,103,70.3,0.0085,17.6,
0.8345,104,71,0.0075,17.6,
0.843,105,71.7,0.0075,17.6,
0.8515,106,72.4,0.0075,17.6,
0.859,107,73.2,0.0075,17.6,
0.8675,108,74,0.0085,17.7,
0.876,109,74.8,0.0085,17.6,
0.8845,110,75.5,0.0075,17.7,
0.8925,111,76.3,0.0075,17.7,
0.901,112,76.9,0.0075,17.7,
0.9085,113,77.8,0.0075,17.7,
0.917,114,79.1,0.0085,17.7,
0.9255,115,80.2,0.0085,17.7,
0.934,116,81.1,0.0075,17.7,
0.9425,117,82,0.0075,17.7,
0.951,118,83.1,0.0075,17.7,
0.9585,119,84,0.0075,17.7,
0.967,120,85.1,0.0085,17.7,
0.9755,121,85.7,0.0075,17.7,
0.9835,122,86.7,0.0075,17.7,
0.992,123,88,0.0075,17.7,
1.0005,124,88.9,0.0075,17.7,
1.008,125,90,0.0075,17.7,
1.0165,126,91.2,0.0085,17.7,
1.025,127,92.4,0.0075,17.7,
1.0335,128,93.8,0.0075,17.7,
1.042,129,95.2,0.0075,17.7,
1.0505,130,96.4,0.0085,17.7,
1.058,131,97.9,0.0075,17.7,
1.0665,132,99.4,0.0085,17.7,
1.0745,133,100.8,0.0075,17.7,
1.083,134,102,0.0075,17.7,
1.0915,135,103.6,0.0075,17.7,
1.099,136,105.3,0.0075,17.7,
1.1075,137,106.9,0.0085,17.7,
1.116,138,109,0.0085,17.7,
1.1245,139,111.2,0.0075,17.7,
1.133,140,113.3,0.0075,17.7,
1.141,141,115.1,0.0075,17.7,
1.149,142,117.2,0.008,17.7,
1.157,143,119.8,0.008,17.7,
1.1655,144,122.5,0.0085,17.7,
1.174,145,125,0.0075,17.7,
1.1825,146,127.8,0.0075,17.7,
1.191,147,130.9,0.0075,17.7,
1.1985,148,133.1,0.0075,17.7,
1.207,149,136.6,0.0085,17.7,
1.2155,150,140,0.0085,17.7,
1.2235,151,143.5,0.0075,17.7,
1.232,152,146.8,0.0075,17.7,
1.2405,153,149.7,0.0075,17.7,
1.249,154,152.4,0.0085,17.7,
1.2565,155,155.4,0.0075,17.7,
1.265,156,158.6,0.0085,17.7,
1.2735,157,161.2,0.0075,17.7,
1.282,158,163.7,0.0075,17.7,
1.29,159,166.1,0.0075,17.7,
1.298,160,168.3,0.008,17.7,
1.306,161,170.5,0.008,17.7,
1.3145,162,172.3,0.0085,17.7,
1.323,163,174.4,0.0075,17.7,
1.3315,164,176.2,0.0075,17.7,
1.34,165,177.8,0.0075,17.7,
1.3485,166,179.4,0.0085,17.7,
1.356,167,181.1,0.0075,17.7,
1.3645,168,182.6,0.0085,17.7,
1.3725,169,184,0.0075,17.7,
1.3815,170,185,0.0075,17.7,
1.3815,410,190.7,0,17.9,
1.382,411,190.6,0.0005,17.9,
1.3835,412,190.6,0.001,17.9,
1.386,413,190.8,0.002,17.9,
1.39,414,191,0.003,17.9,
1.3965,415,191.5,0.0045,17.9,
1.405,416,192.2,0.006,17.9,
1.4125,417,193,0.006,17.9,
1.421,418,194,0.0065,17.9,
1.4295,419,194.9,0.0065,17.9,
1.4375,420,195.8,0.0055,17.9,
1.446,421,196.6,0.006,17.9,
1.4545,422,197.5,0.006,17.9,
1.462,423,198.1,0.006,17.9,
1.4705,424,199.1,0.0065,17.9,
1.479,425,199.8,0.0065,17.9,
1.4875,426,200.6,0.006,17.9,
1.496,427,201.3,0.006,17.9,
1.504,428,202,0.0055,18,
1.512,429,202.6,0.006,18,
1.52,430,203.4,0.006,18,
1.5285,431,204,0.0065,18,
1.537,432,204.7,0.006,17.9,
1.5455,433,205.4,0.006,18,
1.554,434,206,0.006,18,
1.5615,435,206.6,0.006,18,
1.57,436,207.2,0.0065,18,
1.5785,437,207.7,0.006,18,
1.587,438,208.3,0.006,18,
1.595,439,208.8,0.0055,18,
1.6035,440,209.2,0.0065,18,
1.611,441,209.8,0.006,18,
1.6195,442,210.3,0.0065,18,
1.628,443,210.8,0.006,18,
1.6365,444,211.3,0.006,18,
1.645,445,211.8,0.006,18,
1.6535,446,212.2,0.0065,18,
1.661,447,212.7,0.006,18,
1.6695,448,213.2,0.0065,18,
1.678,449,213.6,0.006,18,
1.686,450,214.1,0.0055,18,
1.6945,451,214.7,0.006,18,
1.703,452,215,0.0065,18,
1.7105,453,215.4,0.006,18,
1.719,454,215.8,0.0065,18,
1.7275,455,216.2,0.006,18,
1.736,456,216.7,0.006,18,
1.7445,457,217.2,0.006,18,
1.752,458,217.4,0.006,18,
1.7605,459,217.8,0.0065,18,
1.7685,460,218.2,0.006,18,
1.777,461,218.5,0.006,18,
1.7855,462,219,0.006,18,
1.794,463,219.3,0.006,18,
1.8025,464,219.6,0.0065,18,
1.81,465,220,0.006,18,
1.8185,466,220.3,0.0065,18,
1.827,467,220.7,0.006,18,
1.835,468,221,0.0055,18,
1.8435,469,221.4,0.006,18,
1.851,470,221.7,0.006,18,
1.8595,471,222,0.0065,18,
1.868,472,222.4,0.0065,18,
1.8765,473,222.7,0.006,18,
1.885,474,223,0.006,18,
1.8935,475,223.3,0.006,18,
1.901,476,223.6,0.006,18,
1.9095,477,223.9,0.0065,18,
1.918,478,224.2,0.0065,18,
1.926,479,224.5,0.0055,18,
1.9345,480,224.8,0.006,18,
1.943,481,225.1,0.0065,18,
1.9505,482,225.3,0.006,18,
1.959,483,225.6,0.0065,18,
1.9675,484,225.9,0.006,18,
1.976,485,226.1,0.006,18,
1.9845,486,226.4,0.006,18,
1.992,487,226.7,0.006,18,
2.0005,488,227,0.0065,18,
2.009,489,227.3,0.0065,18,
2.0175,490,227.5,0.006,18,
2.0255,491,227.8,0.0055,18,
2.034,492,228,0.006,18,
2.0415,493,228.3,0.006,18,
2.05,494,228.5,0.0065,18,
2.0585,495,228.8,0.006,18,
2.067,496,229,0.006,18,
2.0755,497,229.2,0.006,18,
2.084,498,229.5,0.006,18,
2.0915,499,229.7,0.006,18,
2.1,500,229.9,0.0065,18,
2.1085,501,230.2,0.006,18,
2.1165,502,230.4,0.0055,18,
2.125,503,230.6,0.006,18,
2.1335,504,230.9,0.006,18,
2.141,505,231.1,0.006,18,
2.1495,506,231.3,0.0065,18,
2.158,507,231.5,0.006,18,
2.1665,508,231.8,0.006,18,
2.175,509,232,0.006,18,
2.191,511,232.4,0.006,18,
2.199,512,232.5,0.006,18,
2.2075,513,232.8,0.006,18,
2.216,514,233,0.006,18,
2.2245,515,233.3,0.006,18,
2.233,516,233.4,0.0065,18,
2.2405,517,233.7,0.006,18,
2.249,518,233.9,0.0065,18,
2.2575,519,234.1,0.006,18,
2.265,520,234.3,0.0055,18,
2.2715,521,234.5,0.0045,18,
2.276,522,234.5,0.0035,18.1,
2.2785,523,234.6,0.002,18.1,
2.2815,524,234.7,0.0025,18.1,
2.2845,525,234.9,0.002,18.1,
2.2885,526,235,0.003,18.1,
2.2885,,235,,,EP
2.2905,527,235,0.0025,18.1,
H1_T,,,,,
V [mL],t [s],E [mV],dV/dt [mL/s],T [°C],Point label
2.1845,511,232.3,0.014,18.2,
0,0,-41.8,NaN,17.8,
0.001,1,-42.2,0.001,17.8,
0.0025,2,-42.3,0.0015,17.8,
0.005,3,-42.3,0.0025,17.8,
0.009,4,-42.1,0.0035,17.8,
0.015,5,-41.8,0.0055,17.8,
0.0235,6,-41,0.0075,17.8,
0.032,7,-39.8,0.0075,17.8,
0.0405,8,-38.4,0.0075,17.8,
0.049,9,-36.9,0.0075,17.8,
0.0565,10,-34.8,0.007,17.8,
0.065,11,-32.8,0.0075,17.8,
0.0735,12,-30.6,0.0075,17.8,
0.0815,13,-28.2,0.0075,17.8,
0.09,14,-25.5,0.0075,17.8,
0.098,15,-22.9,0.0075,17.8,
0.106,16,-19.6,0.0075,17.8,
0.1145,17,-16.4,0.0075,17.8,
0.123,18,-12.8,0.0075,17.8,
0.1315,19,-9.5,0.0075,17.8,
0.14,20,-6.1,0.0075,17.8,
0.1475,21,-3.4,0.007,17.8,
0.156,22,-0.2,0.0075,17.8,
0.1645,23,1.6,0.0075,17.8,
0.1725,24,3.4,0.0075,17.8,
0.181,25,5.1,0.0075,17.8,
0.1895,26,6.6,0.0075,17.8,
0.197,27,7.6,0.007,17.8,
0.2055,28,9.1,0.0075,17.8,
0.214,29,10.4,0.0075,17.8,
0.2225,30,11.7,0.0075,17.8,
0.231,31,13,0.0075,17.8,
0.239,32,14.3,0.0075,17.8,
0.247,33,15.3,0.0075,17.8,
0.255,34,16.3,0.0075,17.8,
0.2635,35,17.3,0.0075,17.8,
0.272,36,18.2,0.0075,17.8,
0.2805,37,19.1,0.0075,17.8,
0.289,38,20,0.0075,17.8,
0.2965,39,20.6,0.007,17.8,
0.305,40,21.5,0.0075,17.8,
0.3135,41,22.3,0.0075,17.8,
0.322,42,23,0.0075,17.8,
0.33,43,23.8,0.0075,17.8,
0.3385,44,24.6,0.0075,17.8,
0.346,45,25.3,0.007,17.8,
0.3545,46,26.2,0.0075,17.8,
0.363,47,26.9,0.0075,17.8,
0.3715,48,27.7,0.0075,17.8,
0.38,49,28.4,0.0075,17.8,
0.3885,50,29,0.0085,17.8,
0.396,51,29.6,0.007,17.8,
0.4045,52,30.3,0.0075,17.8,
0.4125,53,31,0.0075,17.8,
0.421,54,31.8,0.0075,17.8,
0.4295,55,32.5,0.0075,17.8,
0.438,56,33.2,0.0085,17.8,
0.4455,57,33.8,0.007,17.8,
0.454,58,34.5,0.0075,17.8,
0.4625,59,35.2,0.0075,17.8,
0.471,60,36,0.0075,17.8,
0.4795,61,36.7,0.0075,17.8,
0.487,62,37.3,0.007,17.8,
0.4955,63,38,0.0075,17.9,
0.5035,64,38.8,0.0075,17.8,
0.512,65,39.5,0.0075,17.9,
0.5205,66,40.2,0.0075,17.9,
0.529,67,40.9,0.0075,17.9,
0.5365,68,41.6,0.007,17.9,
0.545,69,42.3,0.0075,17.9,
0.5535,70,43,0.0075,17.9,
0.562,71,43.8,0.0075,17.9,
0.57,72,44.6,0.0075,17.9,
0.5785,73,45.3,0.0075,17.9,
0.586,74,46,0.007,17.9,
0.5945,75,46.5,0.0075,17.9,
0.603,76,47.2,0.0075,17.9,
0.6115,77,47.7,0.0075,17.9,
0.62,78,48.4,0.0075,17.9,
0.6285,79,49,0.0075,17.9,
0.636,80,49.6,0.007,17.9,
0.6445,81,50.5,0.0075,17.9,
0.6525,82,51.3,0.0075,17.9,
0.661,83,51.9,0.0075,17.9,
0.6695,84,52.5,0.0075,17.9,
0.678,85,53.2,0.0075,17.9,
0.6855,86,53.9,0.007,17.9,
0.694,87,54.5,0.0075,17.9,
0.7025,88,55.2,0.0075,17.9,
0.711,89,56.1,0.0075,17.9,
0.7195,90,56.8,0.0075,17.9,
0.7275,91,57.6,0.0075,17.9,
0.7355,92,58.2,0.0075,17.9,
0.7435,93,58.9,0.0075,17.9,
0.752,94,59.5,0.0075,17.9,
0.7605,95,60.3,0.0075,17.9,
0.769,96,61.1,0.0075,17.9,
0.7775,97,61.9,0.0075,17.9,
0.785,98,62.4,0.007,17.9,
0.7935,99,63.2,0.0075,17.9,
0.802,100,64.1,0.0075,17.9,
0.8105,101,64.9,0.0075,17.9,
0.8185,102,65.6,0.0075,17.9,
0.827,103,66.1,0.0085,17.9,
0.8345,104,67,0.007,17.9,
0.843,105,67.8,0.0075,17.9,
0.8515,106,68.6,0.0075,17.9,
0.86,107,69.4,0.0075,17.9,
0.8685,108,70.4,0.0075,17.9,
0.876,109,71,0.007,17.9,
0.8845,110,71.9,0.0075,17.9,
0.893,111,72.7,0.0075,17.9,
0.9015,112,73.5,0.0075,17.9,
0.9095,113,74.4,0.0075,17.9,
0.918,114,75.4,0.0075,17.9,
0.9255,115,76.2,0.007,17.9,
0.934,116,77.2,0.0075,17.9,
0.9425,117,78.3,0.0075,17.9,
0.951,118,79.3,0.0075,17.9,
0.9595,119,80.3,0.0075,17.9,
0.968,120,81.5,0.0075,17.9,
0.9755,121,82.2,0.007,17.9,
0.984,122,83.1,0.0075,17.9,
0.9925,123,84.5,0.0075,17.9,
1.0005,124,85.9,0.0075,17.9,
1.009,125,87.1,0.0075,17.9,
1.0165,126,88.2,0.007,17.9,
1.025,127,89.3,0.0075,17.9,
1.0335,128,90.6,0.0075,17.9,
1.042,129,91.8,0.0075,17.9,
1.0505,130,93,0.0075,17.9,
1.059,131,94.6,0.0075,17.9,
1.067,132,95.9,0.0075,17.9,
1.075,133,97.6,0.0075,17.9,
1.083,134,99.2,0.0075,17.9,
1.0915,135,100.8,0.0075,17.9,
1.1,136,102.5,0.0075,17.9,
1.1085,137,104.1,0.0075,17.9,
1.116,138,105.8,0.007,17.9,
1.1245,139,107.5,0.0075,17.9,
1.133,140,109.8,0.0075,17.9,
1.1415,141,112.2,0.0075,17.9,
1.1495,142,114.4,0.0075,17.9,
1.158,143,117,0.0075,17.9,
1.1655,144,119.4,0.007,17.9,
1.174,145,122.5,0.0075,17.9,
1.1825,146,125.4,0.0075,17.9,
1.191,147,128.2,0.0075,17.9,
1.1995,148,131.3,0.0075,17.9,
1.208,149,134.4,0.0075,17.9,
1.2155,150,137.7,0.007,18,
1.224,151,141.1,0.0075,17.9,
1.2325,152,144.6,0.0075,18,
1.2405,153,147.8,0.0075,18,
1.249,154,151.4,0.0075,18,
1.2575,155,154.4,0.0075,18,
1.265,156,157.2,0.007,18,
1.2735,157,160,0.0075,18,
1.282,158,162.6,0.0075,18,
1.2905,159,165.2,0.0075,18,
1.299,160,167.5,0.0075,18,
1.307,161,169.8,0.0075,18,
1.315,162,171.5,0.0075,18,
1.323,163,173.6,0.0075,18,
1.3315,164,175.5,0.0075,18,
1.34,165,177.3,0.0075,18,
1.3485,166,179,0.0075,18,
1.357,167,180.7,0.0075,18,
1.3645,168,182.1,0.007,18,
1.373,169,183.6,0.0075,18,
1.3835,170,185.1,0.0075,18,
1.3835,410,190.6,0,18.2,
1.384,412,190.6,0.0005,18.2,
1.3855,412,190.7,0.003,18.2,
1.388,414,190.8,0.0015,18.2,
1.392,415,191.1,0.0065,18.2,
1.398,416,191.5,0.01,18.2,
1.4065,417,192.2,0.014,18.2,
1.414,418,193,0.015,18.2,
1.4225,418,194,0.017,18.2,
1.431,420,194.9,0.0055,18.2,
1.439,421,195.9,0.0135,18.2,
1.4475,422,196.7,0.014,18.2,
1.456,423,197.5,0.014,18.2,
1.4635,424,198.3,0.015,18.2,
1.472,424,199,0.017,18.2,
1.4805,426,199.8,0.0055,18.2,
1.489,427,200.6,0.014,18.2,
1.4975,428,201.4,0.014,18.2,
1.506,429,202.1,0.014,18.2,
1.5135,430,202.7,0.015,18.2,
1.522,430,203.4,0.017,18.2,
1.53,432,204,0.0055,18.2,
1.5385,433,204.7,0.014,18.2,
1.547,434,205.4,0.014,18.2,
1.5555,435,205.9,0.014,18.2,
1.563,436,206.5,0.015,18.2,
1.5715,436,207.1,0.017,18.2,
1.58,438,207.7,0.0055,18.2,
1.5885,439,208.3,0.014,18.2,
1.597,440,208.8,0.014,18.2,
1.605,440,209.3,0.016,18.2,
1.6125,442,209.9,0.005,18.2,
1.621,442,210.4,0.017,18.2,
1.6295,444,211,0.0055,18.2,
1.638,445,211.5,0.014,18.2,
1.6465,446,212,0.014,18.2,
1.655,447,212.5,0.014,18.2,
1.6625,448,212.9,0.015,18.2,
1.671,448,213.4,0.017,18.2,
1.679,450,213.8,0.0055,18.2,
1.6875,451,214.2,0.014,18.2,
1.696,452,214.7,0.014,18.2,
1.7045,453,215.1,0.014,18.2,
1.712,454,215.5,0.015,18.2,
1.7205,454,215.9,0.017,18.2,
1.729,456,216.4,0.0055,18.2,
1.7375,457,216.7,0.014,18.2,
1.746,458,217.2,0.014,18.2,
1.754,459,217.6,0.0135,18.2,
1.7615,460,217.9,0.015,18.2,
1.77,460,218.3,0.017,18.2,
1.7785,462,218.7,0.0055,18.2,
1.787,463,219.1,0.014,18.2,
1.7955,464,219.4,0.014,18.2,
1.804,464,219.8,0.017,18.2,
1.8115,466,220.1,0.005,18.2,
1.82,466,220.5,0.017,18.2,
1.8285,468,220.8,0.0055,18.2,
1.8365,469,221.2,0.0135,18.2,
1.845,470,221.4,0.014,18.2,
1.8535,470,221.8,0.017,18.2,
1.861,472,222.1,0.005,18.2,
1.8695,472,222.4,0.017,18.2,
1.878,474,222.8,0.0055,18.2,
1.8865,475,223,0.014,18.2,
1.895,476,223.4,0.014,18.2,
1.9025,476,223.6,0.015,18.2,
1.911,478,223.9,0.0055,18.2,
1.9195,478,224.3,0.017,18.2,
1.9275,480,224.5,0.005,18.2,
1.936,481,224.8,0.014,18.2,
1.9445,482,225.1,0.014,18.2,
1.952,482,225.4,0.015,18.2,
1.9605,484,225.7,0.0055,18.2,
1.969,484,226,0.017,18.2,
1.9775,486,226.2,0.0055,18.2,
1.986,487,226.5,0.014,18.2,
1.994,488,226.8,0.0135,18.2,
2.002,488,227.1,0.016,18.2,
2.01,490,227.3,0.0055,18.2,
2.0185,490,227.5,0.017,18.2,
2.027,492,227.8,0.0055,18.2,
2.0355,493,228.1,0.014,18.2,
2.044,494,228.3,0.017,18.2,
2.0515,494,228.6,0.015,18.2,
2.06,496,228.8,0.0055,18.2,
2.0685,497,229.1,0.014,18.2,
2.077,498,229.3,0.014,18.2,
2.0855,499,229.6,0.014,18.2,
2.0935,500,229.8,0.016,18.2,
2.101,500,230,0.015,18.2,
2.1095,502,230.2,0.0055,18.2,
2.118,503,230.5,0.014,18.2,
2.1265,504,230.7,0.014,18.2,
2.135,505,231,0.014,18.2,
2.1435,506,231.2,0.017,18.2,
2.151,506,231.4,0.015,18.2,
2.1595,508,231.6,0.0055,18.3,
2.168,509,231.9,0.014,18.2,
2.176,510,232,0.0135,18.2,
2.193,512,232.5,0.017,18.2,
2.2005,512,232.6,0.015,18.3,
2.209,514,232.9,0.0055,18.3,
2.2175,515,233.1,0.014,18.3,
2.226,516,233.4,0.014,18.3,
2.2345,517,233.5,0.014,18.3,
2.2425,518,233.7,0.016,18.3,
2.2505,518,233.9,0.016,18.3,
2.2585,520,234.1,0.0055,18.3,
2.267,521,234.3,0.014,18.3,
2.2715,522,234.5,0.0075,18.3,
2.272,523,234.6,0.001,18.3,
2.2725,524,234.6,0.001,18.3,
2.274,524,234.6,0.003,18.3,
2.276,526,234.7,0.0015,18.3,
2.2785,527,234.7,0.004,18.3,
2.283,528,234.8,0.0075,18.3,
2.288,529,235,0.0085,18.3,
2.288,,235,,,EP
2.2925,530,235,0.0065,18.3,
H1_B,,,,,
V [mL],t [s],E [mV],dV/dt [mL/s],T [°C],Point label
2.179,510,232.7,0.0095,18.5,
0,0,-41.7,NaN,18.1,
0.0005,1,-42.1,0.0005,18.1,
0.0025,2,-42.2,0.002,18.1,
0.005,3,-42.2,0.0025,18.1,
0.009,4,-42.1,0.0035,18.1,
0.015,5,-41.7,0.0055,18.1,
0.0235,6,-41,0.0085,18.1,
0.031,7,-39.8,0.0075,18.1,
0.0395,8,-38.3,0.0085,18.1,
0.048,9,-36.7,0.0075,18.1,
0.0565,10,-34.9,0.0075,18.1,
0.065,11,-32.9,0.0075,18.1,
0.0735,12,-30.9,0.0085,18.1,
0.081,13,-28.5,0.0075,18.1,
0.0895,14,-25.9,0.0085,18.1,
0.098,15,-22.8,0.0075,18.1,
0.1065,16,-19.8,0.0075,18.1,
0.1145,17,-16.3,0.0075,18.1,
0.122,18,-13.2,0.0075,18.1,
0.1305,19,-10,0.0085,18.1,
0.139,20,-6.7,0.0085,18.1,
0.1475,21,-3.8,0.0075,18.1,
0.156,22,-0.3,0.0075,18.1,
0.1645,23,1.3,0.0075,18.1,
0.172,24,3,0.0075,18.1,
0.1805,25,4.9,0.0085,18.1,
0.189,26,6.5,0.0085,18.1,
0.197,27,7.8,0.0075,18.1,
0.2055,28,9.3,0.0075,18.1,
0.214,29,10.6,0.0075,18.1,
0.2215,30,11.8,0.0075,18.1,
0.23,31,13.1,0.0085,18.2,
0.2385,32,14.4,0.0085,18.2,
0.247,33,15.4,0.0075,18.1,
0.255,34,16.3,0.0075,18.2,
0.2635,35,17.1,0.0075,18.2,
0.272,36,17.9,0.0085,18.2,
0.2795,37,18.8,0.0075,18.2,
0.288,38,19.7,0.0085,18.2,
0.2965,39,20.4,0.0075,18.2,
0.305,40,21.2,0.0075,18.2,
0.3135,41,22,0.0075,18.2,
0.321,42,22.8,0.0075,18.2,
0.3295,43,23.6,0.0085,18.2,
0.338,44,24.4,0.0085,18.2,
0.346,45,25.3,0.0075,18.2,
0.3545,46,26,0.0075,18.2,
0.363,47,26.7,0.0075,18.2,
0.3705,48,27.5,0.0075,18.2,
0.379,49,28.2,0.0085,18.2,
0.3875,50,28.8,0.0075,18.2,
0.396,51,29.6,0.0075,18.2,
0.4045,52,30.5,0.0075,18.2,
0.413,53,31.3,0.0075,18.2,
0.4205,54,32,0.0075,18.2,
0.4285,55,32.7,0.008,18.2,
0.437,56,33.5,0.0075,18.2,
0.4455,57,34.3,0.0075,18.2,
0.454,58,35.1,0.0075,18.2,
0.4625,59,35.8,0.0085,18.2,
0.47,60,36.4,0.0075,18.2,
0.4785,61,37,0.0085,18.2,
0.487,62,37.7,0.0075,18.2,
0.4955,63,38.4,0.0075,18.2,
0.504,64,39.1,0.0075,18.2,
0.5115,65,39.7,0.0075,18.2,
0.52,66,40.4,0.0085,18.2,
0.528,67,41.1,0.008,18.2,
0.5365,68,41.8,0.0075,18.2,
0.545,69,42.5,0.0075,18.2,
0.5535,70,43.3,0.0075,18.2,
0.561,71,43.9,0.0075,18.2,
0.5695,72,44.6,0.0085,18.2,
0.578,73,45.2,0.0085,18.2,
0.5865,74,45.9,0.0075,18.2,
0.5945,75,46.6,0.0075,18.2,
0.603,76,47.4,0.0075,18.2,
0.6105,77,48.1,0.0075,18.2,
0.619,78,48.9,0.0085,18.2,
0.6275,79,49.6,0.0085,18.2,
0.636,80,50.2,0.0075,18.2,
0.6445,81,50.8,0.0075,18.2,
0.653,82,51.5,0.0075,18.2,
0.6605,83,52,0.0075,18.2,
0.669,84,52.7,0.0085,18.2,
0.677,85,53.4,0.008,18.2,
0.6855,86,54.1,0.0075,18.2,
0.694,87,54.8,0.0075,18.2,
0.7025,88,55.5,0.0075,18.2,
0.71,89,56,0.0075,18.2,
0.7185,90,56.8,0.0085,18.2,
0.727,91,57.5,0.0085,18.2,
0.7355,92,58.2,0.0075,18.2,
0.7435,93,59.2,0.0075,18.2,
0.752,94,60,0.0075,18.2,
0.76,95,60.5,0.008,18.2,
0.768,96,61.2,0.0075,18.2,
0.7765,97,61.9,0.0085,18.2,
0.785,98,62.5,0.0075,18.2,
0.7935,99,63.5,0.0075,18.2,
0.802,100,64.2,0.0075,18.2,
0.8095,101,64.7,0.0075,18.2,
0.818,102,65.6,0.0085,18.2,
0.8265,103,66.5,0.0085,18.2,
0.8345,104,67.5,0.0075,18.2,
0.843,105,68.2,0.0075,18.2,
0.8515,106,68.9,0.0075,18.2,
0.859,107,69.6,0.0075,18.2,
0.8675,108,70.5,0.0085,18.2,
0.876,109,71.5,0.0085,18.2,
0.8845,110,72.3,0.0075,18.2,
0.8925,111,73.1,0.0075,18.2,
0.901,112,74,0.0075,18.2,
0.9085,113,75.3,0.0075,18.2,
0.917,114,76.5,0.0085,18.2,
0.9255,115,77.3,0.0085,18.2,
0.934,116,77.9,0.0075,18.2,
0.9425,117,78.8,0.0075,18.2,
0.951,118,79.7,0.0075,18.2,
0.9585,119,80.8,0.0075,18.2,
0.967,120,81.9,0.0085,18.2,
0.9755,121,83,0.0085,18.2,
0.9835,122,84.2,0.0075,18.2,
0.992,123,85.4,0.0075,18.2,
1.0005,124,86.5,0.0075,18.2,
1.008,125,87.6,0.0075,18.2,
1.0165,126,88.7,0.0085,18.2,
1.025,127,89.9,0.0085,18.2,
1.0335,128,91.3,0.0075,18.2,
1.042,129,92.6,0.0075,18.3,
1.05,130,94.3,0.0075,18.3,
1.058,131,95.5,0.008,18.3,
1.066,132,96.8,0.008,18.3,
1.0745,133,97.9,0.0085,18.3,
1.083,134,99.3,0.0075,18.3,
1.0915,135,101.1,0.0075,18.3,
1.1,136,102.7,0.0075,18.3,
1.1075,137,104.6,0.0075,18.3,
1.116,138,107,0.0085,18.3,
1.1245,139,109.1,0.0085,18.3,
1.1325,140,111.4,0.0075,18.3,
1.141,141,113.7,0.0075,18.3,
1.1495,142,116.1,0.0075,18.3,
1.157,143,118.4,0.0075,18.3,
1.1655,144,121,0.0085,18.3,
1.174,145,123.9,0.0085,18.3,
1.1825,146,127.2,0.0075,18.3,
1.191,147,130.2,0.0075,18.3,
1.199,148,133.4,0.0075,18.3,
1.207,149,136.7,0.008,18.3,
1.215,150,139.9,0.008,18.3,
1.2235,151,143.2,0.0085,18.3,
1.232,152,146.8,0.0075,18.3,
1.2405,153,150.2,0.0075,18.3,
1.249,154,153.6,0.0075,18.3,
1.2565,155,156.1,0.0075,18.3,
1.265,156,159.1,0.0085,18.3,
1.2735,157,161.8,0.0085,18.3,
1.282,158,164.5,0.0075,18.3,
1.29,159,166.9,0.0075,18.3,
1.2985,160,169.2,0.0075,18.3,
1.306,161,171,0.0075,18.3,
1.3145,162,173.1,0.0085,18.3,
1.323,163,175,0.0075,18.3,
1.3315,164,176.8,0.0075,18.3,
1.34,165,178.6,0.0075,18.3,
1.3485,166,180.1,0.0085,18.3,
1.356,167,181.7,0.0075,18.3,
1.3645,168,183.2,0.0085,18.3,
1.373,169,184.7,0.0075,18.3,
1.3775,170,185.1,0.0065,18.3,
1.3775,410,190.8,0,18.5,
1.378,411,190.9,0.0005,18.5,
1.3795,412,190.9,0.002,18.5,
1.382,413,190.9,0.003,18.5,
1.3865,414,191.2,0.005,18.5,
1.3925,415,191.7,0.0065,18.5,
1.401,416,192.5,0.0095,18.5,
1.4085,417,193.3,0.0095,18.5,
1.417,418,194.2,0.0105,18.5,
1.4255,419,195.1,0.0095,18.5,
1.434,420,196,0.0095,18.5,
1.4425,421,196.9,0.0095,18.5,
1.45,422,197.7,0.0095,18.5,
1.4585,423,198.6,0.0105,18.5,
1.4665,424,199.4,0.01,18.5,
1.475,425,200.1,0.0095,18.5,
1.4835,426,200.9,0.0095,18.5,
1.492,427,201.6,0.0095,18.5,
1.4995,428,202.3,0.0095,18.5,
1.508,429,203,0.0105,18.5,
1.5165,430,203.7,0.0105,18.5,
1.525,431,204.3,0.0095,18.5,
1.533,432,205,0.009,18.5,
1.5415,433,205.7,0.0095,18.5,
1.549,434,206.3,0.0095,18.5,
1.5575,435,206.9,0.0105,18.5,
1.566,436,207.5,0.0105,18.5,
1.5745,437,208,0.0095,18.5,
1.583,438,208.5,0.0095,18.5,
1.5915,439,209.2,0.0095,18.5,
1.599,440,209.7,0.0095,18.5,
1.6075,441,210.2,0.0105,18.5,
1.616,442,210.6,0.0105,18.5,
1.624,443,211.3,0.009,18.5,
1.6325,444,211.8,0.0095,18.5,
1.641,445,212.2,0.0095,18.5,
1.6485,446,212.7,0.0095,18.5,
1.657,447,213.2,0.0105,18.5,
1.6655,448,213.6,0.0105,18.5,
1.674,449,214.1,0.0095,18.5,
1.6825,450,214.5,0.0095,18.5,
1.6905,451,214.9,0.009,18.5,
1.6985,452,215.4,0.01,18.5,
1.7065,453,215.8,0.01,18.5,
1.715,454,216.2,0.0105,18.5,
1.7235,455,216.6,0.0095,18.5,
1.732,456,217.1,0.0095,18.5,
1.7405,457,217.4,0.0105,18.5,
1.748,458,217.8,0.0095,18.5,
1.7565,459,218.2,0.0105,18.5,
1.765,460,218.6,0.0095,18.5,
1.7735,461,219,0.0095,18.5,
1.7815,462,219.3,0.009,18.5,
1.79,463,219.7,0.0105,18.5,
1.7975,464,220.1,0.0095,18.5,
1.806,465,220.4,0.0105,18.5,
1.8145,466,220.7,0.0095,18.5,
1.823,467,221.1,0.0095,18.5,
1.8315,468,221.5,0.0095,18.5,
1.84,469,221.8,0.0105,18.5,
1.8475,470,222.1,0.0095,18.5,
1.856,471,222.4,0.0105,18.5,
1.864,472,222.7,0.009,18.5,
1.8725,473,223.1,0.0095,18.5,
1.881,474,223.4,0.0095,18.5,
1.8895,475,223.6,0.0105,18.5,
1.897,476,224,0.0095,18.5,
1.9055,477,224.3,0.0105,18.5,
1.914,478,224.6,0.0095,18.5,
1.9225,479,224.9,0.0095,18.5,
1.9305,480,225.1,0.009,18.5,
1.939,481,225.4,0.0105,18.5,
1.9465,482,225.7,0.0095,18.5,
1.955,483,226,0.0105,18.5,
1.9635,484,226.3,0.0095,18.5,
1.972,485,226.6,0.0095,18.5,
1.9805,486,226.9,0.0095,18.5,
1.989,487,227.1,0.0105,18.5,
1.9965,488,227.3,0.0095,18.5,
2.005,489,227.6,0.0105,18.5,
2.013,490,227.8,0.009,18.5,
2.0215,491,228.1,0.0095,18.5,
2.03,492,228.4,0.0095,18.5,
2.0385,493,228.7,0.0105,18.5,
2.046,494,228.9,0.0095,18.5,
2.0545,495,229.2,0.0105,18.5,
2.063,496,229.4,0.0095,18.5,
2.0715,497,229.7,0.0095,18.5,
2.0795,498,229.9,0.009,18.5,
2.088,499,230.1,0.0105,18.5,
2.0955,500,230.4,0.0095,18.5,
2.104,501,230.6,0.0105,18.5,
2.1125,502,230.8,0.0095,18.5,
2.121,503,231.1,0.0095,18.5,
2.1295,504,231.3,0.0095,18.5,
2.137,505,231.5,0.0095,18.5,
2.1455,506,231.7,0.0105,18.5,
2.154,507,232,0.0105,18.5,
2.1625,508,232.2,0.0095,18.5,
2.1705,509,232.5,0.009,18.5,
2.1875,511,232.8,0.0105,18.5,
2.195,512,233.1,0.0095,18.5,
2.2035,513,233.3,0.0105,18.5,
2.212,514,233.5,0.0095,18.5,
2.2205,515,233.7,0.0095,18.5,
2.229,516,233.9,0.0095,18.5,
2.2365,517,234.1,0.0095,18.5,
2.2445,518,234.3,0.01,18.5,
2.2495,519,234.5,0.006,18.5,
2.2505,520,234.6,0.001,18.5,
2.2515,521,234.6,0.001,18.5,
2.253,522,234.7,0.0015,18.5,
2.255,523,234.7,0.0025,18.5,
2.258,524,234.8,0.0035,18.5,
2.263,525,234.9,0.006,18.5,
2.2695,526,234.9,0.007,18.5,
2.2715,526,235,0.0065,18.5,
2.2715,,235,,,EP
H2_B,,,,,
V [mL],t [s],E [mV],dV/dt [mL/s],T [°C],Point label
2.182,510,232.7,0.006,18.7,
0,0,-41.9,NaN,18.4,
0.001,1,-42.3,0.001,18.4,
0.0025,2,-42.3,0.0015,18.4,
0.005,3,-42.3,0.0025,18.4,
0.0085,4,-42.3,0.003,18.4,
0.015,5,-41.9,0.006,18.4,
0.023,6,-41.2,0.0075,18.4,
0.0315,7,-40.1,0.0085,18.4,
0.039,8,-38.7,0.0075,18.4,
0.0475,9,-37.1,0.0075,18.4,
0.056,10,-35.2,0.0075,18.4,
0.0645,11,-33.2,0.0075,18.4,
0.073,12,-31,0.0075,18.4,
0.0805,13,-28.6,0.0075,18.4,
0.089,14,-26.1,0.0085,18.4,
0.0975,15,-23.2,0.0075,18.4,
0.1055,16,-20.1,0.0075,18.4,
0.114,17,-17,0.0075,18.4,
0.1225,18,-13.8,0.0075,18.4,
0.13,19,-10.8,0.0075,18.4,
0.1385,20,-7.6,0.0085,18.4,
0.147,21,-4.4,0.0075,18.4,
0.1555,22,-1.1,0.0075,18.4,
0.164,23,0.8,0.0075,18.4,
0.1725,24,2.9,0.0075,18.4,
0.18,25,4.5,0.0075,18.4,
0.1885,26,6.2,0.0075,18.4,
0.1965,27,7.5,0.0075,18.4,
0.205,28,8.8,0.0075,18.4,
0.2135,29,10.1,0.0075,18.4,
0.222,30,11.2,0.0085,18.4,
0.2295,31,12.4,0.0075,18.4,
0.238,32,13.5,0.0075,18.4,
0.2465,33,14.5,0.0075,18.4,
0.255,34,15.5,0.0075,18.4,
0.263,35,16.4,0.0075,18.4,
0.2715,36,17.1,0.0085,18.4,
0.279,37,17.9,0.0075,18.4,
0.2875,38,18.8,0.0075,18.4,
0.296,39,19.6,0.0075,18.4,
0.3045,40,20.7,0.0075,18.4,
0.313,41,21.5,0.0075,18.4,
0.3215,42,22.2,0.0085,18.4,
0.329,43,23.1,0.0075,18.4,
0.3375,44,23.8,0.0075,18.4,
0.3455,45,24.7,0.0075,18.4,
0.354,46,25.5,0.0075,18.4,
0.3625,47,26.3,0.0075,18.4,
0.37,48,26.9,0.0075,18.4,
0.3785,49,27.7,0.0085,18.4,
0.387,50,28.4,0.0075,18.4,
0.3955,51,29.2,0.0075,18.4,
0.404,52,29.9,0.0075,18.4,
0.4125,53,30.6,0.0075,18.4,
0.42,54,31.3,0.0075,18.4,
0.4285,55,32.1,0.0085,18.4,
0.4365,56,32.8,0.0075,18.4,
0.445,57,33.5,0.0075,18.4,
0.4535,58,34.2,0.0075,18.4,
0.462,59,34.8,0.0075,18.4,
0.4695,60,35.4,0.0075,18.4,
0.478,61,36.2,0.0085,18.4,
0.4865,62,37,0.0075,18.4,
0.495,63,37.8,0.0075,18.4,
0.5035,64,38.4,0.0075,18.4,
0.5115,65,39.2,0.0075,18.4,
0.5195,66,40,0.008,18.4,
0.5275,67,40.7,0.008,18.4,
0.536,68,41.4,0.0075,18.4,
0.5445,69,42.1,0.0075,18.4,
0.553,70,42.8,0.0075,18.4,
0.5615,71,43.4,0.0085,18.4,
0.569,72,44,0.0075,18.4,
0.5775,73,44.7,0.0075,18.4,
0.586,74,45.5,0.0075,18.4,
0.5945,75,46.1,0.0075,18.4,
0.6025,76,46.7,0.0075,18.4,
0.611,77,47.2,0.0085,18.4,
0.6185,78,48,0.0075,18.4,
0.627,79,48.8,0.0075,18.4,
0.6355,80,49.6,0.0075,18.4,
0.644,81,50.4,0.0075,18.4,
0.6525,82,51.2,0.0075,18.5,
0.661,83,51.6,0.0085,18.4,
0.6685,84,52.2,0.0075,18.5,
0.677,85,53,0.0075,18.5,
0.685,86,53.6,0.0075,18.5,
0.6935,87,54.3,0.0075,18.5,
0.702,88,55,0.0075,18.5,
0.7095,89,55.6,0.0075,18.5,
0.718,90,56.5,0.0085,18.5,
0.7265,91,57.2,0.0075,18.5,
0.735,92,58.1,0.0075,18.5,
0.7435,93,58.7,0.0075,18.5,
0.7515,94,59.3,0.0075,18.5,
0.7595,95,60,0.008,18.5,
0.7675,96,60.8,0.008,18.5,
0.776,97,61.6,0.0075,18.5,
0.7845,98,62.3,0.0075,18.5,
0.793,99,63,0.0075,18.5,
0.8015,100,63.8,0.0075,18.5,
0.81,101,64.6,0.0085,18.5,
0.8175,102,65.3,0.0075,18.5,
0.826,103,66,0.0075,18.5,
0.834,104,66.9,0.0075,18.5,
0.8425,105,67.8,0.0075,18.5,
0.851,106,68.6,0.0075,18.5,
0.8585,107,69.3,0.0075,18.5,
0.867,108,70.1,0.0085,18.5,
0.8755,109,71.1,0.0075,18.5,
0.884,110,72.1,0.0075,18.5,
0.8925,111,72.9,0.0075,18.5,
0.901,112,73.6,0.0075,18.5,
0.9085,113,74.4,0.0075,18.5,
0.917,114,75.3,0.0085,18.5,
0.925,115,76,0.0075,18.5,
0.9335,116,77,0.0075,18.5,
0.942,117,78.1,0.0075,18.5,
0.9505,118,79.1,0.0075,18.5,
0.958,119,80,0.0075,18.5,
0.9665,120,80.9,0.0085,18.5,
0.975,121,82,0.0075,18.5,
0.9835,122,83.2,0.0075,18.5,
0.9915,123,84.3,0.0075,18.5,
1,124,85.7,0.0075,18.5,
1.0075,125,86.5,0.0075,18.5,
1.016,126,87.5,0.0085,18.5,
1.0245,127,88.8,0.0075,18.5,
1.033,128,90.2,0.0075,18.5,
1.0415,129,91.7,0.0075,18.5,
1.05,130,93.1,0.0075,18.5,
1.0575,131,94.7,0.0075,18.5,
1.066,132,96.3,0.0075,18.5,
1.0745,133,97.6,0.0075,18.5,
1.0825,134,99.3,0.0075,18.5,
1.091,135,101.2,0.0075,18.5,
1.0995,136,102.8,0.0085,18.5,
1.107,137,104.6,0.0075,18.5,
1.1155,138,106.2,0.0075,18.5,
1.124,139,108.2,0.0075,18.5,
1.1325,140,110,0.0075,18.5,
1.141,141,112.3,0.0075,18.5,
1.1495,142,114.4,0.0085,18.5,
1.157,143,116.8,0.0075,18.5,
1.1655,144,119.7,0.0075,18.5,
1.1735,145,122.4,0.0075,18.5,
1.182,146,125.6,0.0075,18.5,
1.1905,147,128.4,0.0075,18.5,
1.198,148,131.4,0.0075,18.5,
1.2065,149,134.4,0.0085,18.5,
1.215,150,138.4,0.0075,18.5,
1.2235,151,142.2,0.0075,18.5,
1.232,152,145.6,0.0075,18.5,
1.24,153,148.9,0.0075,18.5,
1.248,154,152,0.008,18.5,
1.2565,155,155.2,0.0085,18.5,
1.2645,156,158.4,0.0075,18.5,
1.273,157,161.1,0.0075,18.5,
1.2815,158,163.6,0.0075,18.5,
1.29,159,166.3,0.0075,18.5,
1.2975,160,168.3,0.0075,18.5,
1.306,161,170.4,0.0085,18.5,
1.3145,162,172.4,0.0075,18.5,
1.323,163,174.5,0.0075,18.5,
1.331,164,176.2,0.0075,18.5,
1.3395,165,178,0.0075,18.5,
1.347,166,179.5,0.0075,18.5,
1.3555,167,181.2,0.0085,18.5,
1.364,168,182.8,0.0075,18.5,
1.3725,169,184.2,0.0075,18.5,
1.3805,170,185.1,0.0065,18.5,
1.3805,410,191,0,18.7,
1.381,411,191,0.0005,18.7,
1.3825,412,191,0.001,18.7,
1.385,413,191.1,0.002,18.7,
1.389,414,191.4,0.003,18.7,
1.3955,415,191.8,0.0045,18.7,
1.404,416,192.5,0.006,18.7,
1.4115,417,193.4,0.006,18.7,
1.42,418,194.2,0.0065,18.7,
1.4285,419,195.1,0.006,18.7,
1.437,420,196.1,0.006,18.7,
1.445,421,197,0.0055,18.7,
1.4535,422,197.8,0.006,18.7,
1.461,423,198.5,0.006,18.7,
1.4695,424,199.4,0.0065,18.7,
1.478,425,200.2,0.006,18.7,
1.4865,426,201,0.006,18.7,
1.495,427,201.7,0.006,18.7,
1.503,428,202.5,0.0055,18.7,
1.511,429,203.1,0.006,18.7,
1.519,430,203.8,0.006,18.7,
1.5275,431,204.3,0.006,18.7,
1.536,432,205.1,0.006,18.7,
1.5445,433,205.8,0.006,18.7,
1.553,434,206.4,0.006,18.7,
1.5605,435,207,0.006,18.7,
1.569,436,207.5,0.0065,18.7,
1.5775,437,208.1,0.0065,18.7,
1.586,438,208.7,0.006,18.7,
1.594,439,209.3,0.0055,18.7,
1.6025,440,209.7,0.006,18.7,
1.61,441,210.3,0.006,18.7,
1.6185,442,210.8,0.0065,18.7,
1.627,443,211.3,0.006,18.7,
1.6355,444,211.8,0.006,18.7,
1.644,445,212.3,0.006,18.7,
1.6525,446,212.8,0.0065,18.7,
1.66,447,213.2,0.006,18.7,
1.6685,448,213.7,0.0065,18.7,
1.677,449,214.1,0.006,18.7,
1.685,450,214.6,0.0055,18.7,
1.6935,451,215,0.006,18.7,
1.702,452,215.4,0.0065,18.7,
1.7095,453,215.8,0.006,18.7,
1.718,454,216.2,0.0065,18.7,
1.7265,455,216.8,0.006,18.7,
1.735,456,217.1,0.006,18.7,
1.7435,457,217.6,0.006,18.7,
1.751,458,217.9,0.006,18.7,
1.7595,459,218.4,0.0065,18.7,
1.7675,460,218.7,0.006,18.7,
1.776,461,219.1,0.006,18.7,
1.7845,462,219.5,0.006,18.7,
1.793,463,219.8,0.006,18.7,
1.8005,464,220.2,0.006,18.7,
1.809,465,220.4,0.0065,18.7,
1.8175,466,220.9,0.0065,18.7,
1.826,467,221.2,0.006,18.7,
1.834,468,221.5,0.0055,18.7,
1.8425,469,221.9,0.006,18.7,
1.85,470,222.2,0.006,18.7,
1.8585,471,222.5,0.0065,18.7,
1.867,472,222.8,0.0065,18.7,
1.8755,473,223.1,0.006,18.7,
1.884,474,223.5,0.006,18.7,
1.8925,475,223.8,0.006,18.7,
1.9,476,224,0.006,18.7,
1.9085,477,224.4,0.0065,18.7,
1.917,478,224.7,0.0065,18.7,
1.925,479,225,0.0055,18.7,
1.9335,480,225.3,0.006,18.7,
1.942,481,225.5,0.006,18.7,
1.9495,482,225.8,0.006,18.7,
1.958,483,226.1,0.0065,18.7,
1.9665,484,226.4,0.0065,18.7,
1.975,485,226.7,0.006,18.7,
1.9835,486,227,0.006,18.7,
1.9915,487,227.2,0.0055,18.7,
1.9995,488,227.5,0.006,18.7,
2.0075,489,227.8,0.006,18.7,
2.016,490,228,0.0065,18.7,
2.0245,491,228.3,0.006,18.7,
2.033,492,228.5,0.006,18.7,
2.0415,493,228.8,0.006,18.7,
2.049,494,229.1,0.006,18.7,
2.0575,495,229.3,0.0065,18.7,
2.066,496,229.6,0.0065,18.7,
2.074,497,229.8,0.0055,18.7,
2.0825,498,230,0.006,18.7,
2.091,499,230.3,0.006,18.7,
2.0985,500,230.5,0.006,18.7,
2.107,501,230.7,0.0065,18.7,
2.1155,502,230.9,0.0065,18.7,
2.124,503,231.2,0.006,18.7,
2.1325,504,231.4,0.006,18.7,
2.1405,505,231.7,0.0055,18.7,
2.149,506,231.9,0.0065,18.7,
2.1565,507,232.1,0.006,18.7,
2.165,508,232.3,0.0065,18.7,
2.1735,509,232.5,0.006,18.7,
2.1905,511,232.9,0.006,18.7,
2.198,512,233.2,0.006,18.7,
2.2065,513,233.4,0.0065,18.7,
2.215,514,233.6,0.0065,18.8,
2.223,515,233.8,0.0055,18.7,
2.2315,516,234,0.006,18.8,
2.24,517,234.2,0.006,18.8,
2.2475,518,234.4,0.006,18.8,
2.2505,519,234.6,0.0025,18.8,
2.2515,520,234.7,0.001,18.8,
2.252,521,234.7,0.0005,18.8,
2.253,522,234.8,0.0005,18.8,
2.2545,523,234.8,0.001,18.8,
2.2565,524,234.8,0.0015,18.8,
2.2595,525,234.9,0.0025,18.8,
2.2645,526,234.9,0.004,18.8,
2.271,527,235,0.0045,18.8,
2.271,,235,,,EP
H2_T,,,,,
V [mL],t [s],E [mV],dV/dt [mL/s],T [°C],Point label
2.1805,510,232.7,0.0085,18.9,
0,0,-41.3,NaN,18.6,
0.001,1,-41.7,0.001,18.6,
0.0025,2,-41.7,0.0015,18.6,
0.005,3,-41.8,0.0025,18.6,
0.009,4,-41.7,0.0035,18.6,
0.015,5,-41.3,0.0055,18.6,
0.0235,6,-40.6,0.0075,18.6,
0.032,7,-39.5,0.0075,18.6,
0.0405,8,-38.1,0.0075,18.6,
0.048,9,-36.6,0.0075,18.6,
0.0565,10,-34.8,0.0075,18.6,
0.065,11,-32.8,0.0075,18.6,
0.073,12,-30.6,0.0075,18.6,
0.0815,13,-28.2,0.0075,18.6,
0.09,14,-25.6,0.0075,18.6,
0.0975,15,-23.1,0.007,18.6,
0.106,16,-19.8,0.0075,18.6,
0.1145,17,-16.5,0.0075,18.6,
0.123,18,-13.2,0.0075,18.6,
0.1315,19,-9.8,0.0075,18.6,
0.1395,20,-6.6,0.0075,18.6,
0.1475,21,-4,0.0075,18.6,
0.1555,22,-0.4,0.0075,18.6,
0.164,23,1.2,0.0075,18.6,
0.1725,24,3.2,0.0075,18.6,
0.181,25,4.8,0.0075,18.6,
0.1895,26,6.3,0.0075,18.6,
0.197,27,7.4,0.007,18.6,
0.2055,28,8.7,0.0075,18.6,
0.214,29,10.1,0.0075,18.6,
0.2225,30,11.4,0.0075,18.6,
0.2305,31,12.5,0.0075,18.6,
0.239,32,13.4,0.0085,18.6,
0.2465,33,14.5,0.007,18.6,
0.255,34,15.5,0.0075,18.6,
0.2635,35,16.4,0.0075,18.6,
0.272,36,17.1,0.0075,18.6,
0.2805,37,17.9,0.0075,18.6,
0.289,38,18.7,0.0075,18.6,
0.2965,39,19.4,0.007,18.6,
0.305,40,20.4,0.0075,18.6,
0.313,41,21.2,0.0075,18.6,
0.3215,42,22,0.0075,18.6,
0.33,43,22.9,0.0075,18.6,
0.3385,44,23.6,0.0075,18.6,
0.346,45,24.3,0.007,18.6,
0.3545,46,25,0.0075,18.6,
0.363,47,25.8,0.0075,18.6,
0.3715,48,26.6,0.0075,18.6,
0.3795,49,27.4,0.0075,18.6,
0.388,50,28.2,0.0075,18.6,
0.3955,51,28.9,0.007,18.6,
0.404,52,29.7,0.0075,18.6,
0.4125,53,30.4,0.0075,18.6,
0.421,54,31.1,0.0075,18.6,
0.4295,55,31.8,0.0075,18.6,
0.438,56,32.4,0.0075,18.6,
0.4455,57,33.1,0.007,18.6,
0.454,58,33.8,0.0075,18.6,
0.462,59,34.5,0.0075,18.6,
0.4705,60,35.3,0.0075,18.6,
0.479,61,36,0.0075,18.6,
0.4875,62,36.9,0.0075,18.6,
0.495,63,37.6,0.007,18.6,
0.5035,64,38.3,0.0075,18.6,
0.512,65,39,0.0075,18.6,
0.5205,66,39.7,0.0075,18.6,
0.529,67,40.3,0.0075,18.6,
0.5365,68,40.8,0.0075,18.6,
0.545,69,41.5,0.0075,18.6,
0.553,70,42.3,0.0075,18.6,
0.5615,71,43,0.0075,18.6,
0.57,72,43.7,0.0075,18.6,
0.5785,73,44.3,0.0075,18.6,
0.587,74,44.9,0.0085,18.6,
0.5945,75,45.7,0.007,18.6,
0.603,76,46.5,0.0075,18.6,
0.6115,77,47.2,0.0075,18.6,
0.6195,78,47.9,0.0075,18.6,
0.628,79,48.6,0.0075,18.6,
0.6355,80,49.1,0.0075,18.6,
0.644,81,49.8,0.0075,18.6,
0.6525,82,50.6,0.0075,18.6,
0.661,83,51.3,0.0075,18.6,
0.6695,84,51.8,0.0075,18.6,
0.678,85,52.8,0.0075,18.6,
0.6855,86,53.4,0.0075,18.6,
0.694,87,54,0.0075,18.6,
0.7025,88,54.7,0.0075,18.6,
0.7105,89,55.4,0.0075,18.6,
0.719,90,56.1,0.0075,18.6,
0.7275,91,56.7,0.0075,18.6,
0.735,92,57.5,0.0075,18.6,
0.7435,93,58.3,0.0075,18.7,
0.752,94,59.4,0.0075,18.7,
0.7605,95,60.1,0.0075,18.7,
0.769,96,60.8,0.0075,18.7,
0.777,97,61.5,0.0075,18.7,
0.7855,98,62.1,0.0085,18.6,
0.793,99,62.8,0.007,18.7,
0.8015,100,63.5,0.0075,18.7,
0.81,101,64.5,0.0075,18.7,
0.8185,102,65.4,0.0075,18.7,
0.827,103,66.1,0.0075,18.7,
0.8345,104,66.7,0.0075,18.7,
0.843,105,67.6,0.0075,18.7,
0.8515,106,68.4,0.0075,18.7,
0.8595,107,69.2,0.0075,18.7,
0.868,108,70,0.0075,18.7,
0.8765,109,71.2,0.0075,18.7,
0.884,110,72,0.0075,18.7,
0.8925,111,72.8,0.0075,18.7,
0.901,112,73.6,0.0075,18.7,
0.9095,113,74.4,0.0075,18.7,
0.918,114,75.2,0.0075,18.7,
0.9265,115,76.3,0.0075,18.7,
0.934,116,77.1,0.007,18.7,
0.9425,117,78.1,0.0075,18.7,
0.9505,118,78.9,0.0075,18.7,
0.959,119,79.9,0.0075,18.7,
0.9675,120,81.1,0.0075,18.7,
0.976,121,82.1,0.0075,18.7,
0.9835,122,83.1,0.007,18.7,
0.992,123,84.2,0.0075,18.7,
1.0005,124,85.4,0.0075,18.7,
1.009,125,86.5,0.0075,18.7,
1.017,126,87.9,0.0075,18.7,
1.0255,127,88.9,0.0085,18.7,
1.0335,128,90.2,0.0075,18.7,
1.0415,129,91.7,0.0075,18.7,
1.05,130,92.7,0.0075,18.7,
1.0585,131,94,0.0075,18.7,
1.067,132,95.4,0.0075,18.7,
1.0755,133,97,0.0085,18.7,
1.083,134,99.1,0.007,18.7,
1.0915,135,100.6,0.0075,18.7,
1.1,136,101.8,0.0075,18.7,
1.108,137,103.8,0.0075,18.7,
1.1165,138,106,0.0075,18.7,
1.125,139,108,0.0085,18.7,
1.1325,140,109.8,0.007,18.7,
1.141,141,111.6,0.0075,18.7,
1.1495,142,114,0.0075,18.7,
1.158,143,116.8,0.0075,18.7,
1.1665,144,119.5,0.0075,18.7,
1.174,145,122.1,0.0075,18.7,
1.1825,146,125.1,0.0075,18.7,
1.1905,147,128.1,0.0075,18.7,
1.199,148,131.3,0.0075,18.7,
1.2075,149,134.5,0.0075,18.7,
1.216,150,138,0.0075,18.7,
1.2235,151,141.3,0.0075,18.7,
1.232,152,145.2,0.0075,18.7,
1.2405,153,148.9,0.0075,18.7,
1.249,154,152.1,0.0075,18.7,
1.2575,155,155,0.0075,18.7,
1.2655,156,158.2,0.0075,18.7,
1.2735,157,160.8,0.008,18.7,
1.2815,158,163.4,0.0075,18.7,
1.29,159,165.7,0.0075,18.7,
1.2985,160,168.2,0.0075,18.7,
1.307,161,170.4,0.0075,18.7,
1.3155,162,172.3,0.0075,18.7,
1.324,163,174.2,0.0085,18.7,
1.3315,164,176,0.007,18.7,
1.34,165,177.7,0.0075,18.7,
1.348,166,179.5,0.0075,18.7,
1.3565,167,181.3,0.0075,18.7,
1.365,168,182.7,0.0075,18.7,
1.3735,169,184.2,0.0085,18.7,
1.3795,170,185,0.0065,18.7,
1.3795,410,190.8,0,18.9,
1.38,411,190.8,0.0005,18.9,
1.3815,412,190.8,0.0015,18.9,
1.384,413,190.9,0.003,18.9,
1.388,414,191.1,0.004,18.9,
1.394,415,191.6,0.006,18.9,
1.4025,416,192.4,0.0085,18.9,
1.41,417,193.2,0.0085,18.9,
1.4185,418,194.2,0.0095,18.9,
1.427,419,194.9,0.0095,18.9,
1.4355,420,195.8,0.0085,18.9,
1.4435,421,196.7,0.008,18.9,
1.452,422,197.5,0.0095,18.9,
1.4595,423,198.3,0.0085,18.9,
1.468,424,199.2,0.0095,18.9,
1.4765,425,200.1,0.0095,18.9,
1.485,426,200.8,0.0085,18.9,
1.4935,427,201.5,0.0085,18.9,
1.502,428,202.2,0.0085,18.9,
1.5095,429,202.9,0.0085,18.9,
1.518,430,203.6,0.0095,18.9,
1.526,431,204.3,0.008,18.9,
1.5345,432,205,0.0085,18.9,
1.543,433,205.6,0.0085,18.9,
1.5515,434,206.2,0.0085,18.9,
1.559,435,206.8,0.0085,18.9,
1.5675,436,207.4,0.0095,18.9,
1.576,437,207.9,0.0095,18.9,
1.5845,438,208.5,0.0085,18.9,
1.5925,439,209.1,0.008,18.9,
1.601,440,209.6,0.0095,18.9,
1.6085,441,210.1,0.0085,18.9,
1.617,442,210.7,0.0095,18.9,
1.6255,443,211.2,0.0085,18.9,
1.634,444,211.7,0.0085,18.9,
1.6425,445,212.2,0.0085,18.9,
1.651,446,212.7,0.0085,18.9,
1.6585,447,213.1,0.0085,18.9,
1.667,448,213.6,0.0095,18.9,
1.675,449,214.1,0.008,18.9,
1.6835,450,214.5,0.0085,18.9,
1.692,451,215,0.0085,18.9,
1.7005,452,215.3,0.0095,18.9,
1.708,453,215.8,0.0085,18.9,
1.7165,454,216.2,0.0095,18.9,
1.725,455,216.7,0.0085,18.9,
1.7335,456,217.1,0.0085,18.9,
1.742,457,217.5,0.0085,18.9,
1.7495,458,217.8,0.0085,18.9,
1.758,459,218.3,0.0095,18.9,
1.766,460,218.7,0.009,18.9,
1.7745,461,219.1,0.0085,18.9,
1.783,462,219.4,0.0085,18.9,
1.7915,463,219.8,0.0085,18.9,
1.799,464,220.2,0.0085,18.9,
1.8075,465,220.4,0.0095,18.9,
1.816,466,220.9,0.0095,18.9,
1.8245,467,221.2,0.0085,18.9,
1.833,468,221.5,0.0085,18.9,
1.841,469,221.9,0.008,18.9,
1.849,470,222.1,0.009,18.9,
1.857,471,222.5,0.009,18.9,
1.8655,472,222.8,0.0095,18.9,
1.874,473,223.1,0.0085,18.9,
1.8825,474,223.5,0.0085,18.9,
1.891,475,223.8,0.0085,18.9,
1.8985,476,224.1,0.0085,18.9,
1.907,477,224.3,0.0095,18.9,
1.9155,478,224.6,0.0085,18.9,
1.924,479,224.9,0.0085,18.9,
1.932,480,225.3,0.008,18.9,
1.9405,481,225.5,0.0095,18.9,
1.948,482,225.9,0.0085,18.9,
1.9565,483,226.1,0.0095,18.9,
1.965,484,226.4,0.0085,18.9,
1.9735,485,226.7,0.0085,18.9,
1.982,486,227,0.0085,18.9,
1.9895,487,227.2,0.0085,18.9,
1.998,488,227.5,0.0095,18.9,
2.0065,489,227.8,0.0095,18.9,
2.015,490,228.1,0.0085,18.9,
2.023,491,228.2,0.008,18.9,
2.0315,492,228.6,0.0085,18.9,
2.039,493,228.7,0.0085,18.9,
2.0475,494,229,0.0095,18.9,
2.056,495,229.2,0.0095,18.9,
2.0645,496,229.5,0.0085,18.9,
2.073,497,229.7,0.0085,18.9,
2.0815,498,230,0.0085,18.9,
2.089,499,230.2,0.0085,18.9,
2.0975,500,230.4,0.0095,18.9,
2.1055,501,230.7,0.009,18.9,
2.114,502,231,0.0085,18.9,
2.1225,503,231.2,0.0085,18.9,
2.131,504,231.4,0.0085,18.9,
2.1385,505,231.6,0.0085,18.9,
2.147,506,231.9,0.0095,18.9,
2.1555,507,232.1,0.0095,18.9,
2.164,508,232.3,0.0085,18.9,
2.172,509,232.5,0.008,18.9,
2.188,511,233,0.0085,18.9,
2.1965,512,233.2,0.0095,18.9,
2.205,513,233.4,0.0095,18.9,
2.2135,514,233.6,0.0085,18.9,
2.222,515,233.8,0.0085,18.9,
2.2305,516,234,0.0085,18.9,
2.2375,517,234.2,0.008,18.9,
2.2445,518,234.4,0.008,18.9,
2.2475,519,234.6,0.0035,18.9,
2.248,520,234.6,0.0005,18.9,
2.2485,521,234.7,0.0005,18.9,
2.25,522,234.7,0.0015,18.9,
2.252,523,234.7,0.002,18.9,
2.2545,524,234.8,0.003,18.9,
2.2585,525,234.8,0.0045,18.9,
2.264,526,234.9,0.0055,18.9,
2.268,527,235,0.0055,18.9,
2.268,,235,,,EP
H_3_B,,,,,
V [mL],t [s],E [mV],dV/dt [mL/s],T [°C],Point label
0,0,-18.1,NaN,18.8,
0.001,1,-18.6,0.001,18.8,
0.0025,2,-18.7,0.0015,18.8,
0.005,3,-18.7,0.0025,18.8,
0.009,4,-18.4,0.0035,18.8,
0.015,5,-17.9,0.0055,18.8,
0.0235,6,-16.7,0.0075,18.8,
0.032,7,-14.8,0.0075,18.8,
0.0405,8,-12.4,0.0075,18.8,
0.048,9,-10.2,0.007,18.8,
0.0565,10,-7.3,0.0075,18.8,
0.065,11,-4.3,0.0075,18.8,
0.0735,12,-0.8,0.0075,18.8,
0.0815,13,1,0.0075,18.8,
0.09,14,3.1,0.0075,18.8,
0.0975,15,4.9,0.007,18.8,
0.106,16,6.5,0.0075,18.8,
0.1145,17,8,0.0075,18.8,
0.123,18,9.4,0.0075,18.8,
0.1315,19,10.6,0.0075,18.8,
0.14,20,11.7,0.0075,18.8,
0.1475,21,12.7,0.007,18.8,
0.156,22,13.8,0.0075,18.8,
0.164,23,14.8,0.0075,18.8,
0.1725,24,15.8,0.0075,18.8,
0.181,25,16.6,0.0075,18.8,
0.1895,26,17.3,0.0075,18.8,
0.197,27,18,0.007,18.8,
0.2055,28,18.7,0.0075,18.8,
0.214,29,19.5,0.0075,18.8,
0.2225,30,20.4,0.0075,18.8,
0.231,31,21.3,0.0075,18.8,
0.2395,32,21.9,0.0085,18.8,
0.247,33,22.5,0.007,18.8,
0.2555,34,23.3,0.0075,18.8,
0.2635,35,24,0.0075,18.8,
0.272,36,24.6,0.0075,18.8,
0.2805,37,25.2,0.0075,18.8,
0.289,38,25.8,0.0075,18.8,
0.2965,39,26.5,0.007,18.8,
0.305,40,27.1,0.0075,18.8,
0.3135,41,27.8,0.0075,18.8,
0.322,42,28.4,0.0075,18.8,
0.33,43,29.1,0.0075,18.8,
0.338,44,29.7,0.0075,18.8,
0.346,45,30.5,0.0075,18.8,
0.3545,46,31.3,0.0075,18.8,
0.363,47,31.9,0.0075,18.8,
0.3715,48,32.5,0.0075,18.8,
0.38,49,33.1,0.0075,18.8,
0.3885,50,33.8,0.0075,18.8,
0.396,51,34.3,0.007,18.8,
0.4045,52,35,0.0075,18.8,
0.413,53,35.6,0.0075,18.8,
0.421,54,36.2,0.0075,18.8,
0.4295,55,36.9,0.0075,18.8,
0.438,56,37.5,0.0075,18.8,
0.4455,57,38.3,0.007,18.8,
0.454,58,39.1,0.0075,18.8,
0.4625,59,39.7,0.0075,18.8,
0.471,60,40.4,0.0075,18.8,
0.479,61,41,0.0075,18.8,
0.4875,62,41.5,0.0075,18.8,
0.4955,63,42.1,0.0075,18.8,
0.5035,64,42.7,0.0075,18.8,
0.512,65,43.3,0.0075,18.8,
0.5205,66,44,0.0075,18.8,
0.529,67,44.6,0.0075,18.8,
0.5365,68,45.2,0.007,18.8,
0.545,69,45.9,0.0075,18.8,
0.5535,70,46.5,0.0075,18.8,
0.562,71,47.1,0.0075,18.8,
0.57,72,47.8,0.0075,18.8,
0.5785,73,48.5,0.0075,18.8,
0.586,74,49,0.007,18.8,
0.5945,75,49.6,0.0075,18.8,
0.603,76,50.2,0.0075,18.8,
0.6115,77,50.8,0.0075,18.8,
0.62,78,51.5,0.0075,18.8,
0.6285,79,52.1,0.0075,18.8,
0.636,80,52.7,0.007,18.8,
0.6445,81,53.4,0.0075,18.8,
0.653,82,54,0.0075,18.8,
0.661,83,54.6,0.0075,18.8,
0.6695,84,55.2,0.0075,18.8,
0.678,85,55.9,0.0075,18.8,
0.6855,86,56.3,0.007,18.8,
0.694,87,56.8,0.0075,18.8,
0.7025,88,57.5,0.0075,18.8,
0.711,89,58.1,0.0075,18.8,
0.7195,90,58.9,0.0075,18.8,
0.7275,91,59.7,0.0075,18.8,
0.7355,92,60.5,0.0075,18.8,
0.7435,93,61.3,0.0075,18.8,
0.752,94,62,0.0075,18.8,
0.7605,95,62.6,0.0075,18.8,
0.769,96,63.1,0.0075,18.8,
0.7775,97,63.8,0.0075,18.8,
0.785,98,64.4,0.007,18.8,
0.7935,99,65.2,0.0075,18.8,
0.802,100,65.9,0.0075,18.8,
0.81,101,66.6,0.0075,18.8,
0.8185,102,67.3,0.0075,18.8,
0.827,103,68,0.0085,18.8,
0.8345,104,68.9,0.007,18.8,
0.843,105,69.6,0.0075,18.8,
0.8515,106,70.4,0.0075,18.8,
0.86,107,71.1,0.0075,18.8,
0.8685,108,71.8,0.0075,18.8,
0.876,109,72.7,0.007,18.8,
0.8845,110,73.6,0.0075,18.8,
0.893,111,74.2,0.0075,18.8,
0.9015,112,75,0.0075,18.8,
0.9095,113,75.8,0.0075,18.8,
0.918,114,76.8,0.0075,18.8,
0.9255,115,77.7,0.007,18.8,
0.934,116,78.8,0.0075,18.8,
0.9425,117,79.8,0.0075,18.8,
0.951,118,80.5,0.0075,18.9,
0.9595,119,81.5,0.0075,18.9,
0.968,120,82.3,0.0075,18.9,
0.9755,121,83.2,0.007,18.9,
0.984,122,84.3,0.0075,18.9,
0.992,123,85.3,0.0075,18.9,
1.0005,124,86.2,0.0075,18.8,
1.009,125,87.3,0.0075,18.9,
1.0175,126,88.6,0.0075,18.9,
1.025,127,89.5,0.007,18.9,
1.0335,128,90.9,0.0075,18.9,
1.042,129,92.1,0.0075,18.9,
1.0505,130,93.3,0.0075,18.9,
1.059,131,94.7,0.0075,18.9,
1.067,132,95.9,0.008,18.9,
1.075,133,97.3,0.0075,18.9,
1.083,134,99.1,0.0075,18.9,
1.0915,135,100.4,0.0075,18.9,
1.1,136,102,0.0075,18.9,
1.1085,137,103.8,0.0075,18.9,
1.116,138,105.1,0.007,18.9,
1.1245,139,107,0.0075,18.9,
1.133,140,109,0.0075,18.9,
1.1415,141,111.4,0.0075,18.9,
1.1495,142,113.6,0.0075,18.9,
1.158,143,115.9,0.0075,18.9,
1.1655,144,117.9,0.007,18.9,
1.174,145,120.6,0.0075,18.9,
1.1825,146,123.5,0.0075,18.9,
1.191,147,126.2,0.0075,18.9,
1.1995,148,129.1,0.0075,18.9,
1.208,149,132.2,0.0075,18.9,
1.2155,150,135.4,0.007,18.9,
1.224,151,138.7,0.0075,18.9,
1.2325,152,142.2,0.0075,18.9,
1.2405,153,145.8,0.0075,18.9,
1.249,154,149.1,0.0075,18.9,
1.2575,155,152.3,0.0075,18.9,
1.265,156,155.1,0.007,18.9,
1.2735,157,158.2,0.0075,18.9,
1.282,158,161.1,0.0075,18.9,
1.2905,159,163.4,0.0075,18.9,
1.299,160,166,0.0075,18.9,
1.307,161,168.3,0.0075,18.9,
1.315,162,170.3,0.0075,18.9,
1.323,163,172.4,0.0075,18.9,
1.3315,164,174.3,0.0075,18.9,
1.34,165,176.1,0.0075,18.9,
1.3485,166,178,0.0075,18.9,
1.357,167,179.8,0.0075,18.9,
1.3645,168,181.2,0.007,18.9,
1.373,169,182.7,0.0075,18.9,
1.3815,170,184.1,0.0075,18.9,
1.3885,171,185,0.007,18.9,
1.3885,411,190.7,0,19,
1.389,412,190.7,0.0005,19,
1.3905,413,190.7,0.0015,19,
1.393,414,190.8,0.0025,19,
1.397,415,191.1,0.0035,19,
1.403,416,191.5,0.005,19,
1.4115,417,192.3,0.007,19,
1.419,418,193.1,0.007,19,
1.4275,419,194.1,0.007,19,
1.436,420,195,0.007,19,
1.4445,421,195.9,0.007,19,
1.4525,422,196.7,0.0065,19,
1.461,423,197.5,0.007,19,
1.4685,424,198.3,0.007,19,
1.477,425,199.1,0.0075,19,
1.4855,426,199.9,0.0075,19,
1.494,427,200.7,0.007,19,
1.5025,428,201.5,0.007,19,
1.511,429,202.2,0.007,19,
1.5185,430,202.8,0.007,19,
1.5265,431,203.4,0.0075,19,
1.535,432,204,0.0075,19,
1.5435,433,204.8,0.007,19,
1.552,434,205.5,0.007,19,
1.5605,435,206.1,0.007,19,
1.568,436,206.8,0.007,19,
1.5765,437,207.4,0.0075,19,
1.585,438,207.9,0.0075,19,
1.5935,439,208.5,0.007,19,
1.6015,440,209.1,0.0065,19,
1.61,441,209.6,0.007,19,
1.6175,442,210.1,0.007,19,
1.626,443,210.6,0.0075,19,
1.6345,444,211.2,0.0075,19.1,
1.643,445,211.6,0.007,19,
1.6515,446,212.2,0.007,19,
1.66,447,212.6,0.007,19.1,
1.6675,448,213.1,0.007,19,
1.676,449,213.6,0.0075,19,
1.684,450,213.9,0.0075,19.1,
1.6925,451,214.5,0.007,19.1,
1.701,452,214.9,0.007,19,
1.7095,453,215.3,0.007,19.1,
1.717,454,215.7,0.007,19,
1.7255,455,216.1,0.0075,19.1,
1.734,456,216.6,0.0075,19.1,
1.7425,457,217,0.007,19.1,
1.7505,458,217.4,0.0065,19.1,
1.759,459,217.9,0.007,19.1,
1.7665,460,218.2,0.007,19.1,
1.775,461,218.6,0.0075,19.1,
1.7835,462,218.9,0.0075,19.1,
1.792,463,219.3,0.007,19.1,
1.8005,464,219.7,0.007,19.1,
1.809,465,220.1,0.007,19.1,
1.8165,466,220.4,0.007,19.1,
1.825,467,220.7,0.0075,19.1,
1.833,468,221.1,0.0075,19.1,
1.8415,469,221.5,0.007,19.1,
1.85,470,221.8,0.007,19.1,
1.8585,471,222.1,0.007,19.1,
1.866,472,222.4,0.007,19.1,
1.8745,473,222.7,0.0075,19.1,
1.883,474,223.1,0.007,19.1,
1.8915,475,223.4,0.007,19.1,
1.9,476,223.6,0.007,19.1,
1.908,477,223.9,0.0075,19.1,
1.916,478,224.2,0.0075,19.1,
1.924,479,224.6,0.0075,19.1,
1.9325,480,224.9,0.007,19.1,
1.941,481,225.2,0.007,19.1,
1.9495,482,225.5,0.007,19.1,
1.958,483,225.8,0.0075,19.1,
1.9655,484,226,0.007,19.1,
1.974,485,226.3,0.0075,19.1,
1.9825,486,226.6,0.007,19.1,
1.991,487,226.9,0.007,19.1,
1.999,488,227.2,0.0065,19.1,
2.007,489,227.4,0.0075,19.1,
2.015,490,227.6,0.0075,19.1,
2.0235,491,228,0.0075,19.1,
2.032,492,228.3,0.007,19.1,
2.0405,493,228.5,0.007,19.1,
2.049,494,228.8,0.007,19.1,
2.0565,495,229,0.007,19.1,
2.065,496,229.2,0.0075,19.1,
2.0735,497,229.5,0.0075,19.1,
2.082,498,229.8,0.007,19.1,
2.09,499,230,0.0065,19.1,
2.0985,500,230.2,0.007,19.1,
2.106,501,230.4,0.007,19.1,
2.1145,502,230.7,0.0075,19.1,
2.123,503,230.8,0.007,19.1,
2.1315,504,231.1,0.007,19.1,
2.14,505,231.4,0.007,19.1,
2.1485,506,231.6,0.007,19.1,
2.156,507,231.9,0.007,19.1,
2.1645,508,232,0.0075,19.1,
2.1725,509,232.3,0.0065,19.1,
2.181,510,232.5,0.007,19.1,
2.1895,511,232.7,0.007,19.1,
2.198,512,232.9,0.0075,19.1,
2.2055,513,233.1,0.007,19.1,
2.214,514,233.3,0.0075,19.1,
2.2225,515,233.5,0.007,19.1,
2.231,516,233.8,0.007,19.1,
2.2395,517,233.9,0.007,19.1,
2.2475,518,234.2,0.0075,19.1,
2.2535,519,234.3,0.0055,19.1,
2.2575,520,234.4,0.0035,19.1,
2.2595,521,234.6,0.0015,19.1,
2.2615,522,234.6,0.0015,19.1,
2.2635,523,234.7,0.0015,19.1,
2.266,524,234.8,0.0025,19.1,
2.2685,525,234.8,0.0025,19.1,
2.273,526,234.9,0.004,19.1,
2.2795,527,235,0.0045,19.1,
2.2795,,235,,,EP
H3_T,,,,,
V [mL],t [s],E [mV],dV/dt [mL/s],T [°C],Point label
0,0,-19.1,NaN,19,
0.0005,1,-19.5,0.0005,19,
0.0025,2,-19.5,0.002,19,
0.005,3,-19.6,0.0025,19,
0.0085,4,-19.3,0.003,19,
0.015,5,-18.6,0.006,19,
0.023,6,-17.5,0.0075,19,
0.0315,7,-15.7,0.0085,19,
0.039,8,-13.4,0.0075,19,
0.0475,9,-10.9,0.0075,19,
0.056,10,-8.1,0.0075,19,
0.0645,11,-5.3,0.0075,19,
0.073,12,-2.2,0.0075,19,
0.0805,13,0,0.0075,19,
0.089,14,2.3,0.0085,19,
0.097,15,4.4,0.0075,19,
0.1055,16,6.1,0.0075,19,
0.114,17,7.5,0.0075,19,
0.1225,18,8.9,0.0075,19,
0.13,19,10.3,0.0075,19,
0.1385,20,11.7,0.0085,19,
0.147,21,12.8,0.0075,19,
0.1555,22,13.8,0.0075,19,
0.164,23,14.8,0.0075,19,
0.172,24,15.7,0.0075,19,
0.18,25,16.4,0.008,19,
0.188,26,17.2,0.008,19,
0.1965,27,18,0.0075,19,
0.205,28,18.8,0.0075,19,
0.2135,29,19.8,0.0075,19,
0.222,30,20.6,0.0075,19,
0.2295,31,21.2,0.0075,19,
0.238,32,21.9,0.0085,19,
0.2465,33,22.6,0.0075,19,
0.2545,34,23.4,0.0075,19,
0.263,35,24.1,0.0075,19,
0.2715,36,24.7,0.0085,19,
0.279,37,25.5,0.0075,19,
0.2875,38,26.2,0.0085,19,
0.296,39,27,0.0075,19,
0.3045,40,27.7,0.0075,19,
0.313,41,28.4,0.0075,19,
0.3215,42,28.9,0.0085,19,
0.329,43,29.6,0.0075,19,
0.3375,44,30.3,0.0085,19,
0.346,45,31,0.0075,19,
0.354,46,31.7,0.0075,19,
0.3625,47,32.3,0.0075,19,
0.37,48,32.8,0.0075,19,
0.3785,49,33.5,0.0085,19,
0.387,50,34,0.0075,19,
0.3955,51,34.7,0.0075,19,
0.404,52,35.4,0.0075,19,
0.4125,53,36.1,0.0075,19,
0.42,54,36.7,0.0075,19,
0.4285,55,37.4,0.0085,19,
0.4365,56,38,0.0075,19,
0.445,57,38.7,0.0075,19,
0.4535,58,39.4,0.0075,19,
0.462,59,40.1,0.0075,19,
0.4695,60,40.8,0.0075,19,
0.478,61,41.4,0.0085,19,
0.4865,62,42,0.0075,19,
0.495,63,42.7,0.0075,19,
0.503,64,43.3,0.0075,19,
0.5115,65,44,0.0075,19,
0.519,66,44.6,0.0075,19,
0.5275,67,45.3,0.0085,19,
0.536,68,46,0.0075,19,
0.5445,69,46.6,0.0075,19,
0.553,70,47.2,0.0075,19,
0.5615,71,47.7,0.0085,19,
0.569,72,48.5,0.0075,19,
0.5775,73,49.2,0.0085,19,
0.586,74,49.8,0.0075,19,
0.594,75,50.4,0.0075,19,
0.6025,76,51,0.0075,19,
0.611,77,51.7,0.0075,19,
0.6185,78,52.2,0.0075,19,
0.627,79,52.8,0.0085,19,
0.6355,80,53.3,0.0075,19,
0.644,81,54.1,0.0075,19,
0.6525,82,54.9,0.0075,19,
0.6605,83,55.5,0.008,19,
0.6685,84,56.1,0.008,19,
0.6765,85,56.7,0.008,19,
0.685,86,57.5,0.0075,19,
0.6935,87,58.2,0.0075,19,
0.702,88,59.1,0.0075,19,
0.7105,89,59.7,0.0085,19,
0.718,90,60.3,0.0075,19,
0.7265,91,60.9,0.0085,19,
0.735,92,61.5,0.0075,19,
0.7435,93,62.3,0.0075,19,
0.7515,94,63,0.0075,19,
0.7595,95,63.7,0.008,19,
0.7675,96,64.2,0.008,19,
0.776,97,65,0.0085,19,
0.7845,98,65.8,0.0075,19,
0.793,99,66.6,0.0075,19,
0.8015,100,67.3,0.0075,19,
0.809,101,68,0.0075,19,
0.8175,102,68.8,0.0085,19,
0.826,103,69.7,0.0075,19,
0.834,104,70.5,0.0075,19,
0.8425,105,71.5,0.0075,19,
0.851,106,72.1,0.0075,19,
0.8585,107,72.5,0.0075,19,
0.867,108,73.4,0.0085,19,
0.8755,109,74.2,0.0075,19,
0.884,110,75.2,0.0075,19.1,
0.8925,111,76.1,0.0075,19.1,
0.901,112,77.1,0.0075,19.1,
0.9085,113,77.9,0.0075,19.1,
0.917,114,78.8,0.0085,19.1,
0.925,115,79.7,0.0075,19.1,
0.9335,116,80.7,0.0075,19.1,
0.942,117,81.9,0.0075,19.1,
0.9505,118,82.8,0.0075,19.1,
0.958,119,83.6,0.0075,19.1,
0.9665,120,84.4,0.0085,19.1,
0.975,121,85.5,0.0075,19.1,
0.9835,122,86.7,0.0075,19.1,
0.9915,123,88.1,0.0075,19.1,
1,124,89.3,0.0075,19.1,
1.0075,125,90.2,0.0075,19.1,
1.016,126,91.5,0.0085,19.1,
1.0245,127,92.7,0.0075,19.1,
1.033,128,94,0.0075,19.1,
1.0415,129,95.5,0.0075,19.1,
1.05,130,97,0.0085,19.1,
1.0575,131,98.2,0.0075,19.1,
1.066,132,99.7,0.0085,19.1,
1.0745,133,101.4,0.0075,19.1,
1.0825,134,102.9,0.0075,19.1,
1.091,135,104.5,0.0075,19.1,
1.0995,136,106.1,0.0085,19.1,
1.107,137,108.3,0.0075,19.1,
1.1155,138,110.3,0.0085,19.1,
1.124,139,112.3,0.0075,19.1,
1.1325,140,114.8,0.0075,19.1,
1.141,141,117,0.0075,19.1,
1.1485,142,119.4,0.0075,19.1,
1.157,143,122.1,0.0085,19.1,
1.1655,144,124.7,0.0075,19.1,
1.1735,145,127.7,0.0075,19.1,
1.182,146,131,0.0075,19.1,
1.1905,147,134.2,0.0075,19.1,
1.198,148,137.4,0.0075,19.1,
1.2065,149,140.4,0.0085,19.1,
1.215,150,143.9,0.0075,19.1,
1.2235,151,147.3,0.0075,19.1,
1.232,152,150.8,0.0075,19.1,
1.24,153,153.7,0.0075,19.1,
1.248,154,156.6,0.008,19.1,
1.256,155,159.6,0.008,19.1,
1.2645,156,162.4,0.0085,19.1,
1.273,157,164.8,0.0075,19.1,
1.2815,158,167.4,0.0075,19.1,
1.29,159,169.6,0.0075,19.1,
1.2975,160,171.5,0.0075,19.1,
1.306,161,173.6,0.0085,19.1,
1.3145,162,175.6,0.0085,19.1,
1.3225,163,177.5,0.0075,19.1,
1.331,164,179.2,0.0075,19.1,
1.3395,165,180.9,0.0075,19.1,
1.347,166,182.3,0.0075,19.1,
1.3555,167,183.8,0.0085,19.1,
1.365,168,185.1,0.008,19.1,
1.365,408,190.7,0,19.2,
1.3655,409,190.8,0.0005,19.2,
1.367,410,190.8,0.001,19.2,
1.3695,411,190.9,0.002,19.2,
1.3735,412,191.1,0.003,19.2,
1.38,413,191.6,0.005,19.2,
1.388,414,192.3,0.006,19.2,
1.3965,415,193.3,0.007,19.2,
1.404,416,194.2,0.006,19.2,
1.4125,417,195.1,0.007,19.2,
1.421,418,195.9,0.0065,19.2,
1.4295,419,196.9,0.0065,19.2,
1.438,420,197.8,0.0065,19.2,
1.4455,421,198.6,0.006,19.2,
1.454,422,199.5,0.007,19.2,
1.4625,423,200.3,0.007,19.2,
1.471,424,201,0.0065,19.2,
1.479,425,201.7,0.006,19.2,
1.4875,426,202.4,0.0065,19.2,
1.495,427,203.1,0.006,19.2,
1.5035,428,203.7,0.007,19.2,
1.512,429,204.4,0.007,19.2,
1.5205,430,205.1,0.0065,19.2,
1.529,431,205.8,0.0065,19.2,
1.5375,432,206.5,0.0065,19.2,
1.545,433,207,0.006,19.2,
1.5535,434,207.6,0.007,19.2,
1.5615,435,208.3,0.0065,19.2,
1.57,436,208.9,0.0065,19.2,
1.5785,437,209.4,0.0065,19.2,
1.587,438,209.9,0.0065,19.2,
1.5945,439,210.4,0.006,19.3,
1.603,440,210.9,0.007,19.3,
1.6115,441,211.4,0.007,19.3,
1.62,442,212,0.0065,19.3,
1.628,443,212.5,0.006,19.3,
1.6365,444,213,0.0065,19.3,
1.644,445,213.4,0.006,19.3,
1.6525,446,213.9,0.007,19.3,
1.661,447,214.3,0.007,19.3,
1.6695,448,214.9,0.0065,19.3,
1.678,449,215.2,0.0065,19.3,
1.6865,450,215.7,0.0065,19.3,
1.6945,451,216.1,0.0065,19.3,
1.7025,452,216.5,0.0065,19.3,
1.7105,453,216.9,0.0065,19.3,
1.719,454,217.3,0.0065,19.3,
1.7275,455,217.8,0.0065,19.3,
1.736,456,218.2,0.0065,19.3,
1.7445,457,218.6,0.007,19.3,
1.752,458,219,0.006,19.3,
1.7605,459,219.4,0.007,19.3,
1.769,460,219.7,0.0065,19.3,
1.777,461,220.1,0.006,19.3,
1.7855,462,220.5,0.0065,19.3,
1.794,463,220.8,0.0065,19.3,
1.8015,464,221.1,0.006,19.3,
1.81,465,221.4,0.007,19.3,
1.8185,466,221.8,0.0065,19.3,
1.827,467,222.2,0.0065,19.3,
1.8355,468,222.6,0.0065,19.3,
1.843,469,222.8,0.006,19.3,
1.8515,470,223.1,0.007,19.3,
1.8595,471,223.5,0.0065,19.3,
1.868,472,223.8,0.0065,19.3,
1.8765,473,224.1,0.0065,19.3,
1.885,474,224.4,0.0065,19.3,
1.8935,475,224.7,0.007,19.3,
1.901,476,225,0.006,19.3,
1.9095,477,225.3,0.007,19.3,
1.918,478,225.6,0.0065,19.3,
1.9265,479,225.9,0.0065,19.3,
1.9345,480,226.2,0.006,19.3,
1.9425,481,226.5,0.0065,19.3,
1.9505,482,226.8,0.0065,19.3,
1.959,483,227.1,0.007,19.3,
1.9675,484,227.4,0.0065,19.3,
1.976,485,227.6,0.0065,19.3,
1.9845,486,227.9,0.0065,19.3,
1.992,487,228.2,0.006,19.3,
2.0005,488,228.4,0.007,19.3,
2.009,489,228.7,0.007,19.3,
2.017,490,228.9,0.006,19.3,
2.0255,491,229.2,0.0065,19.3,
2.034,492,229.4,0.0065,19.3,
2.0415,493,229.7,0.006,19.3,
2.05,494,229.9,0.007,19.3,
2.0585,495,230.1,0.007,19.3,
2.067,496,230.4,0.0065,19.3,
2.0755,497,230.7,0.0065,19.3,
2.0835,498,230.9,0.006,19.3,
2.092,499,231.1,0.007,19.3,
2.0995,500,231.3,0.006,19.3,
2.108,501,231.6,0.007,19.3,
2.1165,502,231.8,0.0065,19.3,
2.125,503,232,0.0065,19.3,
2.1335,504,232.3,0.0065,19.3,
2.142,505,232.5,0.007,19.3,
2.1495,506,232.7,0.006,19.3,
2.1575,507,233,0.0065,19.3,
2.166,508,233.1,0.0065,19.3,
2.1745,509,233.3,0.0065,19.3,
2.183,510,233.5,0.0065,19.3,
2.1915,511,233.7,0.007,19.3,
2.199,512,234,0.006,19.3,
2.207,513,234.2,0.0065,19.3,
2.2145,514,234.5,0.006,19.3,
2.2175,515,234.5,0.0025,19.3,
2.218,516,234.6,0.0005,19.3,
2.2185,517,234.7,0.0005,19.3,
2.22,518,234.8,0.001,19.3,
2.222,519,234.7,0.0015,19.3,
2.225,520,234.8,0.0025,19.3,
2.2295,521,234.8,0.0035,19.3,
2.2375,522,235,0.0055,19.3,
2.2375,,235,,,EP
