"","Date.Time","TMP_T0","pH_T0","Sal","TMP_T2","pH_T2","Temp_T3","pH_T3","TMP_T1","pH_T1"
"4",2018-08-01 01:00:00,"18.5","7.83","29.3","18.8","7.86","18.8","7.86","18.9","7.90"
"5",2018-08-01 01:10:00,"18.4","7.83","29.1","18.8","7.86","18.8","7.86","18.8","7.90"
"6",2018-08-01 01:20:00,"18.4","7.83","29.1","18.8","7.87","18.8","7.86","18.8","7.90"
"7",2018-08-01 01:30:00,"18.4","7.83","29.1","18.8","7.86","18.8","7.86","18.8","7.90"
"8",2018-08-01 01:30:00,"18.3","7.85","29.2","18.8","7.87","18.8","7.88","18.7","7.92"
"9",2018-08-01 01:40:00,"18.3","7.85","29.2","18.8","7.87","18.8","7.88","18.7","7.92"
"10",2018-08-01 01:50:00,"18.3","7.85","29.2","18.8","7.87","18.8","7.88","18.7","7.92"
"11",2018-08-01 02:00:00,"18.3","7.85","29.2","18.8","7.87","18.8","7.88","18.7","7.92"
"12",2018-08-01 02:10:00,"18.3","7.85","29.2","18.8","7.87","18.8","7.88","18.7","7.92"
"13",2018-08-01 02:20:00,"18.3","7.85","29.2","18.8","7.87","18.8","7.88","18.7","7.92"
"14",2018-08-01 02:30:00,"18.3","7.85","29.2","18.8","7.87","18.8","7.88","18.7","7.92"
"15",2018-08-01 02:40:00,"18.3","7.85","29.2","18.8","7.87","18.8","7.88","18.7","7.92"
"16",2018-08-01 02:50:00,"18.3","7.85","29.2","18.8","7.87","18.8","7.88","18.7","7.92"
"17",2018-08-01 03:00:00,"18.3","7.85","29.2","18.8","7.87","18.8","7.88","18.7","7.92"
"18",2018-08-01 03:10:00,"18.3","7.85","29.1","18.8","7.87","18.8","7.88","18.7","7.92"
"19",2018-08-01 03:20:00,"18.3","7.85","29.1","18.8","7.87","18.8","7.88","18.7","7.92"
"20",2018-08-01 03:30:00,"18.3","7.85","29.1","18.8","7.87","18.8","7.88","18.7","7.92"
"21",2018-08-01 03:40:00,"18.2","7.85","29.1","18.8","7.87","18.8","7.88","18.6","7.92"
"22",2018-08-01 03:50:00,"18.2","7.85","29.1","18.8","7.87","18.8","7.88","18.6","7.92"
"23",2018-08-01 04:00:00,"18.2","7.85","29.1","18.8","7.87","18.8","7.88","18.6","7.92"
"24",2018-08-01 04:10:00,"18.2","7.85","29.1","18.8","7.87","18.8","7.88","18.6","7.92"
"25",2018-08-01 04:20:00,"18.2","7.85","29.1","18.8","7.87","18.8","7.88","18.6","7.92"
"26",2018-08-01 04:30:00,"18.2","7.85","29.1","18.8","7.87","18.8","7.88","18.6","7.92"
"27",2018-08-01 04:40:00,"18.2","7.85","29.1","18.8","7.87","18.8","7.88","18.6","7.92"
"28",2018-08-01 04:50:00,"18.2","7.85","29.1","18.8","7.87","18.8","7.88","18.6","7.92"
"29",2018-08-01 05:00:00,"18.2","7.85","29.1","18.8","7.87","18.8","7.88","18.6","7.92"
"30",2018-08-01 05:10:00,"18.2","7.85","29.1","18.7","7.87","18.8","7.88","18.6","7.92"
"31",2018-08-01 05:20:00,"18.2","7.85","29.1","18.7","7.87","18.8","7.88","18.6","7.92"
"32",2018-08-01 05:30:00,"18.2","7.84","29.1","18.7","7.87","18.8","7.88","18.6","7.92"
"33",2018-08-01 05:40:00,"18.2","7.85","29.1","18.7","7.87","18.8","7.88","18.6","7.92"
"34",2018-08-01 05:50:00,"18.2","7.85","29.1","18.7","7.87","18.8","7.88","18.6","7.92"
"35",2018-08-01 06:00:00,"18.2","7.85","29.1","18.7","7.87","18.8","7.88","18.6","7.92"
"36",2018-08-01 06:10:00,"18.2","7.85","29.1","18.7","7.87","18.8","7.88","18.5","7.92"
"37",2018-08-01 06:20:00,"18.2","7.85","29.1","18.7","7.87","18.7","7.88","18.5","7.92"
"38",2018-08-01 06:30:00,"18.2","7.85","29.1","18.7","7.87","18.7","7.88","18.5","7.92"
"39",2018-08-01 06:40:00,"18.1","7.85","29.1","18.7","7.87","18.7","7.88","18.5","7.92"
"40",2018-08-01 06:50:00,"18.1","7.85","29.1","18.7","7.87","18.7","7.88","18.5","7.92"
"41",2018-08-01 07:00:00,"18.1","7.85","29.1","18.7","7.87","18.7","7.88","18.5","7.92"
"42",2018-08-01 07:10:00,"18.1","7.85","29.1","18.7","7.87","18.7","7.88","18.5","7.92"
"43",2018-08-01 07:20:00,"18.1","7.84","29.1","18.7","7.87","18.7","7.88","18.5","7.92"
"44",2018-08-01 07:30:00,"18.1","7.85","29.1","18.7","7.87","18.7","7.88","18.5","7.92"
"45",2018-08-01 07:40:00,"18.1","7.85","29.1","18.7","7.87","18.7","7.88","18.5","7.92"
"46",2018-08-01 07:50:00,"18.1","7.84","29.1","18.7","7.87","18.7","7.88","18.5","7.92"
"47",2018-08-01 08:00:00,"18.1","7.85","29.1","18.7","7.87","18.7","7.88","18.5","7.92"
"48",2018-08-01 08:10:00,"18.1","7.85","29.1","18.7","7.87","18.7","7.88","18.5","7.92"
"49",2018-08-01 08:20:00,"18.1","7.84","29.1","18.6","7.87","18.7","7.88","18.5","7.92"
"50",2018-08-01 08:30:00,"18.1","7.84","29.1","18.6","7.87","18.7","7.88","18.5","7.92"
"51",2018-08-01 08:40:00,"18.1","7.84","29.1","18.6","7.87","18.7","7.88","18.4","7.92"
"52",2018-08-01 08:50:00,"18.1","7.84","29.1","18.6","7.87","18.7","7.88","18.4","7.92"
"53",2018-08-01 09:00:00,"18.1","7.84","29.1","18.6","7.87","18.7","7.88","18.4","7.92"
"54",2018-08-01 09:10:00,"18.1","7.84","29.1","18.6","7.87","18.7","7.88","18.4","7.92"
"55",2018-08-01 09:20:00,"18.0","7.84","29.1","18.6","7.87","18.7","7.88","18.4","7.92"
"56",2018-08-01 09:30:00,"18.0","7.84","29.1","18.6","7.87","18.7","7.88","18.4","7.92"
"57",2018-08-01 09:40:00,"18.0","7.84","29.1","18.6","7.87","18.7","7.88","18.3","7.92"
"58",2018-08-01 09:50:00,"18.0","7.84","29.0","18.6","7.87","18.6","7.88","18.3","7.92"
"59",2018-08-01 10:00:00,"18.0","7.84","28.9","18.6","7.87","18.6","7.88","18.3","7.92"
"60",2018-08-01 10:10:00,"18.0","7.84","28.9","18.6","7.87","18.6","7.88","18.3","7.92"
"61",2018-08-01 10:20:00,"18.0","7.84","28.9","18.6","7.87","18.6","7.88","18.3","7.92"
"62",2018-08-01 10:30:00,"18.0","7.84","28.9","18.6","7.87","18.6","7.88","18.3","7.92"
"63",2018-08-01 10:40:00,"18.0","7.84","28.9","18.6","7.87","18.6","7.88","18.3","7.92"
"64",2018-08-01 10:50:00,"18.0","7.84","28.9","18.5","7.87","18.6","7.88","18.3","7.92"
"65",2018-08-01 11:00:00,"18.0","7.84","28.9","18.5","7.87","18.6","7.88","18.3","7.92"
"66",2018-08-01 11:10:00,"17.9","7.84","28.9","18.5","7.87","18.6","7.88","18.3","7.92"
"67",2018-08-01 11:20:00,"17.9","7.84","28.9","18.5","7.87","18.6","7.88","18.3","7.92"
"68",2018-08-01 11:30:00,"17.9","7.84","28.9","18.5","7.87","18.6","7.88","18.3","7.92"
"69",2018-08-01 11:40:00,"17.9","7.84","28.8","18.5","7.87","18.6","7.88","18.3","7.92"
"70",2018-08-01 11:50:00,"17.9","7.84","28.8","18.5","7.87","18.6","7.88","18.2","7.92"
"71",2018-08-01 12:00:00,"17.9","7.84","28.8","18.5","7.87","18.6","7.88","18.2","7.92"
"72",2018-08-01 12:10:00,"17.9","7.84","28.8","18.5","7.87","18.6","7.88","18.2","7.92"
"73",2018-08-01 12:20:00,"17.9","7.84","28.8","18.5","7.87","18.6","7.88","18.2","7.92"
"74",2018-08-01 12:30:00,"17.9","7.84","28.8","18.5","7.87","18.6","7.88","18.2","7.92"
"75",2018-08-01 12:40:00,"17.9","7.84","28.8","18.5","7.87","18.6","7.88","18.2","7.92"
"76",2018-08-01 12:50:00,"17.9","7.84","28.8","18.5","7.87","18.6","7.88","18.2","7.92"
"77",2018-08-01 13:00:00,"17.9","7.84","28.8","18.5","7.87","18.7","7.88","18.3","7.92"
"78",2018-08-01 13:10:00,"17.9","7.84","28.8","18.5","7.87","18.7","7.88","18.3","7.92"
"79",2018-08-01 13:20:00,"17.9","7.84","28.8","18.5","7.87","18.7","7.88","18.3","7.92"
"80",2018-08-01 13:30:00,"17.9","7.84","28.9","18.5","7.87","18.7","7.88","18.3","7.92"
"81",2018-08-01 13:40:00,"17.9","7.84","28.9","18.5","7.87","18.7","7.88","18.3","7.92"
"82",2018-08-01 13:50:00,"17.9","7.84","28.9","18.5","7.87","18.7","7.88","18.3","7.92"
"83",2018-08-01 14:00:00,"17.9","7.84","28.9","18.5","7.87","18.7","7.88","18.3","7.92"
"84",2018-08-01 14:10:00,"18.0","7.84","28.9","18.6","7.87","18.7","7.88","18.3","7.92"
"85",2018-08-01 14:20:00,"18.0","7.84","28.9","18.6","7.87","18.7","7.88","18.3","7.92"
"86",2018-08-01 14:30:00,"18.0","7.84","28.9","18.6","7.87","18.7","7.88","18.3","7.92"
"87",2018-08-01 14:40:00,"18.0","7.85","28.9","18.6","7.87","18.7","7.88","18.3","7.92"
"88",2018-08-01 14:50:00,"18.0","7.83","28.9","18.6","7.87","18.7","7.88","18.4","7.92"
"89",2018-08-01 15:00:00,"18.0","7.83","28.9","18.6","7.86","18.7","7.86","18.4","7.92"
"90",2018-08-01 15:10:00,"18.0","7.83","28.8","18.5","7.87","18.6","7.86","18.3","7.92"
"91",2018-08-01 15:20:00,"18.0","7.83","28.8","18.4","7.86","18.5","7.86","18.3","7.92"
"92",2018-08-01 15:30:00,"17.9","7.83","28.8","18.3","7.86","18.3","7.86","18.3","7.92"
"93",2018-08-01 15:40:00,"17.9","7.83","28.8","18.2","7.86","18.2","7.86","18.2","7.92"
"94",2018-08-01 15:50:00,"17.8","7.83","28.8","18.1","7.86","18.1","7.86","18.2","7.92"
"95",2018-08-01 16:00:00,"17.8","7.83","28.8","18.1","7.86","18.0","7.86","18.2","7.92"
"96",2018-08-01 16:10:00,"17.8","7.83","28.8","18.0","7.86","17.9","7.86","18.1","7.92"
"97",2018-08-01 16:20:00,"17.8","7.83","28.8","18.0","7.86","17.9","7.86","18.1","7.92"
"98",2018-08-01 16:30:00,"17.8","7.83","28.8","18.0","7.86","17.9","7.86","18.1","7.92"
"99",2018-08-01 16:40:00,"17.8","7.83","28.7","18.0","7.86","17.9","7.86","18.1","7.92"
"100",2018-08-01 16:50:00,"17.7","7.83","28.7","18.0","7.86","17.9","7.86","18.1","7.92"
"101",2018-08-01 17:00:00,"17.7","7.83","28.7","18.0","7.86","17.9","7.86","18.1","7.92"
"102",2018-08-01 17:10:00,"17.7","7.83","28.7","18.0","7.86","17.9","7.86","18.1","7.92"
"103",2018-08-01 17:20:00,"17.7","7.83","28.7","18.0","7.86","17.9","7.86","18.1","7.90"
"104",2018-08-01 17:30:00,"17.7","7.83","28.7","18.0","7.86","17.9","7.86","18.0","7.90"
"105",2018-08-01 17:40:00,"17.7","7.83","28.7","18.0","7.86","17.9","7.86","18.0","7.90"
"106",2018-08-01 17:50:00,"17.7","7.83","28.7","18.0","7.86","17.9","7.86","18.0","7.90"
"107",2018-08-01 18:00:00,"17.7","7.83","28.7","18.0","7.85","17.9","7.85","18.0","7.90"
"108",2018-08-01 18:10:00,"17.7","7.83","28.7","18.0","7.86","17.9","7.85","18.0","7.90"
"109",2018-08-01 18:20:00,"17.7","7.83","28.7","18.0","7.86","17.9","7.85","18.0","7.90"
"110",2018-08-01 18:30:00,"17.7","7.83","28.7","18.0","7.86","17.9","7.85","18.0","7.90"
"111",2018-08-01 18:40:00,"17.7","7.83","28.7","18.0","7.86","17.9","7.85","18.0","7.90"
"112",2018-08-01 18:50:00,"17.7","7.83","28.7","18.0","7.86","17.9","7.85","18.0","7.90"
"113",2018-08-01 19:00:00,"17.7","7.83","28.7","18.0","7.85","17.9","7.85","17.9","7.90"
"114",2018-08-01 19:10:00,"17.7","7.83","28.7","18.0","7.86","17.9","7.85","17.9","7.90"
"115",2018-08-01 19:20:00,"17.7","7.83","28.7","17.9","7.86","17.9","7.85","17.9","7.90"
"116",2018-08-01 19:30:00,"17.7","7.83","28.7","17.9","7.85","17.9","7.85","17.8","7.90"
"117",2018-08-01 19:40:00,"17.7","7.83","28.7","17.9","7.85","17.8","7.85","17.8","7.90"
"118",2018-08-01 19:50:00,"17.7","7.83","28.7","17.9","7.85","17.8","7.85","17.8","7.90"
"119",2018-08-01 20:00:00,"17.7","7.83","28.7","17.9","7.85","17.8","7.85","17.8","7.90"
"120",2018-08-01 20:10:00,"17.6","7.83","28.7","17.9","7.85","17.8","7.85","17.8","7.90"
"121",2018-08-01 20:20:00,"17.6","7.83","28.6","17.8","7.85","17.8","7.85","17.8","7.90"
"122",2018-08-01 20:30:00,"17.6","7.83","28.6","17.8","7.85","17.8","7.85","17.8","7.90"
"123",2018-08-01 20:40:00,"17.6","7.83","28.6","17.8","7.85","17.8","7.85","17.7","7.90"
"124",2018-08-01 20:50:00,"17.6","7.83","28.6","17.8","7.85","17.8","7.85","17.7","7.90"
"125",2018-08-01 21:00:00,"17.6","7.83","28.6","17.8","7.85","17.7","7.85","17.7","7.90"
"126",2018-08-01 21:10:00,"17.5","7.83","28.6","17.7","7.85","17.7","7.85","17.7","7.90"
"127",2018-08-01 21:20:00,"17.5","7.83","28.6","17.7","7.85","17.7","7.85","17.6","7.90"
"128",2018-08-01 21:30:00,"17.5","7.83","28.6","17.7","7.85","17.7","7.85","17.6","7.90"
"129",2018-08-01 21:40:00,"17.5","7.83","28.6","17.7","7.85","17.6","7.85","17.6","7.90"
"130",2018-08-01 21:50:00,"17.5","7.83","28.6","17.6","7.85","17.6","7.85","17.5","7.90"
"131",2018-08-01 22:00:00,"17.4","7.83","28.6","17.6","7.85","17.6","7.85","17.5","7.90"
"132",2018-08-01 22:10:00,"17.4","7.83","28.5","17.6","7.85","17.6","7.85","17.4","7.90"
"133",2018-08-01 22:20:00,"17.3","7.83","28.5","17.6","7.85","17.6","7.85","17.4","7.90"
"134",2018-08-01 22:30:00,"17.3","7.83","28.5","17.5","7.85","17.5","7.85","17.3","7.90"
"135",2018-08-01 22:40:00,"17.3","7.83","28.5","17.5","7.85","17.5","7.85","17.3","7.90"
"136",2018-08-01 22:50:00,"17.3","7.83","28.5","17.5","7.85","17.5","7.85","17.3","7.90"
"137",2018-08-01 23:00:00,"17.3","7.84","28.3","17.5","7.85","17.5","7.85","17.3","7.90"
"138",2018-08-01 23:10:00,"17.2","7.85","28.3","17.5","7.86","17.5","7.85","17.2","7.90"
"139",2018-08-01 23:20:00,"17.2","7.85","28.3","17.4","7.85","17.4","7.85","17.2","7.90"
"140",2018-08-01 23:30:00,"17.2","7.85","28.3","17.4","7.87","17.4","7.85","17.2","7.90"
"141",2018-08-01 23:40:00,"17.2","7.85","28.3","17.4","7.87","17.4","7.85","17.2","7.90"
"142",2018-08-01 23:50:00,"17.2","7.85","28.3","17.3","7.87","17.3","7.87","17.2","7.90"
"143",2018-08-02 00:00:00,"17.2","7.85","28.3","17.3","7.87","17.3","7.87","17.2","7.90"
"144",2018-08-02 00:10:00,"17.1","7.85","28.3","17.3","7.87","17.3","7.87","17.1","7.90"
"145",2018-08-02 00:20:00,"17.1","7.85","28.3","17.3","7.87","17.3","7.87","17.1","7.90"
"146",2018-08-02 00:30:00,"17.1","7.85","28.3","17.3","7.87","17.3","7.87","17.1","7.90"
"147",2018-08-02 00:40:00,"17.1","7.85","28.3","17.3","7.87","17.3","7.87","17.1","7.90"
"148",2018-08-02 00:50:00,"17.1","7.85","28.3","17.3","7.87","17.3","7.87","17.1","7.90"
"149",2018-08-02 01:00:00,"17.1","7.85","28.3","17.3","7.87","17.3","7.87","17.1","7.92"
"150",2018-08-02 01:10:00,"17.1","7.85","28.3","17.3","7.87","17.3","7.87","17.1","7.92"
"151",2018-08-02 01:20:00,"17.1","7.85","28.3","17.2","7.87","17.3","7.87","17.1","7.92"
"152",2018-08-02 01:30:00,"17.1","7.85","28.3","17.2","7.87","17.2","7.87","17.0","7.92"
"153",2018-08-02 01:40:00,"17.0","7.85","28.2","17.2","7.87","17.2","7.87","17.0","7.92"
"154",2018-08-02 01:50:00,"17.0","7.85","28.2","17.2","7.87","17.2","7.87","17.0","7.92"
"155",2018-08-02 02:00:00,"17.0","7.85","28.2","17.2","7.87","17.2","7.87","17.0","7.92"
"156",2018-08-02 02:10:00,"17.0","7.85","28.2","17.2","7.87","17.2","7.87","17.0","7.92"
"157",2018-08-02 02:20:00,"17.0","7.85","28.2","17.2","7.87","17.2","7.87","17.0","7.92"
"158",2018-08-02 02:30:00,"17.0","7.85","28.2","17.2","7.87","17.2","7.87","17.0","7.92"
"159",2018-08-02 02:40:00,"17.0","7.85","28.2","17.2","7.87","17.2","7.87","17.0","7.92"
"160",2018-08-02 02:50:00,"17.0","7.85","28.2","17.2","7.87","17.2","7.87","17.0","7.92"
"161",2018-08-02 03:00:00,"17.0","7.85","28.2","17.2","7.87","17.2","7.87","17.0","7.92"
"162",2018-08-02 03:10:00,"16.9","7.85","28.1","17.1","7.87","17.1","7.87","17.0","7.92"
"163",2018-08-02 03:20:00,"16.9","7.85","28.1","17.1","7.87","17.1","7.87","16.9","7.92"
"164",2018-08-02 03:30:00,"16.9","7.85","28.1","17.1","7.87","17.1","7.87","16.9","7.92"
"165",2018-08-02 03:40:00,"16.9","7.85","28.1","17.1","7.87","17.1","7.87","16.9","7.92"
"166",2018-08-02 03:50:00,"16.9","7.85","28.1","17.1","7.87","17.1","7.87","16.9","7.92"
"167",2018-08-02 04:00:00,"16.9","7.85","28.1","17.1","7.87","17.1","7.87","16.9","7.92"
"168",2018-08-02 04:10:00,"16.8","7.85","28.1","17.0","7.87","17.1","7.87","16.9","7.92"
"169",2018-08-02 04:20:00,"16.8","7.85","28.1","17.0","7.87","17.1","7.87","16.8","7.92"
"170",2018-08-02 04:30:00,"16.8","7.85","28.1","17.0","7.87","17.1","7.87","16.8","7.92"
"171",2018-08-02 04:40:00,"16.8","7.85","28.1","17.0","7.87","17.1","7.87","16.8","7.92"
"172",2018-08-02 04:50:00,"16.8","7.85","28.0","17.0","7.87","17.1","7.87","16.8","7.92"
"173",2018-08-02 05:00:00,"16.8","7.85","28.0","17.0","7.87","17.1","7.87","16.8","7.92"
"174",2018-08-02 05:10:00,"16.8","7.85","28.0","17.0","7.87","17.0","7.87","16.8","7.92"
"175",2018-08-02 05:20:00,"16.8","7.85","28.0","17.0","7.87","17.0","7.87","16.8","7.92"
"176",2018-08-02 05:30:00,"16.8","7.85","28.0","17.0","7.87","17.0","7.87","16.8","7.92"
"177",2018-08-02 05:40:00,"16.8","7.85","28.0","17.0","7.87","17.0","7.87","16.8","7.92"
"178",2018-08-02 05:50:00,"16.8","7.85","28.0","17.0","7.87","17.0","7.87","16.8","7.92"
"179",2018-08-02 06:00:00,"16.7","7.85","28.0","17.0","7.87","17.0","7.87","16.8","7.92"
"180",2018-08-02 06:10:00,"16.7","7.85","28.0","16.9","7.87","17.0","7.87","16.8","7.92"
"181",2018-08-02 06:20:00,"16.7","7.86","28.0","16.9","7.87","17.0","7.87","16.7","7.92"
"182",2018-08-02 06:30:00,"16.7","7.85","28.0","16.9","7.87","17.0","7.87","16.7","7.92"
"183",2018-08-02 06:40:00,"16.7","7.85","28.0","16.9","7.87","17.0","7.87","16.7","7.92"
"184",2018-08-02 06:50:00,"16.7","7.85","27.9","16.8","7.87","17.0","7.87","16.7","7.92"
"185",2018-08-02 07:00:00,"16.7","7.85","27.9","16.8","7.87","16.9","7.87","16.7","7.92"
"186",2018-08-02 07:10:00,"16.7","7.85","27.9","16.8","7.87","16.9","7.87","16.7","7.92"
"187",2018-08-02 07:20:00,"16.7","7.85","27.9","16.8","7.87","16.9","7.87","16.7","7.92"
"188",2018-08-02 07:30:00,"16.6","7.85","27.9","16.8","7.87","16.9","7.87","16.7","7.92"
"189",2018-08-02 07:40:00,"16.6","7.85","27.9","16.8","7.87","16.9","7.87","16.7","7.92"
"190",2018-08-02 07:50:00,"16.6","7.85","27.9","16.8","7.87","16.9","7.87","16.7","7.92"
"191",2018-08-02 08:00:00,"16.6","7.85","27.9","16.8","7.87","16.8","7.87","16.6","7.92"
"192",2018-08-02 08:10:00,"16.6","7.85","27.9","16.8","7.87","16.8","7.87","16.6","7.92"
"193",2018-08-02 08:20:00,"16.6","7.85","27.9","16.8","7.87","16.8","7.87","16.6","7.92"
"194",2018-08-02 08:30:00,"16.6","7.85","27.9","16.8","7.87","16.8","7.87","16.6","7.92"
"195",2018-08-02 08:40:00,"16.6","7.85","27.9","16.8","7.87","16.8","7.87","16.6","7.92"
"196",2018-08-02 08:50:00,"16.6","7.85","27.9","16.7","7.87","16.8","7.87","16.6","7.92"
"197",2018-08-02 09:00:00,"16.6","7.86","27.8","16.7","7.87","16.8","7.87","16.6","7.92"
"198",2018-08-02 09:10:00,"16.6","7.85","27.8","16.7","7.87","16.8","7.87","16.6","7.92"
"199",2018-08-02 09:20:00,"16.5","7.85","27.8","16.7","7.87","16.8","7.87","16.6","7.92"
"200",2018-08-02 09:30:00,"16.5","7.85","27.8","16.7","7.87","16.8","7.87","16.6","7.92"
"201",2018-08-02 09:40:00,"16.5","7.90","27.8","16.7","7.69","16.8","7.87","16.6","7.96"
"202",2018-08-02 09:50:00,"16.5","7.89","27.8","16.7","7.88","16.8","7.89","16.6","7.95"
"203",2018-08-02 10:00:00,"16.5","7.89","27.8","16.7","7.88","16.8","7.89","16.6","7.95"
"204",2018-08-02 10:10:00,"16.5","7.89","27.8","16.7","7.88","16.8","7.89","16.6","7.95"
"205",2018-08-02 10:20:00,"16.5","7.89","27.8","16.7","7.88","16.8","7.89","16.6","7.95"
"206",2018-08-02 10:30:00,"16.5","7.89","27.8","16.7","7.88","16.8","7.89","16.6","7.95"
"207",2018-08-02 10:40:00,"16.5","7.89","27.8","16.7","7.88","16.7","7.89","16.6","7.95"
"208",2018-08-02 10:50:00,"16.5","7.89","27.8","16.7","7.88","16.7","7.89","16.6","7.95"
"209",2018-08-02 11:00:00,"16.5","7.89","27.8","16.7","7.88","16.7","7.89","16.6","7.95"
"210",2018-08-02 11:10:00,"16.5","7.89","27.8","16.7","7.88","16.7","7.89","16.6","7.95"
"211",2018-08-02 11:20:00,"16.5","7.89","27.8","16.7","7.88","16.7","7.89","16.6","7.95"
"212",2018-08-02 11:30:00,"16.5","7.89","27.8","16.7","7.88","16.7","7.89","16.6","7.95"
"213",2018-08-02 11:40:00,"16.5","7.89","27.8","16.7","7.88","16.7","7.89","16.6","7.95"
"214",2018-08-02 11:50:00,"16.5","7.89","27.8","16.7","7.88","16.7","7.89","16.6","7.95"
"215",2018-08-02 12:00:00,"16.5","7.89","27.8","16.7","7.88","16.7","7.89","16.6","7.95"
"216",2018-08-02 12:10:00,"16.5","7.89","27.8","16.7","7.88","16.7","7.89","16.6","7.95"
"217",2018-08-02 12:20:00,"16.5","7.89","27.8","16.7","7.88","16.8","7.89","16.6","7.95"
"218",2018-08-02 12:30:00,"16.5","7.89","27.8","16.7","7.88","16.8","7.89","16.6","7.95"
"219",2018-08-02 12:40:00,"16.5","7.89","27.8","16.7","7.88","16.8","7.89","16.6","7.95"
"220",2018-08-02 12:50:00,"16.5","7.89","27.8","16.8","7.88","16.8","7.89","16.6","7.95"
"221",2018-08-02 13:00:00,"16.5","7.89","27.8","16.8","7.88","16.8","7.89","16.7","7.95"
"222",2018-08-02 13:10:00,"16.5","7.89","27.8","16.8","7.88","16.8","7.89","16.7","7.95"
"223",2018-08-02 13:20:00,"16.5","7.89","27.8","16.8","7.88","16.8","7.89","16.7","7.95"
"224",2018-08-02 13:30:00,"16.5","7.89","27.8","16.8","7.88","16.8","7.89","16.7","7.95"
"225",2018-08-02 13:40:00,"16.5","7.89","27.8","16.8","7.88","16.8","7.89","16.7","7.95"
"226",2018-08-02 13:50:00,"16.5","7.89","27.8","16.8","7.88","16.8","7.89","16.7","7.95"
"227",2018-08-02 14:00:00,"16.5","7.89","27.8","16.8","7.88","16.8","7.89","16.7","7.95"
"228",2018-08-02 14:10:00,"16.5","7.89","27.8","16.8","7.88","16.9","7.89","16.7","7.95"
"229",2018-08-02 14:20:00,"16.5","7.89","27.8","16.9","7.88","16.9","7.89","16.7","7.95"
"230",2018-08-02 14:30:00,"16.5","7.89","27.8","16.9","7.88","16.9","7.89","16.8","7.95"
"231",2018-08-02 14:40:00,"16.6","7.89","27.9","16.9","7.88","16.9","7.89","16.8","7.95"
"232",2018-08-02 14:50:00,"16.6","7.89","27.9","16.9","7.88","16.9","7.89","16.8","7.95"
"233",2018-08-02 15:00:00,"16.6","7.89","27.9","16.9","7.88","17.0","7.89","16.8","7.95"
"234",2018-08-02 15:10:00,"16.6","7.89","27.9","17.0","7.88","17.0","7.89","16.8","7.95"
"235",2018-08-02 15:20:00,"16.6","7.89","27.9","17.0","7.88","17.0","7.89","16.8","7.95"
"236",2018-08-02 15:30:00,"16.6","7.89","27.9","17.0","7.88","17.0","7.89","16.8","7.95"
"237",2018-08-02 15:40:00,"16.6","7.89","27.9","17.0","7.88","17.0","7.89","16.8","7.95"
"238",2018-08-02 15:50:00,"16.6","7.89","27.9","17.0","7.88","17.0","7.89","16.8","7.95"
"239",2018-08-02 16:00:00,"16.6","7.89","27.9","17.0","7.88","17.0","7.89","16.8","7.95"
"240",2018-08-02 16:10:00,"16.6","7.89","27.9","17.0","7.88","17.0","7.89","16.8","7.95"
"241",2018-08-02 16:20:00,"16.6","7.89","27.9","17.0","7.88","17.0","7.89","16.8","7.95"
"242",2018-08-02 16:30:00,"16.6","7.89","27.9","17.0","7.88","17.0","7.89","16.8","7.95"
"243",2018-08-02 16:40:00,"16.6","7.89","27.9","17.0","7.88","17.0","7.89","16.8","7.95"
"244",2018-08-02 16:50:00,"16.6","7.89","27.9","17.0","7.88","17.0","7.89","16.8","7.95"
"245",2018-08-02 17:00:00,"16.6","7.89","27.9","17.0","7.88","17.0","7.89","16.8","7.95"
"246",2018-08-02 17:10:00,"16.6","7.89","27.9","17.0","7.88","17.0","7.89","16.8","7.95"
"247",2018-08-02 17:20:00,"16.6","7.89","27.9","17.0","7.88","17.0","7.89","16.8","7.95"
"248",2018-08-02 17:30:00,"16.6","7.89","27.9","17.0","7.88","17.0","7.89","16.8","7.95"
"249",2018-08-02 17:40:00,"16.6","7.89","27.9","17.0","7.88","17.0","7.89","16.8","7.95"
"250",2018-08-02 17:50:00,"16.6","7.89","27.9","17.0","7.88","17.0","7.89","16.8","7.95"
"251",2018-08-02 18:00:00,"16.6","7.89","27.9","17.0","7.88","17.0","7.89","16.8","7.95"
"252",2018-08-02 18:10:00,"16.6","7.89","27.9","17.0","7.88","17.0","7.89","16.8","7.95"
"253",2018-08-02 18:20:00,"16.6","7.89","27.9","17.0","7.88","17.0","7.89","16.8","7.95"
"254",2018-08-02 18:30:00,"16.6","7.89","27.9","17.0","7.88","16.9","7.89","16.8","7.95"
"255",2018-08-02 18:40:00,"16.6","7.89","27.9","17.0","7.88","16.9","7.89","16.8","7.95"
"256",2018-08-02 18:50:00,"16.6","7.89","27.9","16.9","7.88","16.9","7.89","16.8","7.95"
"257",2018-08-02 19:00:00,"16.6","7.89","27.9","16.9","7.88","16.9","7.89","16.7","7.95"
"258",2018-08-02 19:10:00,"16.6","7.89","27.9","16.9","7.88","16.9","7.89","16.7","7.95"
"259",2018-08-02 19:20:00,"16.6","7.89","27.9","16.9","7.88","16.9","7.89","16.7","7.95"
"260",2018-08-02 19:30:00,"16.6","7.89","27.9","16.9","7.88","16.9","7.89","16.7","7.95"
"261",2018-08-02 19:40:00,"16.6","7.89","27.9","16.9","7.88","16.9","7.88","16.7","7.95"
"262",2018-08-02 19:50:00,"16.6","7.89","27.9","16.9","7.88","16.9","7.88","16.7","7.95"
"263",2018-08-02 20:00:00,"16.6","7.89","27.9","16.9","7.88","16.8","7.88","16.7","7.95"
"264",2018-08-02 20:10:00,"16.6","7.89","27.9","16.9","7.87","16.8","7.88","16.7","7.95"
"265",2018-08-02 20:20:00,"16.6","7.89","27.9","16.8","7.88","16.8","7.88","16.7","7.95"
"266",2018-08-02 20:30:00,"16.6","7.89","27.9","16.8","7.87","16.8","7.88","16.7","7.94"
"267",2018-08-02 20:40:00,"16.5","7.89","27.9","16.8","7.87","16.8","7.88","16.7","7.94"
"268",2018-08-02 20:50:00,"16.5","7.89","27.8","16.8","7.87","16.8","7.88","16.7","7.94"
"269",2018-08-02 21:00:00,"16.5","7.89","27.8","16.8","7.87","16.8","7.88","16.6","7.94"
"270",2018-08-02 21:10:00,"16.5","7.89","27.8","16.8","7.87","16.7","7.88","16.6","7.94"
"271",2018-08-02 21:20:00,"16.5","7.89","27.8","16.7","7.87","16.7","7.88","16.6","7.94"
"272",2018-08-02 21:30:00,"16.5","7.89","27.8","16.7","7.86","16.7","7.88","16.6","7.94"
"273",2018-08-02 21:40:00,"16.4","7.88","27.8","16.7","7.86","16.7","7.88","16.6","7.94"
"274",2018-08-02 21:50:00,"16.4","7.88","27.8","16.7","7.86","16.7","7.87","16.5","7.93"
"275",2018-08-02 22:00:00,"16.4","7.88","27.8","16.6","7.86","16.6","7.87","16.5","7.93"
"276",2018-08-02 22:10:00,"16.3","7.88","27.8","16.6","7.86","16.6","7.87","16.5","7.93"
"277",2018-08-02 22:20:00,"16.3","7.88","27.8","16.6","7.86","16.6","7.87","16.4","7.93"
"278",2018-08-02 22:30:00,"16.3","7.88","27.7","16.6","7.87","16.6","7.87","16.4","7.93"
"279",2018-08-02 22:40:00,"16.3","7.88","27.7","16.6","7.86","16.5","7.87","16.3","7.93"
"280",2018-08-02 22:50:00,"16.2","7.88","27.7","16.5","7.85","16.5","7.86","16.3","7.92"
"281",2018-08-02 23:00:00,"16.2","7.87","27.7","16.5","7.85","16.5","7.86","16.3","7.92"
"282",2018-08-02 23:10:00,"16.2","7.87","27.7","16.5","7.85","16.5","7.86","16.3","7.92"
"283",2018-08-02 23:20:00,"16.2","7.87","27.7","16.5","7.85","16.5","7.86","16.3","7.92"
"284",2018-08-02 23:30:00,"16.2","7.87","27.6","16.5","7.85","16.4","7.86","16.2","7.92"
"285",2018-08-02 23:40:00,"16.2","7.87","27.6","16.5","7.85","16.4","7.86","16.2","7.92"
"286",2018-08-02 23:50:00,"16.1","7.87","27.6","16.4","7.85","16.4","7.86","16.2","7.92"
"287",2018-08-03 00:00:00,"16.1","7.87","27.6","16.4","7.85","16.3","7.86","16.2","7.92"
"288",2018-08-03 00:10:00,"16.1","7.87","27.6","16.4","7.85","16.3","7.85","16.2","7.92"
"289",2018-08-03 00:20:00,"16.1","7.87","27.6","16.4","7.85","16.3","7.85","16.2","7.92"
"290",2018-08-03 00:30:00,"16.1","7.87","27.5","16.3","7.84","16.3","7.85","16.2","7.91"
"291",2018-08-03 00:40:00,"16.1","7.87","27.4","16.3","7.85","16.3","7.85","16.2","7.91"
"292",2018-08-03 00:50:00,"16.1","7.86","27.4","16.3","7.85","16.3","7.85","16.1","7.91"
"293",2018-08-03 01:00:00,"16.1","7.86","27.4","16.3","7.84","16.3","7.85","16.1","7.91"
"294",2018-08-03 01:10:00,"16.1","7.86","27.4","16.3","7.84","16.3","7.85","16.1","7.91"
"295",2018-08-03 01:20:00,"16.0","7.86","27.4","16.3","7.84","16.3","7.85","16.1","7.91"
"296",2018-08-03 01:30:00,"16.0","7.86","27.4","16.3","7.84","16.3","7.85","16.1","7.91"
"297",2018-08-03 01:40:00,"16.0","7.86","27.4","16.3","7.84","16.2","7.85","16.1","7.91"
"298",2018-08-03 01:50:00,"16.0","7.86","27.4","16.3","7.84","16.2","7.84","16.1","7.91"
"299",2018-08-03 02:00:00,"16.0","7.86","27.4","16.3","7.84","16.2","7.84","16.1","7.91"
"300",2018-08-03 02:10:00,"16.0","7.86","27.4","16.3","7.84","16.2","7.84","16.1","7.91"
"301",2018-08-03 02:20:00,"16.0","7.86","27.4","16.3","7.84","16.2","7.84","16.1","7.91"
"302",2018-08-03 02:30:00,"16.0","7.86","27.3","16.3","7.84","16.2","7.84","16.1","7.90"
"303",2018-08-03 02:40:00,"16.0","7.86","27.3","16.3","7.84","16.2","7.84","16.1","7.90"
"304",2018-08-03 02:50:00,"16.0","7.86","27.3","16.2","7.83","16.2","7.84","16.1","7.90"
"305",2018-08-03 03:00:00,"16.0","7.86","27.3","16.2","7.83","16.2","7.84","16.1","7.90"
"306",2018-08-03 03:10:00,"16.0","7.86","27.3","16.2","7.83","16.2","7.84","16.1","7.90"
"307",2018-08-03 03:20:00,"16.0","7.85","27.3","16.2","7.83","16.2","7.84","16.1","7.90"
"308",2018-08-03 03:30:00,"16.0","7.85","27.3","16.2","7.83","16.2","7.84","16.1","7.90"
"309",2018-08-03 03:40:00,"16.0","7.85","27.3","16.2","7.83","16.2","7.84","16.1","7.90"
"310",2018-08-03 03:50:00,"15.9","7.85","27.3","16.2","7.83","16.2","7.84","16.1","7.90"
"311",2018-08-03 04:00:00,"15.9","7.85","27.3","16.2","7.83","16.2","7.84","16.0","7.90"
"312",2018-08-03 04:10:00,"15.9","7.85","27.3","16.2","7.83","16.2","7.84","16.0","7.90"
"313",2018-08-03 04:20:00,"15.9","7.85","27.3","16.2","7.83","16.2","7.84","16.0","7.90"
"314",2018-08-03 04:30:00,"15.9","7.85","27.3","16.2","7.83","16.1","7.84","16.0","7.90"
"315",2018-08-03 04:40:00,"15.9","7.85","27.3","16.2","7.83","16.1","7.84","16.0","7.90"
"316",2018-08-03 04:50:00,"15.9","7.85","27.3","16.2","7.83","16.1","7.84","16.0","7.90"
"317",2018-08-03 05:00:00,"15.9","7.85","27.3","16.2","7.83","16.1","7.84","16.0","7.90"
"318",2018-08-03 05:10:00,"15.9","7.85","27.3","16.2","7.83","16.1","7.84","16.0","7.90"
"319",2018-08-03 05:20:00,"15.8","7.85","27.3","16.2","7.83","16.1","7.84","16.0","7.90"
"320",2018-08-03 05:30:00,"15.8","7.85","27.3","16.2","7.83","16.1","7.84","16.0","7.90"
"321",2018-08-03 05:40:00,"15.8","7.85","27.3","16.2","7.83","16.1","7.83","16.0","7.90"
"322",2018-08-03 05:50:00,"15.8","7.85","27.3","16.2","7.82","16.1","7.83","16.0","7.90"
"323",2018-08-03 06:00:00,"15.8","7.85","27.3","16.2","7.82","16.1","7.83","16.0","7.90"
"324",2018-08-03 06:10:00,"15.8","7.85","27.3","16.1","7.82","16.1","7.83","16.0","7.90"
"325",2018-08-03 06:20:00,"15.8","7.85","27.3","16.1","7.82","16.1","7.83","16.0","7.90"
"326",2018-08-03 06:30:00,"15.8","7.85","27.3","16.1","7.82","16.1","7.83","16.0","7.90"
"327",2018-08-03 06:40:00,"15.8","7.85","27.3","16.1","7.82","16.1","7.83","16.0","7.90"
"328",2018-08-03 06:50:00,"15.8","7.85","27.3","16.1","7.82","16.1","7.83","16.0","7.90"
"329",2018-08-03 07:00:00,"15.8","7.85","27.3","16.1","7.82","16.1","7.83","16.0","7.90"
"330",2018-08-03 07:10:00,"15.8","7.84","27.3","16.1","7.82","16.1","7.83","16.0","7.90"
"331",2018-08-03 07:20:00,"15.8","7.84","27.3","16.1","7.82","16.1","7.83","16.0","7.90"
"332",2018-08-03 07:30:00,"15.8","7.84","27.3","16.1","7.82","16.1","7.83","16.0","7.90"
"333",2018-08-03 07:40:00,"15.8","7.84","27.3","16.1","7.82","16.1","7.83","16.0","7.89"
"334",2018-08-03 07:50:00,"15.8","7.84","27.3","16.1","7.82","16.1","7.83","16.0","7.89"
"335",2018-08-03 08:00:00,"15.8","7.84","27.2","16.1","7.82","16.1","7.83","16.0","7.89"
"336",2018-08-03 08:10:00,"15.8","7.84","27.2","16.1","7.82","16.1","7.83","15.9","7.89"
"337",2018-08-03 08:20:00,"15.8","7.84","27.2","16.1","7.82","16.1","7.83","15.9","7.89"
"338",2018-08-03 08:30:00,"15.8","7.84","27.2","16.1","7.82","16.1","7.83","15.9","7.89"
"339",2018-08-03 08:40:00,"15.7","7.84","27.2","16.1","7.82","16.0","7.83","15.9","7.89"
"340",2018-08-03 08:50:00,"15.7","7.84","27.2","16.1","7.82","16.0","7.83","15.9","7.89"
"341",2018-08-03 09:00:00,"15.7","7.84","27.2","16.1","7.82","16.0","7.83","15.9","7.89"
"342",2018-08-03 09:10:00,"15.7","7.84","27.2","16.1","7.82","16.0","7.83","15.9","7.89"
"343",2018-08-03 09:20:00,"15.7","7.84","27.2","16.1","7.82","16.0","7.83","15.9","7.89"
"344",2018-08-03 09:30:00,"15.7","7.84","27.2","16.1","7.82","16.0","7.83","15.9","7.89"
"345",2018-08-03 09:40:00,"15.7","7.84","27.2","16.1","7.82","16.0","7.83","15.9","7.89"
"346",2018-08-03 09:50:00,"15.7","7.84","27.2","16.1","7.82","16.0","7.83","15.9","7.89"
"347",2018-08-03 10:00:00,"15.7","7.84","27.2","16.1","7.82","16.0","7.83","15.9","7.89"
"348",2018-08-03 10:10:00,"15.7","7.84","27.2","16.1","7.82","16.0","7.83","15.9","7.89"
"349",2018-08-03 10:20:00,"15.7","7.84","27.2","16.1","7.82","16.1","7.83","15.9","7.89"
"350",2018-08-03 10:30:00,"15.7","7.84","27.2","16.1","7.82","16.1","7.83","15.9","7.89"
"351",2018-08-03 10:40:00,"15.7","7.84","27.2","16.1","7.82","16.1","7.83","16.0","7.89"
"352",2018-08-03 10:50:00,"15.7","7.84","27.2","16.1","7.82","16.1","7.83","16.0","7.89"
"353",2018-08-03 11:00:00,"15.7","7.84","27.2","16.1","7.82","16.1","7.83","16.0","7.89"
"354",2018-08-03 11:10:00,"15.7","7.84","27.2","16.1","7.82","16.1","7.83","16.0","7.89"
"355",2018-08-03 11:20:00,"15.7","7.84","27.2","16.1","7.82","16.1","7.83","16.0","7.89"
"356",2018-08-03 11:30:00,"15.7","7.84","27.2","16.1","7.82","16.1","7.83","16.0","7.89"
"357",2018-08-03 11:40:00,"15.7","7.84","27.2","16.1","7.82","16.1","7.83","16.0","7.89"
"358",2018-08-03 11:50:00,"15.7","7.84","27.2","16.1","7.82","16.1","7.83","16.0","7.89"
"359",2018-08-03 12:00:00,"15.7","7.84","27.2","16.1","7.82","16.1","7.83","16.0","7.89"
"360",2018-08-03 12:10:00,"15.7","7.84","27.2","16.1","7.82","16.1","7.83","16.0","7.89"
"361",2018-08-03 12:20:00,"15.7","7.84","27.2","16.1","7.82","16.1","7.83","16.0","7.89"
"362",2018-08-03 12:30:00,"15.7","7.84","27.2","16.1","7.82","16.1","7.83","16.0","7.89"
"363",2018-08-03 12:40:00,"15.7","7.84","27.2","16.1","7.82","16.1","7.83","16.0","7.89"
"364",2018-08-03 12:50:00,"15.7","7.84","27.2","16.1","7.82","16.1","7.83","16.0","7.89"
"365",2018-08-03 13:00:00,"15.8","7.84","27.2","16.1","7.82","16.1","7.83","16.0","7.89"
"366",2018-08-03 13:10:00,"15.8","7.84","27.2","16.1","7.82","16.1","7.83","16.0","7.89"
"367",2018-08-03 13:20:00,"15.8","7.84","27.3","16.2","7.82","16.2","7.83","16.1","7.89"
"368",2018-08-03 13:30:00,"15.8","7.84","27.3","16.2","7.82","16.2","7.83","16.1","7.89"
"369",2018-08-03 13:40:00,"15.8","7.84","27.3","16.2","7.82","16.2","7.83","16.1","7.89"
"370",2018-08-03 13:50:00,"15.8","7.84","27.3","16.2","7.82","16.2","7.83","16.1","7.89"
"371",2018-08-03 14:00:00,"15.8","7.84","27.3","16.2","7.82","16.2","7.83","16.1","7.89"
"372",2018-08-03 14:10:00,"15.8","7.84","27.3","16.2","7.82","16.2","7.83","16.1","7.89"
"373",2018-08-03 14:20:00,"15.9","7.84","27.3","16.2","7.82","16.2","7.83","16.1","7.89"
"374",2018-08-03 14:30:00,"15.9","7.84","27.3","16.2","7.82","16.2","7.83","16.1","7.89"
"375",2018-08-03 14:40:00,"15.9","7.84","27.3","16.2","7.82","16.2","7.83","16.2","7.89"
"376",2018-08-03 14:50:00,"15.9","7.84","27.3","16.2","7.82","16.2","7.83","16.2","7.89"
"377",2018-08-03 15:00:00,"15.9","7.84","27.3","16.2","7.82","16.3","7.83","16.2","7.89"
"378",2018-08-03 15:10:00,"15.9","7.84","27.3","16.3","7.82","16.3","7.83","16.2","7.89"
"379",2018-08-03 15:20:00,"15.9","7.84","27.3","16.3","7.82","16.3","7.83","16.2","7.89"
"380",2018-08-03 15:30:00,"15.9","7.84","27.3","16.3","7.82","16.3","7.83","16.2","7.89"
"381",2018-08-03 15:40:00,"16.0","7.84","27.3","16.3","7.82","16.3","7.83","16.2","7.89"
"382",2018-08-03 15:50:00,"16.0","7.84","27.3","16.3","7.82","16.3","7.83","16.2","7.89"
"383",2018-08-03 16:00:00,"16.0","7.84","27.3","16.3","7.82","16.3","7.83","16.2","7.89"
"384",2018-08-03 16:10:00,"16.0","7.84","27.3","16.3","7.82","16.3","7.83","16.2","7.89"
"385",2018-08-03 16:20:00,"16.0","7.83","27.3","16.3","7.82","16.3","7.83","16.2","7.89"
"386",2018-08-03 16:30:00,"16.0","7.83","27.3","16.3","7.82","16.3","7.83","16.2","7.89"
"387",2018-08-03 16:40:00,"16.0","7.83","27.3","16.3","7.81","16.3","7.83","16.2","7.89"
"388",2018-08-03 16:50:00,"16.0","7.83","27.3","16.2","7.81","16.3","7.83","16.2","7.89"
"389",2018-08-03 17:00:00,"16.0","7.83","27.3","16.2","7.81","16.2","7.83","16.2","7.89"
"390",2018-08-03 17:10:00,"16.0","7.83","27.3","16.2","7.81","16.2","7.82","16.2","7.89"
"391",2018-08-03 17:20:00,"16.0","7.83","27.3","16.2","7.81","16.2","7.82","16.2","7.89"
"392",2018-08-03 17:30:00,"16.0","7.83","27.3","16.2","7.81","16.2","7.82","16.2","7.89"
"393",2018-08-03 17:40:00,"16.0","7.83","27.3","16.2","7.81","16.2","7.82","16.2","7.89"
"394",2018-08-03 17:50:00,"16.0","7.83","27.3","16.2","7.81","16.2","7.82","16.2","7.89"
"395",2018-08-03 18:00:00,"16.0","7.83","27.3","16.3","7.81","16.2","7.82","16.2","7.89"
"396",2018-08-03 18:10:00,"16.0","7.83","27.3","16.3","7.81","16.2","7.82","16.2","7.89"
"397",2018-08-03 18:20:00,"16.0","7.83","27.3","16.3","7.81","16.2","7.82","16.2","7.89"
"398",2018-08-03 18:30:00,"16.0","7.83","27.3","16.3","7.81","16.2","7.82","16.2","7.89"
"399",2018-08-03 18:40:00,"16.0","7.83","27.3","16.3","7.81","16.2","7.82","16.2","7.89"
"400",2018-08-03 18:50:00,"16.0","7.83","27.3","16.3","7.81","16.2","7.82","16.2","7.89"
"401",2018-08-03 19:00:00,"16.0","7.83","27.3","16.3","7.81","16.2","7.82","16.2","7.89"
"402",2018-08-03 19:10:00,"16.0","7.83","27.3","16.3","7.81","16.2","7.82","16.2","7.89"
"403",2018-08-03 19:20:00,"16.0","7.83","27.3","16.3","7.81","16.2","7.82","16.2","7.89"
"404",2018-08-03 19:30:00,"16.0","7.83","27.3","16.3","7.81","16.2","7.82","16.2","7.88"
"405",2018-08-03 19:40:00,"16.0","7.83","27.3","16.3","7.81","16.2","7.82","16.2","7.88"
"406",2018-08-03 19:50:00,"16.0","7.83","27.3","16.3","7.81","16.2","7.82","16.2","7.88"
"407",2018-08-03 20:00:00,"16.0","7.82","27.3","16.3","7.81","16.2","7.82","16.2","7.88"
"408",2018-08-03 20:10:00,"16.0","7.82","27.3","16.3","7.81","16.2","7.81","16.2","7.88"
"409",2018-08-03 20:20:00,"16.0","7.82","27.3","16.3","7.80","16.2","7.81","16.2","7.88"
"410",2018-08-03 20:30:00,"16.0","7.82","27.3","16.3","7.80","16.2","7.81","16.3","7.88"
"411",2018-08-03 20:40:00,"16.0","7.82","27.4","16.3","7.80","16.3","7.81","16.3","7.88"
"412",2018-08-03 20:50:00,"16.1","7.82","27.4","16.3","7.80","16.3","7.81","16.3","7.88"
"413",2018-08-03 21:00:00,"16.1","7.82","27.4","16.4","7.80","16.3","7.81","16.3","7.88"
"414",2018-08-03 21:10:00,"16.1","7.82","27.4","16.4","7.80","16.3","7.81","16.3","7.88"
"415",2018-08-03 21:20:00,"16.1","7.82","27.3","16.4","7.80","16.3","7.81","16.4","7.88"
"416",2018-08-03 21:30:00,"16.0","7.82","27.3","16.4","7.80","16.2","7.81","16.3","7.88"
"417",2018-08-03 21:40:00,"16.0","7.82","27.3","16.4","7.80","16.2","7.81","16.3","7.88"
"418",2018-08-03 21:50:00,"16.0","7.82","27.3","16.3","7.80","16.1","7.80","16.3","7.88"
"419",2018-08-03 22:00:00,"16.0","7.82","27.3","16.3","7.79","16.1","7.80","16.2","7.88"
"420",2018-08-03 22:10:00,"15.9","7.82","27.3","16.3","7.79","16.0","7.80","16.2","7.87"
"421",2018-08-03 22:20:00,"15.9","7.81","27.3","16.3","7.78","15.8","7.79","16.2","7.87"
"422",2018-08-03 22:30:00,"15.8","7.81","27.3","16.2","7.78","15.8","7.79","16.1","7.87"
"423",2018-08-03 22:40:00,"15.8","7.81","27.3","16.2","7.78","15.7","7.78","16.1","7.87"
"424",2018-08-03 22:50:00,"15.8","7.81","27.2","16.2","7.78","15.7","7.78","16.0","7.86"
"425",2018-08-03 23:00:00,"15.8","7.80","27.2","16.1","7.77","15.6","7.77","16.0","7.86"
"426",2018-08-03 23:10:00,"15.7","7.80","27.2","16.1","7.79","15.6","7.77","16.0","7.86"
"427",2018-08-03 23:20:00,"15.7","7.80","27.2","16.1","7.77","15.5","7.77","16.0","7.85"
"428",2018-08-03 23:30:00,"15.7","7.80","27.1","16.1","7.77","15.5","7.77","15.9","7.85"
"429",2018-08-03 23:40:00,"15.7","7.80","27.1","16.0","7.77","15.5","7.76","15.8","7.85"
"430",2018-08-03 23:50:00,"15.6","7.79","27.1","16.0","7.77","15.4","7.76","15.8","7.85"
"431",2018-08-04 00:00:00,"15.6","7.79","27.1","16.0","7.77","15.4","7.76","15.8","7.85"
"432",2018-08-04 00:10:00,"15.6","7.79","27.0","15.9","7.77","15.3","7.76","15.8","7.85"
"433",2018-08-04 00:20:00,"15.5","7.79","27.0","15.8","7.76","15.3","7.76","15.7","7.84"
"434",2018-08-04 00:30:00,"15.5","7.79","27.0","15.8","7.76","15.3","7.76","15.7","7.84"
"435",2018-08-04 00:40:00,"15.5","7.79","27.0","15.8","7.76","15.2","7.76","15.7","7.84"
"436",2018-08-04 00:50:00,"15.5","7.79","26.9","15.8","7.76","15.2","7.75","15.7","7.84"
"437",2018-08-04 01:00:00,"15.4","7.78","26.9","15.7","7.76","15.2","7.75","15.6","7.84"
"438",2018-08-04 01:10:00,"15.4","7.78","26.9","15.7","7.76","15.2","7.75","15.6","7.84"
"439",2018-08-04 01:20:00,"15.4","7.78","26.9","15.7","7.76","15.2","7.75","15.6","7.84"
"440",2018-08-04 01:30:00,"15.3","7.78","26.8","15.7","7.76","15.1","7.75","15.6","7.84"
"441",2018-08-04 01:40:00,"15.3","7.78","26.8","15.6","7.76","15.1","7.75","15.5","7.83"
"442",2018-08-04 01:50:00,"15.3","7.78","26.8","15.6","7.75","15.1","7.75","15.5","7.83"
"443",2018-08-04 02:00:00,"15.3","7.78","26.8","15.6","7.75","15.1","7.75","15.5","7.83"
"444",2018-08-04 02:10:00,"15.2","7.78","26.8","15.6","7.75","15.1","7.75","15.5","7.83"
"445",2018-08-04 02:20:00,"15.2","7.78","26.8","15.6","7.75","15.1","7.75","15.5","7.83"
"446",2018-08-04 02:30:00,"15.2","7.78","26.8","15.6","7.75","15.0","7.75","15.5","7.83"
"447",2018-08-04 02:40:00,"15.2","7.77","26.8","15.5","7.75","15.0","7.75","15.4","7.83"
"448",2018-08-04 02:50:00,"15.2","7.77","26.8","15.6","7.75","15.1","7.75","15.5","7.83"
"449",2018-08-04 03:00:00,"15.2","7.77","26.8","15.6","7.75","15.1","7.75","15.5","7.83"
"450",2018-08-04 03:10:00,"15.2","7.77","26.8","15.6","7.75","15.1","7.75","15.5","7.83"
"451",2018-08-04 03:20:00,"15.2","7.77","26.8","15.6","7.75","15.1","7.74","15.5","7.83"
"452",2018-08-04 03:30:00,"15.2","7.77","26.8","15.6","7.75","15.1","7.74","15.5","7.83"
"453",2018-08-04 03:40:00,"15.2","7.77","26.8","15.5","7.75","15.1","7.74","15.5","7.82"
"454",2018-08-04 03:50:00,"15.2","7.77","26.8","15.5","7.75","15.1","7.74","15.4","7.82"
"455",2018-08-04 04:00:00,"15.2","7.77","26.8","15.5","7.75","15.1","7.74","15.4","7.82"
"456",2018-08-04 04:10:00,"15.2","7.77","26.8","15.5","7.74","15.1","7.74","15.4","7.82"
"457",2018-08-04 04:20:00,"15.2","7.77","26.8","15.5","7.74","15.1","7.74","15.4","7.82"
"458",2018-08-04 04:30:00,"15.1","7.77","26.8","15.5","7.74","15.1","7.74","15.4","7.82"
"459",2018-08-04 04:40:00,"15.1","7.76","26.6","15.5","7.74","15.0","7.74","15.3","7.82"
"460",2018-08-04 04:50:00,"15.1","7.76","26.7","15.5","7.74","15.0","7.74","15.3","7.82"
"461",2018-08-04 05:00:00,"15.1","7.76","26.7","15.5","7.74","15.0","7.74","15.3","7.82"
"462",2018-08-04 05:10:00,"15.1","7.76","26.7","15.4","7.74","15.0","7.74","15.3","7.82"
"463",2018-08-04 05:20:00,"15.1","7.76","26.7","15.4","7.74","15.0","7.74","15.3","7.82"
"464",2018-08-04 05:30:00,"15.1","7.76","26.7","15.4","7.74","15.0","7.74","15.3","7.82"
"465",2018-08-04 05:40:00,"15.1","7.76","26.7","15.4","7.74","15.0","7.74","15.3","7.82"
"466",2018-08-04 05:50:00,"15.1","7.76","26.7","15.3","7.74","15.0","7.74","15.3","7.82"
"467",2018-08-04 06:00:00,"15.1","7.76","26.7","15.3","7.74","15.0","7.74","15.3","7.82"
"468",2018-08-04 06:10:00,"15.0","7.76","26.7","15.3","7.74","15.0","7.74","15.3","7.82"
"469",2018-08-04 06:20:00,"15.0","7.76","26.6","15.3","7.74","14.9","7.74","15.3","7.81"
"470",2018-08-04 06:30:00,"15.0","7.76","26.6","15.3","7.74","14.9","7.74","15.3","7.81"
"471",2018-08-04 06:40:00,"15.0","7.76","26.6","15.4","7.74","14.9","7.74","15.3","7.81"
"472",2018-08-04 06:50:00,"15.0","7.76","26.6","15.4","7.74","15.0","7.74","15.3","7.81"
"473",2018-08-04 07:00:00,"15.0","7.76","26.6","15.3","7.74","14.9","7.74","15.3","7.81"
"474",2018-08-04 07:10:00,"15.0","7.76","26.6","15.3","7.74","14.9","7.74","15.3","7.81"
"475",2018-08-04 07:20:00,"15.0","7.76","26.6","15.3","7.74","14.9","7.74","15.3","7.81"
"476",2018-08-04 07:30:00,"15.0","7.76","26.6","15.3","7.74","14.9","7.74","15.2","7.81"
"477",2018-08-04 07:40:00,"15.0","7.76","26.6","15.3","7.74","14.9","7.74","15.2","7.81"
"478",2018-08-04 07:50:00,"15.0","7.76","26.6","15.3","7.74","14.9","7.74","15.2","7.81"
"479",2018-08-04 08:00:00,"15.0","7.76","26.6","15.3","7.74","14.8","7.74","15.2","7.81"
"480",2018-08-04 08:10:00,"14.9","7.76","26.6","15.3","7.74","14.8","7.74","15.2","7.81"
"481",2018-08-04 08:20:00,"14.9","7.76","26.6","15.3","7.74","14.8","7.74","15.2","7.81"
"482",2018-08-04 08:30:00,"14.9","7.76","26.6","15.3","7.74","14.8","7.74","15.2","7.81"
"483",2018-08-04 08:40:00,"14.9","7.76","26.6","15.3","7.74","14.8","7.74","15.2","7.81"
"484",2018-08-04 08:50:00,"14.9","7.76","26.6","15.3","7.74","14.8","7.74","15.2","7.81"
"485",2018-08-04 09:00:00,"14.9","7.76","26.6","15.3","7.74","14.8","7.74","15.2","7.81"
"486",2018-08-04 09:10:00,"14.9","7.76","26.6","15.2","7.73","14.9","7.74","15.2","7.81"
"487",2018-08-04 09:20:00,"14.9","7.76","26.6","15.2","7.73","14.9","7.74","15.2","7.81"
"488",2018-08-04 09:30:00,"14.8","7.75","26.6","15.2","7.73","14.9","7.74","15.2","7.81"
"489",2018-08-04 09:40:00,"14.8","7.75","26.6","15.2","7.73","14.9","7.74","15.2","7.81"
"490",2018-08-04 09:50:00,"14.8","7.75","26.6","15.2","7.73","14.9","7.74","15.2","7.81"
"491",2018-08-04 10:00:00,"14.8","7.75","26.6","15.2","7.73","14.9","7.74","15.2","7.81"
"492",2018-08-04 10:10:00,"14.8","7.75","26.6","15.2","7.73","15.0","7.74","15.2","7.81"
"493",2018-08-04 10:20:00,"14.8","7.75","26.6","15.2","7.73","15.0","7.74","15.2","7.81"
"494",2018-08-04 10:30:00,"14.9","7.75","26.6","15.2","7.73","15.0","7.74","15.2","7.81"
"495",2018-08-04 10:40:00,"14.9","7.75","26.6","15.2","7.73","15.0","7.74","15.2","7.81"
"496",2018-08-04 10:50:00,"14.9","7.75","26.6","15.2","7.73","15.0","7.74","15.2","7.81"
"497",2018-08-04 11:00:00,"14.9","7.75","26.6","15.2","7.73","15.0","7.74","15.2","7.81"
"498",2018-08-04 11:10:00,"14.9","7.75","26.6","15.3","7.73","15.0","7.74","15.2","7.81"
"499",2018-08-04 11:20:00,"14.9","7.75","26.6","15.3","7.73","15.0","7.74","15.2","7.81"
"500",2018-08-04 11:30:00,"14.9","7.75","26.6","15.3","7.73","15.0","7.74","15.2","7.81"
"501",2018-08-04 11:40:00,"14.9","7.75","26.6","15.3","7.73","15.0","7.74","15.2","7.81"
"502",2018-08-04 11:50:00,"14.9","7.75","26.6","15.3","7.73","15.1","7.74","15.2","7.81"
"503",2018-08-04 12:00:00,"14.9","7.75","26.6","15.3","7.73","15.1","7.74","15.2","7.81"
"504",2018-08-04 12:10:00,"14.9","7.75","26.6","15.3","7.73","15.1","7.74","15.2","7.81"
"505",2018-08-04 12:20:00,"15.0","7.75","26.6","15.3","7.73","15.1","7.74","15.2","7.81"
"506",2018-08-04 12:30:00,"15.0","7.75","26.6","15.3","7.73","15.1","7.74","15.2","7.81"
"507",2018-08-04 12:40:00,"15.0","7.75","26.6","15.3","7.73","15.1","7.74","15.2","7.81"
"508",2018-08-04 12:50:00,"15.0","7.75","26.6","15.3","7.73","15.1","7.74","15.2","7.81"
"509",2018-08-04 13:00:00,"15.0","7.75","26.6","15.3","7.73","15.2","7.74","15.3","7.81"
"510",2018-08-04 13:10:00,"15.0","7.75","26.6","15.3","7.73","15.2","7.74","15.3","7.81"
"511",2018-08-04 13:20:00,"15.0","7.75","26.7","15.3","7.73","15.2","7.74","15.3","7.81"
"512",2018-08-04 13:30:00,"15.0","7.75","26.7","15.4","7.73","15.2","7.74","15.3","7.81"
"513",2018-08-04 13:40:00,"15.0","7.75","26.7","15.4","7.73","15.2","7.74","15.3","7.81"
"514",2018-08-04 13:50:00,"15.0","7.75","26.7","15.4","7.73","15.2","7.74","15.3","7.81"
"515",2018-08-04 14:00:00,"15.1","7.75","26.7","15.4","7.73","15.2","7.74","15.3","7.81"
"516",2018-08-04 14:10:00,"15.1","7.75","26.7","15.5","7.73","15.3","7.74","15.3","7.81"
"517",2018-08-04 14:20:00,"15.1","7.75","26.7","15.5","7.73","15.3","7.74","15.4","7.81"
"518",2018-08-04 14:30:00,"15.1","7.75","26.7","15.5","7.73","15.3","7.74","15.4","7.81"
"519",2018-08-04 14:40:00,"15.1","7.75","26.7","15.5","7.73","15.3","7.74","15.5","7.81"
"520",2018-08-04 14:50:00,"15.2","7.75","26.8","15.6","7.73","15.4","7.74","15.5","7.81"
"521",2018-08-04 15:00:00,"15.2","7.75","26.8","15.6","7.73","15.5","7.74","15.5","7.81"
"522",2018-08-04 15:10:00,"15.2","7.75","26.8","15.6","7.75","15.5","7.74","15.6","7.81"
"523",2018-08-04 15:20:00,"15.3","7.75","26.8","15.7","7.75","15.5","7.74","15.6","7.83"
"524",2018-08-04 15:30:00,"15.3","7.75","26.8","15.7","7.75","15.6","7.76","15.6","7.83"
"525",2018-08-04 15:40:00,"15.3","7.75","26.8","15.7","7.75","15.6","7.76","15.7","7.83"
"526",2018-08-04 15:50:00,"15.4","7.75","27.0","15.8","7.75","15.7","7.76","15.7","7.83"
"527",2018-08-04 16:00:00,"15.5","7.75","27.0","15.8","7.75","15.7","7.76","15.8","7.83"
"528",2018-08-04 16:10:00,"15.5","7.75","27.1","15.9","7.75","15.8","7.76","15.8","7.83"
"529",2018-08-04 16:20:00,"15.5","7.75","27.1","16.0","7.75","15.8","7.76","15.9","7.83"
"530",2018-08-04 16:30:00,"15.6","7.75","27.1","16.0","7.75","15.8","7.76","16.0","7.83"
"531",2018-08-04 16:40:00,"15.6","7.75","27.1","16.1","7.75","15.9","7.76","16.0","7.83"
"532",2018-08-04 16:50:00,"15.7","7.75","27.1","16.1","7.75","16.0","7.76","16.0","7.83"
"533",2018-08-04 17:00:00,"15.7","7.75","27.1","16.1","7.75","16.0","7.76","16.1","7.83"
"534",2018-08-04 17:10:00,"15.7","7.75","27.2","16.2","7.75","16.0","7.76","16.1","7.83"
"535",2018-08-04 17:20:00,"15.8","7.75","27.2","16.2","7.75","16.1","7.76","16.1","7.83"
"536",2018-08-04 17:30:00,"15.8","7.75","27.3","16.2","7.75","16.1","7.76","16.2","7.83"
"537",2018-08-04 17:40:00,"15.8","7.75","27.3","16.2","7.75","16.1","7.76","16.2","7.83"
"538",2018-08-04 17:50:00,"15.8","7.75","27.3","16.3","7.75","16.1","7.76","16.2","7.83"
"539",2018-08-04 18:00:00,"15.9","7.75","27.3","16.3","7.75","16.2","7.76","16.2","7.83"
"540",2018-08-04 18:10:00,"15.9","7.75","27.3","16.3","7.75","16.2","7.76","16.3","7.83"
"541",2018-08-04 18:20:00,"16.0","7.75","27.4","16.3","7.75","16.2","7.76","16.3","7.83"
"542",2018-08-04 18:30:00,"16.0","7.75","27.4","16.4","7.75","16.3","7.76","16.3","7.83"
"543",2018-08-04 18:40:00,"16.0","7.75","27.4","16.4","7.75","16.3","7.76","16.3","7.83"
"544",2018-08-04 18:50:00,"16.0","7.75","27.4","16.5","7.75","16.3","7.76","16.4","7.83"
"545",2018-08-04 19:00:00,"16.1","7.75","27.5","16.5","7.75","16.3","7.76","16.4","7.83"
"546",2018-08-04 19:10:00,"16.1","7.75","27.5","16.5","7.75","16.3","7.76","16.4","7.83"
"547",2018-08-04 19:20:00,"16.1","7.75","27.5","16.5","7.75","16.4","7.76","16.5","7.83"
"548",2018-08-04 19:30:00,"16.1","7.75","27.5","16.5","7.75","16.4","7.76","16.5","7.83"
"549",2018-08-04 19:40:00,"16.1","7.75","27.6","16.6","7.75","16.4","7.76","16.5","7.83"
"550",2018-08-04 19:50:00,"16.2","7.75","27.6","16.5","7.75","16.4","7.76","16.5","7.83"
"551",2018-08-04 20:00:00,"16.2","7.75","27.6","16.5","7.75","16.4","7.76","16.5","7.83"
"552",2018-08-04 20:10:00,"16.2","7.75","27.6","16.5","7.75","16.4","7.76","16.5","7.83"
"553",2018-08-04 20:20:00,"16.2","7.75","27.6","16.5","7.75","16.4","7.76","16.5","7.83"
"554",2018-08-04 20:30:00,"16.2","7.75","27.6","16.5","7.75","16.4","7.76","16.5","7.83"
"555",2018-08-04 20:40:00,"16.2","7.74","27.6","16.5","7.75","16.3","7.76","16.5","7.83"
"556",2018-08-04 20:50:00,"16.2","7.74","27.6","16.5","7.73","16.3","7.76","16.5","7.83"
"557",2018-08-04 21:00:00,"16.1","7.74","27.6","16.5","7.73","16.3","7.76","16.5","7.83"
"558",2018-08-04 21:10:00,"16.1","7.74","27.6","16.5","7.73","16.3","7.76","16.5","7.83"
"559",2018-08-04 21:20:00,"16.1","7.74","27.6","16.5","7.73","16.3","7.76","16.4","7.83"
"560",2018-08-04 21:30:00,"16.1","7.74","27.6","16.4","7.73","16.3","7.76","16.4","7.81"
"561",2018-08-04 21:40:00,"16.1","7.74","27.6","16.4","7.73","16.3","7.76","16.4","7.81"
"562",2018-08-04 21:50:00,"16.1","7.74","27.6","16.4","7.73","16.3","7.76","16.4","7.81"
"563",2018-08-04 22:00:00,"16.1","7.74","27.5","16.3","7.73","16.3","7.76","16.3","7.81"
"564",2018-08-04 22:10:00,"16.1","7.74","27.5","16.3","7.73","16.2","7.76","16.3","7.81"
"565",2018-08-04 22:20:00,"16.1","7.74","27.5","16.3","7.73","16.2","7.76","16.3","7.81"
"566",2018-08-04 22:30:00,"16.1","7.74","27.5","16.3","7.73","16.2","7.76","16.3","7.81"
"567",2018-08-04 22:40:00,"16.0","7.74","27.5","16.3","7.73","16.2","7.76","16.3","7.81"
"568",2018-08-04 22:50:00,"16.0","7.74","27.5","16.2","7.73","16.2","7.76","16.2","7.81"
"569",2018-08-04 23:00:00,"16.0","7.74","27.5","16.2","7.73","16.1","7.74","16.2","7.81"
"570",2018-08-04 23:10:00,"16.0","7.74","27.4","16.2","7.73","16.1","7.74","16.2","7.81"
"571",2018-08-04 23:20:00,"16.0","7.74","27.4","16.2","7.73","16.1","7.74","16.2","7.81"
"572",2018-08-04 23:30:00,"15.9","7.74","27.4","16.1","7.73","16.1","7.74","16.1","7.81"
"573",2018-08-04 23:40:00,"15.9","7.74","27.4","16.1","7.73","16.0","7.74","16.1","7.81"
"574",2018-08-04 23:50:00,"15.9","7.74","27.3","16.1","7.73","16.0","7.74","16.1","7.81"
"575",2018-08-05 00:00:00,"15.8","7.74","27.3","16.1","7.73","16.0","7.74","16.1","7.81"
"576",2018-08-05 00:10:00,"15.8","7.74","27.3","16.1","7.73","16.0","7.74","16.1","7.81"
"577",2018-08-05 00:20:00,"15.8","7.74","27.3","16.0","7.73","16.0","7.74","16.0","7.81"
"578",2018-08-05 00:30:00,"15.8","7.74","27.3","16.0","7.73","16.0","7.74","16.0","7.81"
"579",2018-08-05 00:40:00,"15.8","7.74","27.3","16.0","7.73","15.9","7.74","16.0","7.81"
"580",2018-08-05 00:50:00,"15.8","7.74","27.3","16.0","7.73","15.9","7.74","16.0","7.81"
"581",2018-08-05 01:00:00,"15.8","7.74","27.2","16.0","7.73","15.9","7.74","16.0","7.81"
"582",2018-08-05 01:10:00,"15.7","7.74","27.2","16.0","7.73","15.9","7.74","16.0","7.81"
"583",2018-08-05 01:20:00,"15.7","7.74","27.2","15.9","7.73","15.8","7.74","15.9","7.81"
"584",2018-08-05 01:30:00,"15.7","7.74","27.2","15.9","7.73","15.8","7.74","15.9","7.81"
"585",2018-08-05 01:40:00,"15.7","7.74","27.2","15.9","7.73","15.8","7.74","15.9","7.81"
"586",2018-08-05 01:50:00,"15.7","7.74","27.2","15.9","7.73","15.8","7.74","15.9","7.81"
"587",2018-08-05 02:00:00,"15.7","7.74","27.2","15.9","7.73","15.8","7.74","15.8","7.81"
"588",2018-08-05 02:10:00,"15.7","7.74","27.2","15.8","7.73","15.8","7.74","15.8","7.81"
"589",2018-08-05 02:20:00,"15.7","7.74","27.2","15.9","7.73","15.8","7.74","15.8","7.81"
"590",2018-08-05 02:30:00,"15.7","7.74","27.2","15.8","7.73","15.8","7.74","15.8","7.81"
"591",2018-08-05 02:40:00,"15.7","7.74","27.2","15.8","7.73","15.8","7.74","15.8","7.81"
"592",2018-08-05 02:50:00,"15.7","7.74","27.1","15.8","7.73","15.8","7.74","15.8","7.81"
"593",2018-08-05 03:00:00,"15.6","7.74","27.1","15.8","7.73","15.8","7.74","15.8","7.81"
"594",2018-08-05 03:10:00,"15.6","7.74","27.1","15.8","7.73","15.8","7.74","15.8","7.81"
"595",2018-08-05 03:20:00,"15.6","7.74","27.1","15.8","7.73","15.8","7.74","15.8","7.81"
"596",2018-08-05 03:30:00,"15.6","7.74","27.1","15.8","7.73","15.8","7.74","15.8","7.81"
"597",2018-08-05 03:40:00,"15.6","7.74","27.1","15.8","7.73","15.8","7.74","15.8","7.81"
"598",2018-08-05 03:50:00,"15.6","7.74","27.1","15.8","7.73","15.8","7.74","15.8","7.81"
"599",2018-08-05 04:00:00,"15.6","7.74","27.1","15.8","7.73","15.8","7.74","15.8","7.81"
"600",2018-08-05 04:10:00,"15.6","7.74","27.1","15.8","7.73","15.8","7.74","15.8","7.81"
"601",2018-08-05 04:20:00,"15.6","7.74","27.1","15.8","7.73","15.8","7.74","15.8","7.81"
"602",2018-08-05 04:30:00,"15.6","7.74","27.1","15.8","7.73","15.8","7.74","15.7","7.81"
"603",2018-08-05 04:40:00,"15.6","7.74","27.1","15.7","7.73","15.7","7.74","15.7","7.81"
"604",2018-08-05 04:50:00,"15.6","7.74","27.1","15.7","7.73","15.7","7.74","15.7","7.81"
"605",2018-08-05 05:00:00,"15.5","7.74","27.1","15.7","7.73","15.7","7.74","15.7","7.81"
"606",2018-08-05 05:10:00,"15.5","7.74","27.1","15.7","7.73","15.7","7.74","15.7","7.81"
"607",2018-08-05 05:20:00,"15.5","7.74","27.0","15.7","7.73","15.7","7.74","15.7","7.81"
"608",2018-08-05 05:30:00,"15.5","7.74","27.0","15.7","7.73","15.6","7.74","15.7","7.81"
"609",2018-08-05 05:40:00,"15.5","7.74","27.0","15.7","7.73","15.6","7.74","15.7","7.81"
"610",2018-08-05 05:50:00,"15.5","7.74","27.0","15.7","7.73","15.6","7.74","15.7","7.81"
"611",2018-08-05 06:00:00,"15.5","7.74","27.0","15.7","7.73","15.6","7.74","15.7","7.81"
"612",2018-08-05 06:10:00,"15.5","7.74","27.0","15.7","7.73","15.6","7.74","15.7","7.81"
"613",2018-08-05 06:20:00,"15.5","7.74","27.0","15.7","7.73","15.6","7.74","15.7","7.81"
"614",2018-08-05 06:30:00,"15.5","7.74","27.0","15.7","7.73","15.7","7.74","15.7","7.81"
"615",2018-08-05 06:40:00,"15.5","7.74","27.0","15.7","7.73","15.7","7.74","15.7","7.81"
"616",2018-08-05 06:50:00,"15.5","7.74","27.0","15.7","7.73","15.7","7.74","15.7","7.81"
"617",2018-08-05 07:00:00,"15.5","7.74","27.0","15.7","7.73","15.7","7.74","15.7","7.81"
"618",2018-08-05 07:10:00,"15.5","7.74","27.0","15.7","7.73","15.7","7.74","15.7","7.81"
"619",2018-08-05 07:20:00,"15.5","7.74","27.0","15.7","7.73","15.7","7.74","15.7","7.81"
"620",2018-08-05 07:30:00,"15.5","7.74","27.1","15.8","7.73","15.7","7.74","15.7","7.81"
"621",2018-08-05 07:40:00,"15.5","7.74","27.1","15.8","7.73","15.7","7.74","15.7","7.81"
"622",2018-08-05 07:50:00,"15.5","7.74","27.1","15.8","7.73","15.7","7.74","15.8","7.81"
"623",2018-08-05 08:00:00,"15.5","7.74","27.1","15.8","7.73","15.7","7.74","15.7","7.81"
"624",2018-08-05 08:10:00,"15.5","7.74","27.1","15.8","7.73","15.7","7.74","15.7","7.81"
"625",2018-08-05 08:20:00,"15.5","7.74","27.1","15.8","7.73","15.7","7.74","15.7","7.81"
"626",2018-08-05 08:30:00,"15.5","7.74","27.1","15.8","7.73","15.7","7.74","15.7","7.81"
"627",2018-08-05 08:40:00,"15.5","7.74","27.1","15.8","7.73","15.7","7.74","15.7","7.81"
"628",2018-08-05 08:50:00,"15.5","7.74","27.1","15.8","7.73","15.7","7.74","15.7","7.81"
"629",2018-08-05 09:00:00,"15.5","7.74","27.1","15.8","7.73","15.7","7.74","15.7","7.81"
"630",2018-08-05 09:10:00,"15.5","7.74","27.1","15.8","7.73","15.7","7.74","15.7","7.81"
"631",2018-08-05 09:20:00,"15.5","7.74","27.1","15.8","7.73","15.7","7.74","15.7","7.81"
"632",2018-08-05 09:30:00,"15.5","7.74","27.1","15.8","7.73","15.7","7.74","15.7","7.81"
"633",2018-08-05 09:40:00,"15.5","7.74","27.1","15.8","7.73","15.7","7.74","15.8","7.81"
"634",2018-08-05 09:50:00,"15.6","7.74","27.1","15.8","7.73","15.7","7.74","15.8","7.81"
"635",2018-08-05 10:00:00,"15.6","7.74","27.1","15.8","7.73","15.8","7.74","15.8","7.81"
"636",2018-08-05 10:10:00,"15.6","7.74","27.1","15.9","7.73","15.8","7.74","15.8","7.80"
"637",2018-08-05 10:20:00,"15.7","7.74","27.2","15.9","7.73","15.8","7.74","15.9","7.80"
"638",2018-08-05 10:30:00,"15.7","7.74","27.2","16.0","7.73","15.9","7.74","15.9","7.80"
"639",2018-08-05 10:40:00,"15.7","7.74","27.2","16.0","7.73","15.9","7.74","16.0","7.80"
"640",2018-08-05 10:50:00,"15.7","7.74","27.2","16.0","7.73","16.0","7.74","16.0","7.80"
"641",2018-08-05 11:00:00,"15.8","7.74","27.3","16.1","7.73","16.0","7.74","16.0","7.80"
"642",2018-08-05 11:10:00,"15.8","7.74","27.3","16.1","7.73","16.0","7.74","16.1","7.80"
"643",2018-08-05 11:20:00,"15.8","7.74","27.3","16.1","7.73","16.1","7.74","16.1","7.80"
"644",2018-08-05 11:30:00,"15.8","7.74","27.3","16.2","7.73","16.1","7.74","16.1","7.80"
"645",2018-08-05 11:40:00,"15.9","7.74","27.3","16.2","7.73","16.1","7.74","16.1","7.80"
"646",2018-08-05 11:50:00,"15.9","7.74","27.4","16.2","7.73","16.1","7.74","16.2","7.80"
"647",2018-08-05 12:00:00,"16.0","7.74","27.4","16.2","7.72","16.2","7.74","16.2","7.80"
"648",2018-08-05 12:10:00,"16.0","7.74","27.4","16.3","7.72","16.2","7.74","16.2","7.80"
"649",2018-08-05 12:20:00,"16.0","7.18","27.5","16.3","7.72","16.2","7.74","16.2","7.80"
"650",2018-08-05 12:30:00,"16.0","7.70","27.5","16.3","7.70","16.2","10.5","16.3","7.75"
"651",2018-08-05 12:40:00,"16.0","7.70","27.5","16.3","7.70","16.3","7.72","16.3","7.75"
"652",2018-08-05 12:50:00,"16.0","7.70","27.5","16.3","7.70","16.3","7.72","16.3","7.75"
"653",2018-08-05 13:00:00,"16.1","7.70","27.5","16.4","7.70","16.3","7.72","16.3","7.75"
