Date,ID,tank,SDR_position,number_indivs,b1.Lz,b1.Leq,b1.Lpc,ci.Lz,ci.Leq,ci.Lpc,alpha,Notes
20180716,H0_T_A2,H0_T,A2,NA,-2.855938462,-1.874627178,-1.90154182,0.143648794,0.082531814,0.076377472,0.2,Lz is closest to peak density
20180716,H0_T_A3,H0_T,A3,NA,-3.342441955,-3.342441955,-2.612595845,0.169991138,0.169991138,0.226466585,0.6,L% - high alpha value to combine 3 peaks to one - raw data jumpy
20180716,H0_T_A1,H0_T,A1,NA,-1.671929037,-1.671929037,-2.867505792,0.173370431,0.173370431,0.148791376,0.1,L%
20180716,H1_T_A4,H1_T,A4,NA,-3.066646154,-3.066646154,-3.862597585,0.172010928,0.172010928,0.072737325,0.2,L%
20180716,H1_T_A5,H1_T,A5,NA,-4.414101572,-4.414101572,-4.146953955,0.192014602,0.192014602,0.088381356,0.2,"double peak, Lpc is on smaller of the two - break in O2 decline?"
20180716,H1_T_A6,H1_T,A6,NA,-4.106829883,-4.106829883,-4.011165217,0.107009519,0.107009519,0.106661117,0.3,L% at start of trial
20180716,H0_B_B1,H0_B,B1,NA,-2.348028421,-2.348028421,-1.370412518,0.124517909,0.124517909,0.071580669,0.3,Leq closest to peak density
20180716,H0_B_B2,H0_B,B2,NA,-2.225663735,-2.190746821,-2.232959503,0.088355138,0.076495694,0.102233571,0.3,L%
20180716,H0_B_B3,H0_B,B3,NA,-1.411144397,-1.411144397,-1.574483536,0.120050532,0.120050532,0.0993117,0.2,L% highest peak but at 20-30 mins end of trial
20180716,H1_B_B4,H1_B,B4,NA,-2.964791053,-2.964791053,-2.988112903,0.131128619,0.131128619,0.096516458,0.2,L%
20180716,H1_B_B5,H1_B,B5,NA,-5.740129886,-2.294061538,-2.094331679,0.361917783,0.143692881,0.058411403,0.2,L%
20180716,H1_B_B6,H1_B,B6,NA,-2.34969896,-2.34969896,-3.439987092,0.173759802,0.173759802,0.101887697,0.2,"double peak, Lpc in center of peak  - in 5-10min of 30m trial"
20180716,H0_T_blank_C1,H0_T_blank,C1,NA,-1.209394032,-1.107323477,-1.105295306,0.097252037,0.049247005,0.047269911,0.2,of the peak! At end of 30 min trial CHECK THIS
20180716,H0_T_blank_C2,H0_T_blank,C2,NA,-1.036941601,-1.036941601,-1.087925294,0.087638962,0.087638962,0.025949738,0.2,L%
20180716,H0_T_blank_C3,H0_T_blank,C3,NA,-0.717851038,-0.634092308,-0.746522235,0.241827034,0.115969046,0.044052486,0.2,L%
20180716,H1_T_blank_C4,H1_T_blank,C4,NA,-0.773050253,-0.773050253,-0.796328392,0.04154818,0.04154818,0.02437501,0.2,L%
20180716,H1_T_blank_C5,H1_T_blank,C5,NA,-1.590654643,-1.590654643,-1.147625004,0.106384768,0.106384768,0.0496393,0.2,L%
20180716,H1_T_blank_C6,H1_T_blank,C6,NA,-2.14115017,-0.518220523,-1.73759168,0.229182521,0.171356791,0.143555507,0.2,okay - inconsistancies in graph
20180716,H0_B_blank_D1,H0_B_blank,D1,NA,-1.101329166,-1.15732585,-1.217195953,0.153473276,0.061580664,0.048501134,0.2,L%
20180716,H0_B_blank_D2,H0_B_blank,D2,NA,-1.093625095,-1.093625095,-1.103775392,0.174810473,0.174810473,0.054436752,0.2,L%
20180716,H0_B_blank_D3,H0_B_blank,D3,NA,-2.221893276,-1.018130748,-1.101030906,0.401229904,0.172752648,0.081470956,0.2,L%
20180716,H1_B_blank_D4,H1_B_blank,D4,NA,-2.095435499,-0.991351095,-0.991351095,0.383392938,0.053241844,0.053241844,0.2,L%
20180716,H1_B_blank_D5,H1_B_blank,D5,NA,-0.897701149,-0.897701149,-1.252913199,0.522001456,0.522001456,0.147355441,0.2,okay - inconsistancies in graph
20180716,H1_B_blank_D6,H1_B_blank,D6,NA,-4.219745764,-1.336871486,-1.478644151,0.187016874,0.099180419,0.082820503,0.2,L%
20180716,H2_T_A1,H2_T,A1,NA,-2.283191436,-2.355329803,-2.182617319,0.099760892,0.105290583,0.083351949,0.4,L% near to peak
20180716,H2_T_A2,H2_T,A2,NA,-2.80488321,-2.80488321,-3.157102856,0.234147709,0.234147709,0.12951493,0.4,L%
20180716,H2_T_A3,H2_T,A3,NA,-1.542812805,-1.542812805,-1.765936863,0.126597768,0.126597768,0.100339279,0.2,"okay - huge break in rate at minunte 10, this is slower at larger peak but LATER in trial"
20180716,H3_T_A4,H3_T,A4,NA,-3.181910931,-3.209930502,-3.222656285,0.077925396,0.077928689,0.090894874,0.2,L%
20180716,H3_T_A5,H3_T,A5,NA,-5.544786325,-5.544786325,-5.623462567,0.127104467,0.127104467,0.105765975,0.2,"okay - at start of trial, likley why faster!"
20180716,H3_T_A6,H3_T,A6,NA,-7.188449328,-7.188449328,-2.270624485,0.175100952,0.175100952,0.109679246,0.2,"okay - at end of trial, likley why slow than Leq!"
20180716,H2_B_B1,H2_B,B1,NA,-4.016026273,-4.016026273,-3.533777524,0.146668058,0.146668058,0.075261387,0.2,L%
20180716,H2_B_B2,H2_B,B2,NA,-3.189664697,-3.189664697,-3.375057212,0.141454048,0.141454048,0.082016969,0.2,L%
20180716,H2_B_B3,H2_B,B3,NA,-2.690622289,-2.690622289,-1.856776181,0.151788097,0.151788097,0.099026645,0.2,L%
20180716,H3_B_B4,H3_B,B4,NA,-2.585949259,-2.585949259,-2.920461077,0.108641645,0.108641645,0.074229672,0.2,L%
20180716,H3_B_B5,H3_B,B5,NA,-2.742736441,-2.742736441,-2.840871391,0.11824615,0.11824615,0.053219026,0.2,L%
20180716,H3_B_B6,H3_B,B6,NA,-2.226702208,-3.097362637,-2.238912574,0.135526402,0.213765432,0.047548557,0.2,L%
20180716,H2_T_blank_C1,H2_T_blank,C1,NA,-1.265074765,-1.255260118,-1.206175449,0.054779917,0.056873684,0.043659224,0.2,L%
20180716,H2_T_blank_C2,H2_T_blank,C2,NA,-1.540363188,-1.540363188,-1.516044176,0.149908534,0.149908534,0.046288649,0.2,L%
20180716,H2_T_blank_C3,H2_T_blank,C3,NA,-2.23334428,-2.23334428,-1.795512864,0.164148313,0.164148313,0.052889106,0.2,L%
20180716,H3_T_blank_C4,H3_T_blank,C4,NA,-1.036639109,-1.036639109,-1.116519661,0.13089688,0.13089688,0.050150752,0.2,L%
20180716,H3_T_blank_C5,H3_T_blank,C5,NA,-1.515514516,-1.6652725,-1.644113816,0.112637541,0.08249093,0.051949555,0.2,L%
20180716,H3_T_blank_C6,H3_T_blank,C6,NA,-4.766060067,-4.766060067,-1.654579099,0.554563117,0.554563117,0.102578374,0.2,L%
20180716,H2_B_blank_D1,H2_B_blank,D1,NA,-1.408790323,-1.408790323,-1.420468169,0.096297923,0.096297923,0.062208553,0.2,L%
20180716,H2_B_blank_D2,H2_B_blank,D2,NA,-1.053490165,-1.028402272,-1.089276289,0.066663388,0.057611557,0.034927982,0.2,L%
20180716,H2_B_blank_D3,H2_B_blank,D3,NA,-1.540354839,-1.540354839,-1.439048908,0.107080033,0.107080033,0.073347859,0.2,L%
20180716,H3_B_blank_D4,H3_B_blank,D4,NA,-1.573870968,-1.573870968,-1.671189436,0.094038816,0.094038816,0.058654867,0.2,L%
20180716,H3_B_blank_D5,H3_B_blank,D5,NA,-2.625201465,-2.087838828,-1.315496831,0.281736137,0.211262492,0.073337062,0.2,L% double peak
20180716,H3_B_blank_D6,H3_B_blank,D6,NA,-1.496671188,-1.496671188,-1.08571201,0.251419496,0.251419496,0.089253599,0.2,L%
20180719,H0_T_A1,H0_T,A1,NA,-0.949700156,-0.949700156,-1.104611926,0.131384099,0.131384099,0.119376472,0.2,L%
20180719,H0_T_A2,H0_T,A2,NA,-1.718013136,-1.718013136,-2.19483683,0.303703941,0.303703941,0.180735758,0.2,L%
20180719,H0_T_A3,H0_T,A3,NA,-2.557924201,-2.557924201,-2.095935406,0.1047108,0.1047108,0.049996219,0.2,L%
20180719,H1_T_A4,H1_T,A4,NA,-1.606224287,-1.606224287,-2.486083893,0.180657327,0.180657327,0.087564641,0.2,L%
20180719,H1_T_A5,H1_T,A5,NA,-1.627156863,-1.627156863,-5.132592912,0.238302033,0.238302033,0.122103547,0.1,L% - first peak Lpc from start of trial
20180719,H1_T_A6,H1_T,A6,NA,-3.575657281,-3.575657281,-3.511102343,0.088451624,0.088451624,0.091110774,0.2,L%
20180719,H0_B_B1,H0_B,B1,NA,-1.717437931,-1.717437931,-1.727168457,0.088237493,0.088237493,0.063891844,0.2,L%
20180719,H0_B_B2,H0_B,B2,NA,-0.43443379,-0.43443379,-1.166108596,0.221382089,0.221382089,0.081701454,0.2,L%
20180719,H0_B_B3,H0_B,B3,NA,-1.860909711,-1.860909711,-1.867510217,0.076512673,0.076512673,0.077214077,0.2,L% good - second peak
20180719,H1_B_B4,H1_B,B4,NA,-2.983784641,-2.983784641,-3.647895708,0.228367798,0.228367798,0.218149435,0.4,L% higher alpha to emcompass more data - data is jumpy
20180719,H1_B_B5,H1_B,B5,NA,-2.543527217,-2.543527217,-2.706905188,0.068266209,0.068266209,0.053461361,0.2,L%
20180719,H1_B_B6,H1_B,B6,NA,-2.086271204,-2.086271204,-2.084666602,0.077982241,0.077982241,0.045022085,0.2,L%
20180719,H0_T_blank_C1,H0_T_blank,C1,NA,-0.249710274,-0.249710274,-0.862170256,0.106247477,0.106247477,0.048986809,0.2,L%
20180719,H0_T_blank_C2,H0_T_blank,C2,NA,-0.856453202,-0.856453202,-0.845393551,0.109596686,0.109596686,0.033744484,0.2,L%
20180719,H0_T_blank_C3,H0_T_blank,C3,NA,-0.869457289,-0.869457289,-0.871032064,0.101288182,0.101288182,0.027306438,0.2,L%
20180719,H1_T_blank_C4,H1_T_blank,C4,NA,-0.739386973,-0.70452364,-1.173678945,0.113262418,0.088809732,0.048985703,0.2,L%
20180719,H1_T_blank_C5,H1_T_blank,C5,NA,-0.989599833,-0.989599833,-0.806698257,0.087916384,0.087916384,0.031989882,0.2,L%
20180719,H1_T_blank_C6,H1_T_blank,C6,NA,-0.886260997,-0.853482416,-0.909560979,0.088720399,0.083144419,0.046163468,0.2,L%
20180719,H0_B_blank_D1,H0_B_blank,D1,NA,-0.84061767,-0.786347805,-0.851714933,0.101243795,0.072875779,0.05381812,0.2,L%
20180719,H0_B_blank_D2,H0_B_blank,D2,NA,-1.028518043,-1.040426712,-0.985164888,0.096659702,0.049515566,0.041260023,0.2,L%
20180719,H0_B_blank_D3,H0_B_blank,D3,NA,-0.858357567,-0.858357567,-0.919434036,0.078157234,0.078157234,0.036382936,0.2,L%
20180719,H1_B_blank_D4,H1_B_blank,D4,NA,-0.934048387,-0.934048387,-0.943825076,0.072378491,0.072378491,0.03036956,0.2,L%
20180719,H1_B_blank_D5,H1_B_blank,D5,NA,-0.819200876,-0.799612299,-0.747460279,0.103097173,0.082545683,0.056643637,0.2,L%
20180719,H1_B_blank_D6,H1_B_blank,D6,NA,-0.614609374,-0.614609374,-0.606974994,0.054857158,0.054857158,0.052742489,0.2,L% good - left scewed
20180719,H2_T_A1,H2_T,A1,NA,-1.604838849,-1.907369577,-2.207615222,0.189360831,0.110251386,0.105818445,0.2,L%
20180719,H2_T_A2,H2_T,A2,NA,-2.444567845,-2.444567845,-1.930015833,0.162041204,0.162041204,0.08017418,0.2,L%
20180719,H2_T_A3,H2_T,A3,NA,-3.068219155,-3.068219155,-3.167215642,0.152774787,0.152774787,0.047718169,0.2,Leq closest - at start of trial obvious break and slow after 20 mins
20180719,H3_T_A4,H3_T,A4,NA,-1.668688763,-1.668688763,-1.590629316,0.090461967,0.090461967,0.041624559,0.2,L%
20180719,H3_T_A5,H3_T,A5,NA,0.062017361,0.062017361,-1.336375442,0.348280069,0.348280069,0.056561909,0.2,L%
20180719,H3_T_A6,H3_T,A6,NA,-1.540606591,-1.586899847,-1.614706771,0.095027355,0.102915009,0.095127539,0.5,L% good after a n obvios break at min 10
20180719,H2_B_B1,H2_B,B1,NA,-1.875115995,-1.875115995,-2.054478739,0.165401339,0.165401339,0.054139793,0.2,L%
20180719,H2_B_B2,H2_B,B2,NA,-1.421550653,-1.495496096,-2.052826553,0.230575273,0.189922139,0.09723905,0.2,L%
20180719,H2_B_B3,H2_B,B3,NA,-2.784444444,-2.784444444,-3.243175745,0.129426536,0.129426536,0.05900741,0.2,L% good - very linear with no breaks whatsoever
20180719,H3_B_B4,H3_B,B4,NA,-2.229106314,-2.303429023,-2.247012555,0.217147753,0.207831375,0.151214961,0.2,L%
20180719,H3_B_B5,H3_B,B5,NA,-3.391381987,-3.242432357,-3.244070393,0.184350401,0.107362053,0.073932098,0.2,L%
20180719,H3_B_B6,H3_B,B6,NA,-2.270395867,-2.270395867,-2.147169989,0.125909499,0.125909499,0.122843997,0.2,L% good - second peak from rates at end of trial - slower than first peak
20180719,H2_T_blank_C1,H2_T_blank,C1,NA,-0.626886447,-0.800011567,-0.87407944,0.075603724,0.093792659,0.04868332,0.2,L%
20180719,H2_T_blank_C2,H2_T_blank,C2,NA,-0.959944042,-0.761171319,-0.863918927,0.06819221,0.086879029,0.034158148,0.2,L%
20180719,H2_T_blank_C3,H2_T_blank,C3,NA,-0.887936508,-0.864717357,-1.028307974,0.120848612,0.064209916,0.032018866,0.2,L%
20180719,H3_T_blank_C4,H3_T_blank,C4,NA,-1.716554154,-1.716554154,-1.259561226,0.102251053,0.102251053,0.038561911,0.2,L%
20180719,H3_T_blank_C5,H3_T_blank,C5,NA,-0.742710227,-0.551704033,-0.577085525,0.113928807,0.088127669,0.053579617,0.2,good - Lz is at the center of density peak!
20180719,H3_T_blank_C6,H3_T_blank,C6,NA,-0.640392469,-0.643898381,-0.76183658,0.082349835,0.072755761,0.055008808,0.2,L% - not on peak because O2 decline has curvature
20180719,H2_B_blank_D1,H2_B_blank,D1,NA,-0.946259597,-0.741221001,-0.754162634,0.142274212,0.114575475,0.0662116,0.2,L% - not on peak because O2 decline has curvature
20180719,H2_B_blank_D2,H2_B_blank,D2,NA,-1.087300702,-1.087300702,-0.980812082,0.136901546,0.136901546,0.03713793,0.2,L%
20180719,H2_B_blank_D3,H2_B_blank,D3,NA,-1.113333357,-1.12827278,-1.1795431,0.107508504,0.096316732,0.046921833,0.2,L%
20180719,H3_B_blank_D4,H3_B_blank,D4,NA,-1.123414974,-0.951729117,-0.823193707,0.128399174,0.052323296,0.039536147,0.2,good - Leq at center of density peak
20180719,H3_B_blank_D5,H3_B_blank,D5,NA,-1.166474899,-0.839335862,-0.693294494,0.10612034,0.062482486,0.040843681,0.2,good - Leq closest to center of density peak
20180719,H3_B_blank_D6,H3_B_blank,D6,NA,-1.560354778,-0.676033613,-0.756255859,0.154001499,0.072488849,0.062666739,0.2,L% good - not on peak because O2 decline has curvature
20180722,H0_T_A1,H0_T,A1,NA,-1.703501868,-1.703501868,-1.07188881,0.196025971,0.196025971,0.193399894,0.3, Leq closest to peak density
20180722,H0_T_A2,H0_T,A2,NA,-3.854903656,-5.551632706,-3.741804412,0.303771733,0.228605466,0.176531712,0.4,L% good - narrowed data to first 20 minutes to get data closest to peak
20180722,H0_T_A3,H0_T,A3,NA,-1.731007573,-1.731007573,-1.939112493,0.097668096,0.097668096,0.112923647,0.4,Leq closest to peak density - on second peak
20180722,H1_T_A4,H1_T,A4,NA,-4.008135837,-1.807761806,-1.966004797,0.665980789,0.119147054,0.101444355,0.2,L% good - on third/slowest peak
20180722,H1_T_A5,H1_T,A5,NA,-4.066609396,-4.066609396,-4.255257741,0.377023577,0.377023577,0.195709306,0.2,L% good - on first of three peaks
20180722,H1_T_A6,H1_T,A6,NA,-2.381186813,-2.381186813,-3.108067029,0.336122383,0.336122383,0.114424033,0.1,"good - Leq on the peak density, three peaks, slower is strongest"
20180722,H0_B_B1,H0_B,B1,NA,-5.904786234,-5.904786234,-4.624834525,0.214566109,0.214566109,0.168576756,0.2,"L% good - from faster rate at start of trial, obvious break at 20 mins"
20180722,H0_B_B2,H0_B,B2,NA,-2.894926248,-1.346786646,-1.956309462,0.311553387,0.192634102,0.148340212,0.2,L% check this - near to third/slowest peak density
20180722,H0_B_B3,H0_B,B3,NA,-2.980968573,-2.980968573,-2.973365206,0.170436701,0.170436701,0.167120651,0.2,L% good -  thirs slowest peak -obvious break in resp
20180722,H1_B_B4,H1_B,B4,NA,-2.02455396,-2.02455396,-3.833817415,0.393434171,0.393434171,0.228584585,0.4,"L% good - on faster/earlier of two peaks, obvious break after 20 mins"
20180722,H1_B_B5,H1_B,B5,NA,-6.862429829,-6.862429829,-3.500619179,0.179516499,0.179516499,0.167862653,0.2,L% good - on slower/later of three peaks - 15 - 30 mins
20180722,H1_B_B6,H1_B,B6,NA,-2.965115287,-3.326254047,-2.858136646,0.351472517,0.352139592,0.206101132,0.1,L% good - on strongest/later peak - 20-25mins
20180722,H0_T_blank_C1,H0_T_blank,C1,NA,-1.949169361,-1.024496528,-1.209956862,0.36494249,0.177218141,0.085233269,0.2,L%
20180722,H0_T_blank_C2,H0_T_blank,C2,NA,-1.13927022,-1.13927022,-1.201971833,0.241996945,0.241996945,0.093631275,0.2,L%
20180722,H0_T_blank_C3,H0_T_blank,C3,NA,-1.414676981,-1.414676981,-1.231837607,0.423599108,0.423599108,0.119709435,0.2,L%
20180722,H1_T_blank_C4,H1_T_blank,C4,NA,-1.014667152,-1.016435921,-1.028066263,0.207092028,0.179663603,0.074347726,0.2,L%
20180722,H1_T_blank_C5,H1_T_blank,C5,NA,-0.889166101,-0.889166101,-1.065449868,0.316264712,0.316264712,0.127091464,0.2,L%
20180722,H1_T_blank_C6,H1_T_blank,C6,NA,-1.393134175,-1.356274628,-2.732699526,0.294766617,0.273844138,0.187167219,0.2,"Leq on strongest peak , Lpc is at 5-10 mins, most blank files are after 15 mins"
20180722,H0_B_blank_D1,H0_B_blank,D1,NA,-0.993835554,-0.923076923,-0.876611954,0.13866527,0.126594901,0.100758019,0.2,L%
20180722,H0_B_blank_D2,H0_B_blank,D2,NA,-2.085124095,-2.085124095,-1.329228284,0.244936945,0.244936945,0.149352432,0.2,L%
20180722,H0_B_blank_D3,H0_B_blank,D3,NA,-1.236751317,-1.217002711,-1.301165299,0.179863724,0.173127916,0.144734871,0.5,L%
20180722,H1_B_blank_D4,H1_B_blank,D4,NA,-1.126368952,-1.208189563,-0.964539508,0.122010858,0.196687777,0.085610582,0.3,Leq on peak
20180722,H1_B_blank_D5,H1_B_blank,D5,NA,-1.659554931,-1.659554931,-1.597105982,0.132452284,0.132452284,0.094932845,0.2,L%
20180722,H1_B_blank_D6,H1_B_blank,D6,NA,-0.575899041,-0.965169637,-1.230717303,0.331475715,0.283029158,0.126467252,0.2,L%
20180722,H2_T_A1,H2_T,A1,NA,-1.311667572,-1.041228958,-2.328735525,0.223855653,0.108301998,0.080212016,0.2,L%
20180722,H2_T_A2,H2_T,A2,NA,-1.661036052,-1.661036052,-2.003010357,0.13249778,0.13249778,0.080995376,0.2,L%
20180722,H2_T_A3,H2_T,A3,NA,-1.500010462,-1.500010462,-1.715154346,0.101162819,0.101162819,0.058742364,0.2,L%
20180722,H3_T_A4,H3_T,A4,NA,-2.459030204,-2.456021331,-2.386511684,0.115713404,0.085319689,0.072128765,0.2,L%
20180722,H3_T_A5,H3_T,A5,NA,-3.465765978,-2.603792033,-2.502090008,0.167916757,0.140861569,0.093799863,0.3,L%
20180722,H3_T_A6,H3_T,A6,NA,-5.552008899,-5.552008899,-2.255571409,0.141673239,0.141673239,0.062392011,0.2,L%
20180722,H2_B_B1,H2_B,B1,NA,-3.045270285,-3.045270285,-1.890206261,0.137490122,0.137490122,0.091799216,0.3,L%
20180722,H2_B_B2,H2_B,B2,NA,-1.451506689,-1.451506689,-2.472205124,0.16212638,0.16212638,0.10653547,0.3,L%
20180722,H2_B_B3,H2_B,B3,NA,-3.339181202,-3.339181202,-2.159598637,0.239529904,0.239529904,0.073573986,0.2,L%
20180722,H3_B_B4,H3_B,B4,NA,-2.700161715,-2.700161715,-2.865282427,0.179655779,0.179655779,0.171972008,0.7,Leq closest to peak density high alpha to encompass more of the jumpy data
20180722,H3_B_B5,H3_B,B5,NA,-1.415860792,-1.415860792,-3.742702611,0.103301257,0.103301257,0.09031249,0.3,"L% good, first peak "
20180722,H3_B_B6,H3_B,B6,NA,-2.420123311,-2.420123311,-2.637460216,0.154327061,0.154327061,0.141185357,0.5,alpha 0.5 to include more data 
20180722,H2_T_blank_C1,H2_T_blank,C1,NA,-0.842275592,-0.842275592,-0.897057265,0.085980861,0.085980861,0.039805538,0.2,"good - curved data, L% on smaller peak at end of trial"
20180722,H2_T_blank_C2,H2_T_blank,C2,NA,-1.020678436,-1.026574779,-1.123642301,0.1339057,0.080214618,0.031851154,0.2,L%
20180722,H2_T_blank_C3,H2_T_blank,C3,NA,-1.122237753,-1.122237753,-1.072177822,0.066335114,0.066335114,0.033035244,0.2,L%
20180722,H3_T_blank_C4,H3_T_blank,C4,NA,-0.854143168,-0.854143168,-0.808901185,0.084276908,0.084276908,0.033666676,0.2,L%
20180722,H3_T_blank_C5,H3_T_blank,C5,NA,-1.680194255,-1.680194255,-1.091531473,0.103412819,0.103412819,0.048602317,0.2,"good - curved data, L% on smaller peak at end of trial"
20180722,H3_T_blank_C6,H3_T_blank,C6,NA,-0.944150363,-0.949246622,-0.869359776,0.101827417,0.092722552,0.047145277,0.2,"good - curved data, L% on smaller peak at end of trial"
20180722,H2_B_blank_D1,H2_B_blank,D1,NA,-1.412789652,-1.412789652,-0.912548427,0.073867186,0.073867186,0.052502188,0.3, Leq closest to peak density
20180722,H2_B_blank_D2,H2_B_blank,D2,NA,-1.182139662,-1.182139662,-1.57922423,0.121135854,0.121135854,0.049609588,0.2,L%
20180722,H2_B_blank_D3,H2_B_blank,D3,NA,-1.444705174,-1.47274053,-1.214721319,0.11334658,0.076902077,0.046753392,0.2, Leq closest to peak density
20180722,H3_B_blank_D4,H3_B_blank,D4,NA,-1.542911291,-1.504492681,-1.214820557,0.121022153,0.072025648,0.047686174,0.2, Leq closest to peak density
20180722,H3_B_blank_D5,H3_B_blank,D5,NA,-1.250423473,-1.189118907,-1.189118907,0.082726273,0.051227384,0.051227384,0.2,"good - curved data, L% on smaller peak at end of trial"
20180722,H3_B_blank_D6,H3_B_blank,D6,NA,-0.875397973,-1.511054734,-0.92126711,0.381612878,0.096893815,0.065844186,0.1, Leq closest to peak density
20180724,H0_T_A1,H0_T,A1,NA,-1.349784261,-1.349784261,-1.690169973,0.307212357,0.307212357,0.17266515,0.3,L%
20180724,H0_T_A2,H0_T,A2,NA,-2.658603475,-2.652116422,-2.602039245,0.073155815,0.08838302,0.064409719,0.2,L%
20180724,H0_T_A3,H0_T,A3,NA,-1.517208993,-1.517208993,-1.728839583,0.13453791,0.13453791,0.129543593,0.3,L%
20180724,H1_T_A4,H1_T,A4,NA,-3.329408182,-3.329408182,-2.810335071,0.275160278,0.275160278,0.131899728,0.2,L%
20180724,H1_T_A5,H1_T,A5,NA,-3.052662787,-3.052662787,-3.046739695,0.076203946,0.076203946,0.074550415,0.2,L%
20180724,H1_T_A5,H1_T,A5,NA,-3.052662787,-3.052662787,-3.046739695,0.076203946,0.076203946,0.074550415,0.2,L%
20180724,H1_T_A6,H1_T,A6,NA,-1.955662289,-1.955662289,-3.199634992,0.342808323,0.342808323,0.032523022,0.2,L%
20180724,H0_B_B1,H0_B,B1,NA,-2.052934538,-2.052934538,-2.26637443,0.135670603,0.135670603,0.105552151,0.5,L% - higher alpha nearest to peak density
20180724,H0_B_B2,H0_B,B2,NA,-1.747237042,-2.760623415,-2.616990825,0.322663593,0.106938613,0.074392584,0.2,L%
20180724,H0_B_B3,H0_B,B3,NA,-2.31044869,-2.166719212,-2.280434183,0.105987511,0.080443378,0.041440745,0.2,L%
20180724,H1_B_B4,H1_B,B4,NA,-2.528892141,-2.528892141,-2.489070886,0.131966342,0.131966342,0.088463866,0.2,L%
20180724,H1_B_B5,H1_B,B5,NA,-2.844543863,-2.844543863,-2.869355847,0.132451714,0.132451714,0.086738508,0.2,L%
20180724,H1_B_B6,H1_B,B6,NA,-2.355209539,-2.784150681,-2.754763486,0.141582894,0.066727372,0.059960988,0.2,L%
20180724,H0_T_blank_C1,H0_T_blank,C1,NA,-1.234824528,-1.236636173,-1.32068336,0.138263855,0.119890371,0.091854538,0.2,L%
20180724,H0_T_blank_C2,H0_T_blank,C2,NA,-0.554589222,-0.554589222,-1.19680072,0.113567173,0.113567173,0.04458391,0.2,L%
20180724,H0_T_blank_C3,H0_T_blank,C3,NA,-0.605937323,-0.605937323,-0.514487068,0.097428528,0.097428528,0.024794678,0.2,L%
20180724,H1_T_blank_C4,H1_T_blank,C4,NA,-0.733529176,-0.794026823,-0.747485177,0.077671317,0.10840244,0.027191227,0.2,Leq closest to peak density
20180724,H1_T_blank_C5,H1_T_blank,C5,NA,-1.568791209,-1.568791209,-0.936930821,0.208383039,0.208383039,0.036605093,0.1,L%
20180724,H1_T_blank_C6,H1_T_blank,C6,NA,-1.126882353,-1.123582609,-0.858399768,0.224308628,0.117566608,0.054808122,0.1,L%
20180724,H0_B_blank_D1,H0_B_blank,D1,NA,-0.701212953,-0.812181172,-0.890345659,0.123253499,0.136894988,0.05063252,0.2,L%
20180724,H0_B_blank_D2,H0_B_blank,D2,NA,-0.829974233,-0.829974233,-0.757413485,0.110949225,0.110949225,0.044997136,0.2,Leq closest to peak density
20180724,H0_B_blank_D3,H0_B_blank,D3,NA,-1.260138209,-1.243394343,-0.952284466,0.112271757,0.094501064,0.049240064,0.2,L%
20180724,H1_B_blank_D4,H1_B_blank,D4,NA,-0.836129396,-0.836129396,-1.052482922,0.061011036,0.061011036,0.046656884,0.3,L%
20180724,H1_B_blank_D5,H1_B_blank,D5,NA,-0.669678387,-0.821180477,-0.573516877,0.095122338,0.119970114,0.041670615,0.2,Lz closest to peak density
20180724,H1_B_blank_D6,H1_B_blank,D6,NA,-0.975480121,-0.985089059,-1.009733308,0.289410975,0.269996444,0.086740802,0.2,L%
20180724,H2_T_A1,H2_T,A1,NA,-5.453457331,-3.198368364,-3.281089991,0.335995811,0.144761905,0.085317664,0.2,L%
20180724,H2_T_A2,H2_T,A2,NA,-3.332972085,-3.332972085,-3.115558775,0.139577562,0.139577562,0.058922493,0.2,L%
20180724,H2_T_A3,H2_T,A3,NA,-1.713036495,-1.713036495,-1.556632315,0.131032974,0.131032974,0.068951031,0.2,L%
20180724,H3_T_A4,H3_T,A4,NA,-3.672764819,-2.666004008,-2.736001454,0.245532006,0.102866174,0.041374283,0.2,L%
20180724,H3_T_A5,H3_T,A5,NA,-1.829948575,-1.829948575,-2.174919282,0.121928471,0.121928471,0.105071714,0.2,L%
20180724,H3_T_A6,H3_T,A6,NA,-2.758983695,-2.721451679,-2.809664629,0.158698599,0.163892692,0.07135458,0.2,L%
20180724,H2_B_B1,H2_B,B1,NA,-3.660649747,-3.660649747,-2.142286703,0.15138827,0.15138827,0.152952097,0.2,L%
20180724,H2_B_B2,H2_B,B2,NA,-2.185822546,-2.185822546,-2.630856693,0.173494053,0.173494053,0.139186456,0.4,L%
20180724,H2_B_B3,H2_B,B3,NA,-2.02421847,-2.02421847,-1.87588963,0.256126797,0.256126797,0.180352898,0.2,L%
20180724,H3_B_B4,H3_B,B4,NA,-6.389050073,-6.389050073,-2.243939773,0.433260675,0.433260675,0.211710401,0.2,L%
20180724,H3_B_B5,H3_B,B5,NA,-3.292266775,-3.292266775,-3.161764363,0.161695901,0.161695901,0.143590936,0.2,L%
20180724,H3_B_B6,H3_B,B6,NA,-3.436385836,-3.436385836,-1.67484454,0.168174649,0.168174649,0.129820062,0.2,Leq closest to peak density
20180724,H2_T_blank_C1,H2_T_blank,C1,NA,-1.341663304,-1.341663304,-1.178697308,0.199651909,0.199651909,0.066195362,0.1,Leq closest to peak density
20180724,H2_T_blank_C2,H2_T_blank,C2,NA,-0.769360768,-0.769360768,-0.926839296,0.131924556,0.131924556,0.04058004,0.2,L%
20180724,H2_T_blank_C3,H2_T_blank,C3,NA,-0.730450676,-0.72090632,-0.789356675,0.102914643,0.090827123,0.050963969,0.2,L%
20180724,H3_T_blank_C4,H3_T_blank,C4,NA,-1.151571971,-1.151571971,-1.009130212,0.054416651,0.054416651,0.042924642,0.3,Leq closest to peak density
20180724,H3_T_blank_C5,H3_T_blank,C5,NA,-1.577332395,-1.577332395,-1.181350795,0.118999691,0.118999691,0.051621182,0.2,L%
20180724,H3_T_blank_C6,H3_T_blank,C6,NA,-0.920747924,-0.920747924,-1.009992569,0.051406732,0.051406732,0.054192745,0.2,L%
20180724,H2_B_blank_D1,H2_B_blank,D1,NA,-0.8918424,-0.8918424,-1.29744295,0.18929149,0.18929149,0.060974796,0.1,L%
20180724,H2_B_blank_D2,H2_B_blank,D2,NA,-1.252784767,-1.252784767,-1.297889614,0.071817564,0.071817564,0.054339018,0.2,L%
20180724,H2_B_blank_D3,H2_B_blank,D3,NA,-1.079679744,-0.791462633,-0.816167931,0.129743475,0.100697799,0.03985339,0.2,L%
20180724,H3_B_blank_D4,H3_B_blank,D4,NA,-1.227268211,-1.227268211,-1.376119437,0.217553709,0.217553709,0.059930726,0.1,L%
20180724,H3_B_blank_D5,H3_B_blank,D5,NA,-2.169805335,-0.668776286,-2.095807598,0.141953915,0.262720263,0.10483026,0.2,L%
20180724,H3_B_blank_D6,H3_B_blank,D6,NA,-1.859882353,-1.003248247,-0.788649799,0.254228073,0.23635451,0.058008494,0.1,Leq closest to peak density
20180807,H0_T_A1,H0_T,A1,NA,-2.482590445,-2.740594434,-2.778473752,0.753562034,0.243375365,0.119856048,0.1,L%
20180807,H0_T_A2,H0_T,A2,NA,-1.057287703,-2.766656246,-2.537025947,0.372594237,0.230679781,0.136971477,0.3,L%
20180807,H0_T_A3,H0_T,A3,NA,-2.465197816,-2.469284054,-2.525182673,0.122885982,0.115017176,0.059021437,0.2,L%
20180807,H1_T_A4,H1_T,A4,NA,-2.723387956,-2.599960343,-2.634266304,0.126272903,0.075199383,0.048488462,0.2,L%
20180807,H1_T_A5,H1_T,A5,NA,-4.203964555,-4.203964555,-2.646826897,0.182401453,0.182401453,0.127487839,0.2,L%
20180807,H1_T_A6,H1_T,A6,NA,-3.175619904,-4.358544695,-3.103875856,0.109804788,0.220060262,0.055435604,0.2,L%
20180807,H0_B_B1,H0_B,B1,NA,-1.731526335,-1.731526335,-1.598071876,0.116005279,0.116005279,0.063699489,0.2,L%
20180807,H0_B_B2,H0_B,B2,NA,-2.496202588,-2.496202588,-2.416324124,0.09800573,0.09800573,0.05348977,0.2,L%
20180807,H0_B_B3,H0_B,B3,NA,-2.231868862,-2.231868862,-2.417765766,0.149397969,0.149397969,0.078033572,0.2,L%
20180807,H1_B_B4,H1_B,B4,NA,-3.716725911,-3.716725911,-4.291333964,0.217970971,0.217970971,0.123645335,0.2,L%
20180807,H1_B_B5,H1_B,B5,NA,-7.553394658,-7.553394658,-3.732930037,0.272822987,0.272822987,0.134022468,0.3,L%
20180807,H1_B_B6,H1_B,B6,NA,-4.567130916,-4.567130916,-4.908554215,0.169617324,0.169617324,0.079122646,0.2,L%
20180807,H0_T_blank_C1,H0_T_blank,C1,NA,-0.949930724,-0.933220416,-0.91553162,0.107083993,0.065682183,0.036926744,0.2,L%
20180807,H0_T_blank_C2,H0_T_blank,C2,NA,-0.663409692,-0.663409692,-0.659393583,0.049006138,0.049006138,0.033754791,0.2,L%
20180807,H0_T_blank_C3,H0_T_blank,C3,NA,-0.869911385,-0.868284537,-0.840608729,0.093089062,0.085818778,0.039067072,0.2,L%
20180807,H1_T_blank_C4,H1_T_blank,C4,NA,-0.996938657,-0.996938657,-0.981326157,0.092581478,0.092581478,0.03493032,0.2,L%
20180807,H1_T_blank_C5,H1_T_blank,C5,NA,-0.866687688,-0.866687688,-0.795872037,0.077760832,0.077760832,0.044932998,0.2,L%
20180807,H1_T_blank_C6,H1_T_blank,C6,NA,-1.02061659,-1.02061659,-0.961457143,0.08456818,0.08456818,0.041882381,0.2,L%
20180807,H0_B_blank_D1,H0_B_blank,D1,NA,-1.049462668,-1.049462668,-0.922593376,0.111165253,0.111165253,0.043643139,0.2,L%
20180807,H0_B_blank_D2,H0_B_blank,D2,NA,-0.924053055,-0.935925031,-0.935925031,0.220772991,0.056266478,0.056266478,0.2,L%
20180807,H0_B_blank_D3,H0_B_blank,D3,NA,-1.118836237,-1.118836237,-1.127925084,0.082336759,0.082336759,0.063899857,0.2,L%
20180807,H1_B_blank_D4,H1_B_blank,D4,NA,-0.881781184,-0.881781184,-1.032782077,0.083564657,0.083564657,0.040359226,0.2,L%
20180807,H1_B_blank_D5,H1_B_blank,D5,NA,-1.230715246,-1.906136378,-1.003326697,0.219426121,0.165614978,0.049873787,0.1,L%
20180807,H1_B_blank_D6,H1_B_blank,D6,NA,-0.855358535,-0.855358535,-0.777768485,0.069461707,0.069461707,0.036908464,0.2,L%
20180807,H2_T_A1,H2_T,A1,NA,-1.951473684,-1.951473684,-3.432561795,0.207641106,0.207641106,0.129599383,0.3,L%
20180807,H2_T_A2,H2_T,A2,NA,-4.031172414,-2.195473389,-3.918881832,0.15494288,0.093879119,0.066234262,0.2,L%
20180807,H2_T_A3,H2_T,A3,NA,-3.015529412,-3.015529412,-2.879484363,0.188874767,0.188874767,0.066107673,0.1,Leq closest to peak density
20180807,H3_T_A4,H3_T,A4,NA,-1.746108512,-1.746108512,-1.610861495,0.132433671,0.132433671,0.048303994,0.2,L%
20180807,H3_T_A5,H3_T,A5,NA,-2.79556238,-2.79556238,-2.819882742,0.080119751,0.080119751,0.081320933,0.2,L%
20180807,H3_T_A6,H3_T,A6,NA,-1.613508343,-3.526478309,-1.363279279,0.14261796,0.276852082,0.112173486,0.2,Leq closest to peak density
20180807,H2_B_B1,H2_B,B1,NA,-3.841330922,-2.096842082,-2.5257182,0.221396331,0.141192658,0.062867723,0.2,L%
20180807,H2_B_B2,H2_B,B2,NA,-1.837655172,-1.837655172,-1.981512799,0.162130508,0.162130508,0.058033068,0.2,L%
20180807,H2_B_B3,H2_B,B3,NA,-2.673675214,-2.673675214,-4.247879702,0.158590135,0.158590135,0.096487769,0.2,L%
20180807,H3_B_B4,H3_B,B4,NA,-2.683724138,-2.683724138,-2.942537831,0.246178667,0.246178667,0.113645594,0.2,L%
20180807,H3_B_B5,H3_B,B5,NA,-0.256516129,-0.256516129,-3.186811362,0.670307976,0.670307976,0.386517193,0.2,L%
20180807,H3_B_B6,H3_B,B6,NA,-2.147787372,-2.147787372,-2.585032258,0.230088308,0.230088308,0.115160548,0.2,L%
20180807,H2_T_blank_C1,H2_T_blank,C1,NA,-0.918883415,-1.044813675,-0.876405039,0.124355477,0.109766585,0.046783422,0.2,L% good - curved data
20180807,H2_T_blank_C2,H2_T_blank,C2,NA,-0.936894934,-0.936894934,-1.043317193,0.078668772,0.078668772,0.038149528,0.2,L% good - curved data
20180807,H2_T_blank_C3,H2_T_blank,C3,NA,-0.779499917,-0.779499917,-0.847357663,0.083513373,0.083513373,0.027016067,0.2,L% good - curved data
20180807,H3_T_blank_C4,H3_T_blank,C4,NA,-1.504725806,-1.504725806,-1.43830673,0.087558152,0.087558152,0.048712002,0.2,L% good - curved data
20180807,H3_T_blank_C5,H3_T_blank,C5,NA,-1.218190815,-1.218190815,-1.236698756,0.153415437,0.153415437,0.08230394,0.2,L% good - curved data
20180807,H3_T_blank_C6,H3_T_blank,C6,NA,-1.097398522,-1.097398522,-0.919421962,0.12420424,0.12420424,0.08152696,0.2,L% good - curved data
20180807,H2_B_blank_D1,H2_B_blank,D1,NA,-0.81958486,-0.81958486,-0.91898908,0.137819579,0.137819579,0.065073655,0.2,L% good - curved data
20180807,H2_B_blank_D2,H2_B_blank,D2,NA,-1.46657094,-1.057031374,-1.092306969,0.122988232,0.063560941,0.048085671,0.2,L% good - curved data
20180807,H2_B_blank_D3,H2_B_blank,D3,NA,-1.002829811,-1.002829811,-1.091456423,0.072615146,0.072615146,0.044471751,0.2,L% good - curved data
20180807,H3_B_blank_D4,H3_B_blank,D4,NA,-1.234800645,-1.234800645,-1.025098559,0.101708606,0.101708606,0.042492977,0.2,L% good - curved data
20180807,H3_B_blank_D5,H3_B_blank,D5,NA,-1.766725806,-0.943385984,-1.142742283,0.093936444,0.083207452,0.063760801,0.2,L% good - curved data
20180807,H3_B_blank_D6,H3_B_blank,D6,NA,-1.240284196,-0.666748718,-0.771563073,0.1673643,0.15260135,0.080018215,0.2,L% good - curved data
20180809,H0_T_A1,H0_T,A1,NA,-2.469677643,-2.469677643,-2.311882135,0.354628765,0.354628765,0.128090791,0.2,L%
20180809,H0_T_A2,H0_T,A2,NA,-2.940344947,-2.362616311,-2.706370237,0.251602901,0.174986248,0.064726458,0.2,L%
20180809,H0_T_A3,H0_T,A3,NA,-3.227019036,-3.160767148,-4.761994557,0.200787058,0.146102097,0.14655152,0.2,Leq closest to peak density
20180809,H1_T_A4,H1_T,A4,NA,-3.46285923,-2.519401908,-2.197985138,0.122584075,0.116693294,0.094051747,0.2,Leq closest to peak density
20180809,H1_T_A5,H1_T,A5,NA,-2.576120682,-2.576120682,-2.856836911,0.114198442,0.114198442,0.051278818,0.2,L%
20180809,H1_T_A6,H1_T,A6,NA,-2.601865814,-2.601865814,-2.608581293,0.071375812,0.071375812,0.071399945,0.2,L%
20180809,H0_B_B1,H0_B,B1,NA,-2.945366344,-2.945366344,-3.529316487,0.189522126,0.189522126,0.112333529,0.2,L%
20180809,H0_B_B2,H0_B,B2,NA,-3.608736562,-3.608736562,-2.587405839,0.189063219,0.189063219,0.067482979,0.2,L%
20180809,H0_B_B3,H0_B,B3,NA,-3.226564652,-2.092897962,-2.092897962,0.422381055,0.060320375,0.060320375,0.2,L%
20180809,H1_B_B4,H1_B,B4,NA,-3.897871398,-3.897871398,-3.724710394,0.127893858,0.127893858,0.081488076,0.5,L%
20180809,H1_B_B5,H1_B,B5,NA,-4.161792111,-4.161792111,-4.06320075,0.143945678,0.143945678,0.052011784,0.2,L%
20180809,H1_B_B6,H1_B,B6,NA,-6.320905704,-3.948403396,-3.948403396,0.227718875,0.103495013,0.103495013,0.2,L%
20180809,H0_T_blank_C1,H0_T_blank,C1,NA,-1.385159079,-1.369419689,-1.513166241,0.270378403,0.205185951,0.087624566,0.2,L% good - curved data
20180809,H0_T_blank_C2,H0_T_blank,C2,NA,-1.055912453,-1.055912453,-1.185291277,0.252182315,0.252182315,0.057173511,0.2,L% good - curved data
20180809,H0_T_blank_C3,H0_T_blank,C3,NA,-1.116974133,-1.116974133,-1.067719096,0.085808339,0.085808339,0.029460205,0.2,Leq closest to peak density
20180809,H1_T_blank_C4,H1_T_blank,C4,NA,-1.531115449,-1.531115449,-1.290038049,0.125314901,0.125314901,0.027556543,0.2,L% good - curved data
20180809,H1_T_blank_C5,H1_T_blank,C5,NA,-1.485155293,-1.174573957,-1.185908731,0.076124747,0.057585463,0.032673429,0.2,L% good - curved data
20180809,H1_T_blank_C6,H1_T_blank,C6,NA,-0.916493882,-0.916493882,-1.065026136,0.090352815,0.090352815,0.054493051,0.2,L% good - curved data
20180809,H0_B_blank_D1,H0_B_blank,D1,NA,-0.857694581,-0.857694581,-1.154661269,0.083508661,0.083508661,0.057147785,0.2,L% good - curved data
20180809,H0_B_blank_D2,H0_B_blank,D2,NA,-1.540226225,-1.540226225,-1.217131655,0.115172344,0.115172344,0.046109178,0.2,L% good - curved data
20180809,H0_B_blank_D3,H0_B_blank,D3,NA,-1.42577613,-1.42577613,-1.491608536,0.126472001,0.126472001,0.054625622,0.2,L% good - curved data
20180809,H1_B_blank_D4,H1_B_blank,D4,NA,-1.124121321,-1.124121321,-1.101546223,0.090796164,0.090796164,0.051044101,0.2,L% good - curved data
20180809,H1_B_blank_D5,H1_B_blank,D5,NA,-2.333300871,-1.192299432,-1.049150492,0.136331475,0.083535844,0.05346437,0.2,L% good - curved data
20180809,H1_B_blank_D6,H1_B_blank,D6,NA,-1.013391509,-1.013391509,-1.204622563,0.095200912,0.095200912,0.055550554,0.2,L%
20180809,H2_T_A1,H2_T,A1,NA,-4.657933697,-4.657933697,-2.974684151,0.735067708,0.735067708,0.148544897,0.1,L%
20180809,H2_T_A2,H2_T,A2,NA,-2.664055944,-2.664055944,-2.475320919,0.424425822,0.424425822,0.085946451,0.1,Leq closest to peak density
20180809,H2_T_A3,H2_T,A3,NA,-3.505733502,-3.505733502,-3.550486257,0.157324886,0.157324886,0.055668592,0.2,L%
20180809,H3_T_A4,H3_T,A4,NA,-2.061621391,-2.061621391,-1.751344775,0.197417506,0.197417506,0.150472828,0.4,L%
20180809,H3_T_A5,H3_T,A5,NA,-3.51504356,-3.481427319,-3.585946561,0.193713981,0.135706222,0.077188459,0.2,L%
20180809,H3_T_A6,H3_T,A6,NA,-5.234083057,-5.234083057,-3.060295611,0.332635055,0.332635055,0.099212306,0.2,L%
20180809,H2_B_B1,H2_B,B1,NA,-3.209388891,-3.209388891,-3.022023792,0.109908013,0.109908013,0.15381297,0.3,L%
20180809,H2_B_B2,H2_B,B2,NA,-2.86470405,-2.86470405,-3.114674515,0.112077407,0.112077407,0.025764908,0.2,L%
20180809,H2_B_B3,H2_B,B3,NA,-2.567765003,-2.567765003,-2.672055942,0.143199076,0.143199076,0.073056019,0.2,L%
20180809,H3_B_B4,H3_B,B4,NA,-4.70815473,-4.70815473,-2.671636021,0.242668709,0.242668709,0.132724807,0.2,L%
20180809,H3_B_B5,H3_B,B5,NA,-2.485440485,-2.46141355,-2.734089937,0.320210023,0.236966743,0.151882208,0.2,L%
20180809,H3_B_B6,H3_B,B6,NA,-1.567997591,-1.567997591,-1.936887703,0.182195316,0.182195316,0.111227131,0.2,L%
20180809,H2_T_blank_C1,H2_T_blank,C1,NA,-1.610995636,-1.338142091,-1.06978352,0.074845729,0.068212937,0.057657804,0.4,Leq closest to peak density
20180809,H2_T_blank_C2,H2_T_blank,C2,NA,-1.431480333,-1.431480333,-1.44115085,0.161673628,0.161673628,0.084936781,0.2,L%
20180809,H2_T_blank_C3,H2_T_blank,C3,NA,-1.083164809,-0.969280198,-1.00375696,0.171851848,0.302026853,0.06172573,0.2,L%
20180809,H3_T_blank_C4,H3_T_blank,C4,NA,-0.933116655,-0.933116655,-1.164211904,0.184882722,0.184882722,0.062604584,0.4,L%
20180809,H3_T_blank_C5,H3_T_blank,C5,NA,-1.4205136,-1.4205136,-1.614680634,0.100014656,0.100014656,0.03438358,0.2,L%
20180809,H3_T_blank_C6,H3_T_blank,C6,NA,-1.509166952,-1.203435098,-1.180864993,0.202924075,0.123634603,0.08449101,0.2,L% good - curved data
20180809,H2_B_blank_D1,H2_B_blank,D1,NA,-1.343647093,-1.343647093,-1.267411133,0.117618236,0.117618236,0.086470056,0.2,L% good - curved data
20180809,H2_B_blank_D2,H2_B_blank,D2,NA,-1.142586017,-1.130104454,-1.142741782,0.113139979,0.045012997,0.045873905,0.2,L%
20180809,H2_B_blank_D3,H2_B_blank,D3,NA,-1.059134366,-1.059134366,-1.060013274,0.136597887,0.136597887,0.0497319,0.2,L%
20180809,H3_B_blank_D4,H3_B_blank,D4,NA,-1.131770424,-1.101458093,-1.124858182,0.140338369,0.071045195,0.046085758,0.2,L% good - curved data
20180809,H3_B_blank_D5,H3_B_blank,D5,NA,-1.565089632,-1.253315945,-1.466313044,0.153312018,0.090860444,0.065980621,0.2,L% good - curved data
20180809,H3_B_blank_D6,H3_B_blank,D6,NA,-1.974835587,-1.974835587,-0.905449725,0.123748222,0.123748222,0.076356675,0.2,L% good - curved data
20180811,H0_T_A1,H0_T,A1,NA,-3.177254847,-3.177254847,-3.156798069,0.11893174,0.11893174,0.067396407,0.2,L%
20180811,H0_T_A2,H0_T,A2,NA,-4.171935223,-4.171935223,-4.19856446,0.091771446,0.091771446,0.093221367,0.3,L%
20180811,H0_T_A3,H0_T,A3,NA,-4.714311111,-4.714311111,-3.470779015,0.154532126,0.154532126,0.091140137,0.2,L%
20180811,H1_T_A4,H1_T,A4,NA,-3.952974497,-3.952974497,-2.860889813,0.115402637,0.115402637,0.054957081,0.2,L%
20180811,H1_T_A5,H1_T,A5,NA,-7.512849531,-7.512849531,-3.59426457,0.262039983,0.262039983,0.059576092,0.2,L%
20180811,H1_T_A6,H1_T,A6,NA,-2.790854839,-2.790854839,-2.784310756,0.094889473,0.094889473,0.071172553,0.2,L%
20180811,H0_B_B1,H0_B,B1,NA,-2.341768461,-2.341768461,-2.188988711,0.134233908,0.134233908,0.072899927,0.2,largest peak for slower rate at end of trial
20180811,H0_B_B2,H0_B,B2,NA,-2.348047762,-2.348047762,-1.792912217,0.086025542,0.086025542,0.07490545,0.4,Leq closest to peak density
20180811,H0_B_B3,H0_B,B3,NA,-4.187003921,-4.187003921,-4.251478023,0.157663147,0.157663147,0.086157353,0.2,L%
20180811,H1_B_B4,H1_B,B4,NA,-6.516588946,-6.516588946,-3.584490489,0.332122096,0.332122096,0.139651592,0.3,L%
20180811,H1_B_B5,H1_B,B5,NA,-4.654198139,-4.654198139,-3.642537201,0.227508075,0.227508075,0.121905522,0.2,Leq closest to peak density
20180811,H1_B_B6,H1_B,B6,NA,-5.020567521,-5.020567521,-5.048383275,0.132503921,0.132503921,0.080431803,0.2,L%
20180811,H0_T_blank_C1,H0_T_blank,C1,NA,-1.244468864,-1.244468864,-1.362449305,0.110013144,0.110013144,0.049464869,0.2,L%
20180811,H0_T_blank_C2,H0_T_blank,C2,NA,-1.257275277,-1.257275277,-1.152771431,0.091914995,0.091914995,0.023394969,0.2,L%
20180811,H0_T_blank_C3,H0_T_blank,C3,NA,-1.058116922,-1.062661759,-1.156871126,0.156637025,0.145138749,0.038449548,0.2,L%
20180811,H1_T_blank_C4,H1_T_blank,C4,NA,-1.147941788,-1.147941788,-1.144174741,0.065945043,0.065945043,0.033337036,0.2,L%
20180811,H1_T_blank_C5,H1_T_blank,C5,NA,-1.775768632,-1.775768632,-1.073609338,0.098448006,0.098448006,0.058716799,0.2,L% good - curved data
20180811,H1_T_blank_C6,H1_T_blank,C6,NA,-0.948355911,-0.948355911,-0.957440362,0.115553899,0.115553899,0.064434717,0.2,L% good - curved data
20180811,H0_B_blank_D1,H0_B_blank,D1,NA,-0.81708012,-0.868909161,-0.923488878,0.093449354,0.076199011,0.054323471,0.2,L% good - curved data
20180811,H0_B_blank_D2,H0_B_blank,D2,NA,-1.186349206,-1.186349206,-0.992723664,0.100701794,0.100701794,0.047596647,0.2,L% good - curved data
20180811,H0_B_blank_D3,H0_B_blank,D3,NA,-1.560146628,-1.560146628,-1.056039982,0.153836727,0.153836727,0.072033222,0.2,L%
20180811,H1_B_blank_D4,H1_B_blank,D4,NA,-1.354943285,-1.354943285,-1.057062688,0.135969364,0.135969364,0.078783593,0.4,L% good - curved data
20180811,H1_B_blank_D5,H1_B_blank,D5,NA,-0.997464479,-1.932482306,-1.079064812,0.108987764,0.152217013,0.058145413,0.2,L% good - curved data
20180811,H1_B_blank_D6,H1_B_blank,D6,NA,-2.117059829,-2.171501832,-1.440019208,0.232363844,0.228116797,0.147712988,0.2,L%
20180811,H2_T_A1,H2_T,A1,NA,-3.323756912,-3.323756912,-3.428742152,0.375412485,0.375412485,0.105631942,0.2,L%
20180811,H2_T_A2,H2_T,A2,NA,-4.047442537,-4.276789114,-4.230515054,0.155105026,0.088884381,0.057789247,0.2,L%
20180811,H2_T_A3,H2_T,A3,NA,-3.302872808,-3.302872808,-3.673383158,0.25443431,0.25443431,0.106918671,0.2,L%
20180811,H3_T_A4,H3_T,A4,NA,-4.255610927,-4.24133728,-4.306898518,0.084418328,0.094265655,0.071271693,0.2,L%
20180811,H3_T_A5,H3_T,A5,NA,-3.965330507,-3.965330507,-3.791139525,0.090656694,0.090656694,0.0441861,0.3,L%
20180811,H3_T_A6,H3_T,A6,NA,-3.28307062,-3.28307062,-3.29681646,0.185575574,0.185575574,0.06987035,0.2,L%
20180811,H2_B_B1,H2_B,B1,NA,-2.169978402,-2.169978402,-2.15249801,0.121872281,0.121872281,0.042569428,0.2,L%
20180811,H2_B_B2,H2_B,B2,NA,-2.69839305,-2.69839305,-2.697815368,0.116641904,0.116641904,0.049080281,0.2,L%
20180811,H2_B_B3,H2_B,B3,NA,-2.41303092,-2.41303092,-2.446032316,0.08432888,0.08432888,0.028991709,0.2,L%
20180811,H3_B_B4,H3_B,B4,NA,-3.479374707,-4.175193322,-2.568749327,0.174660884,0.19540963,0.073505588,0.1,L%
20180811,H3_B_B5,H3_B,B5,NA,-2.148130909,-2.159476318,-1.990024827,0.093806548,0.079328063,0.050723937,0.2,L%
20180811,H3_B_B6,H3_B,B6,NA,-4.227576128,-4.227576128,-3.739373128,0.080652581,0.080652581,0.072083867,0.2,L%
20180811,H2_T_blank_C1,H2_T_blank,C1,NA,-0.894956976,-0.894956976,-1.553215779,0.101863266,0.101863266,0.051439035,0.2,L%
20180811,H2_T_blank_C2,H2_T_blank,C2,NA,-0.886057495,-0.827512744,-0.834470822,0.087070181,0.086255673,0.024327651,0.2,L%
20180811,H2_T_blank_C3,H2_T_blank,C3,NA,-0.839145851,-0.828266703,-0.920093376,0.115357344,0.059446974,0.026900708,0.2,L%
20180811,H3_T_blank_C4,H3_T_blank,C4,NA,-0.955765931,-0.955765931,-0.879300287,0.089934729,0.089934729,0.037087164,0.2,L%
20180811,H3_T_blank_C5,H3_T_blank,C5,NA,-1.274273757,-1.274273757,-0.855824105,0.134669029,0.134669029,0.038149826,0.2,L%
20180811,H3_T_blank_C6,H3_T_blank,C6,NA,-1.0028879,-1.0028879,-1.081470589,0.109210482,0.109210482,0.056021536,0.2,L% good - curved data
20180811,H2_B_blank_D1,H2_B_blank,D1,NA,-1.157571831,-1.050659797,-1.050659797,0.105789764,0.063788206,0.063788206,0.2,L%
20180811,H2_B_blank_D2,H2_B_blank,D2,NA,-0.956246724,-0.956246724,-0.963639112,0.097357219,0.097357219,0.044165966,0.2,L%
20180811,H2_B_blank_D3,H2_B_blank,D3,NA,-1.197624675,-1.097345534,-1.387545856,0.145424891,0.085607165,0.048459022,0.2,L%
20180811,H3_B_blank_D4,H3_B_blank,D4,NA,-1.112993488,-1.501665165,-1.213217716,0.108299793,0.117420594,0.053721957,0.2,L%
20180811,H3_B_blank_D5,H3_B_blank,D5,NA,-1.644126851,-1.644126851,-1.784199461,0.10945228,0.10945228,0.065260615,0.2,L%
20180811,H3_B_blank_D6,H3_B_blank,D6,NA,-1.516864321,-1.54499729,-1.53446706,0.252115077,0.113004577,0.106889298,0.2,L%
20180813,H0_T_A1,H0_T,A1,NA,-2.376255365,-2.376255365,-2.422220864,0.166398223,0.166398223,0.06340658,0.2,L%
20180813,H0_T_A2,H0_T,A2,NA,-2.405384615,-2.405384615,-1.86766081,0.162651533,0.162651533,0.065337534,0.2,L%
20180813,H0_T_A3,H0_T,A3,NA,-3.886647386,-3.886647386,-3.920028301,0.111889015,0.111889015,0.065661133,0.2,L%
20180813,H1_T_A4,H1_T,A4,NA,-3.183690545,-3.183690545,-3.125834073,0.085648528,0.085648528,0.033563573,0.2,L%
20180813,H1_T_A5,H1_T,A5,NA,-4.3584,-4.3584,-4.014541049,0.177797667,0.177797667,0.05531188,0.2,L%
20180813,H1_T_A6,H1_T,A6,NA,-2.433223052,-2.562475942,-2.5561316,0.106624276,0.049827973,0.058438709,0.2,L%
20180813,H0_B_B1,H0_B,B1,NA,-2.900276923,-2.883369963,-2.915900621,0.131615872,0.115262138,0.039831796,0.2,L%
20180813,H0_B_B2,H0_B,B2,NA,-2.645569231,-2.645569231,-2.48702782,0.156587163,0.156587163,0.088153505,0.2,L%
20180813,H0_B_B3,H0_B,B3,NA,-2.959081386,-2.959081386,-3.499354704,0.127693251,0.127693251,0.058858675,0.2,L%
20180813,H1_B_B4,H1_B,B4,NA,-4.443637567,-4.443637567,-4.714945416,0.135832094,0.135832094,0.070304801,0.2,L%
20180813,H1_B_B5,H1_B,B5,NA,-4.977033228,-4.977033228,-5.500499397,0.203603967,0.203603967,0.121255267,0.2,L%
20180813,H1_B_B6,H1_B,B6,NA,-3.761242227,-3.761242227,-3.434681417,0.20206799,0.20206799,0.118688025,0.2,Leq closest to peak density
20180813,H0_T_blank_C1,H0_T_blank,C1,NA,-0.811197425,-0.811197425,-0.763743845,0.113992272,0.113992272,0.052844706,0.2,L% good - curved data
20180813,H0_T_blank_C2,H0_T_blank,C2,NA,-1.258021648,-1.258021648,-0.873826693,0.134291446,0.134291446,0.036753812,0.2,L%
20180813,H0_T_blank_C3,H0_T_blank,C3,NA,-0.882409538,-0.882409538,-0.880312305,0.103524528,0.103524528,0.02548673,0.2,L% good - curved data
20180813,H1_T_blank_C4,H1_T_blank,C4,NA,-1.029477161,-1.029477161,-1.114244087,0.048588378,0.048588378,0.032485546,0.2,L%
20180813,H1_T_blank_C5,H1_T_blank,C5,NA,-0.799214288,-0.799214288,-0.740368974,0.058155532,0.058155532,0.022638204,0.2,L%
20180813,H1_T_blank_C6,H1_T_blank,C6,NA,-1.026757161,-0.735288889,-1.241984494,0.120510911,0.122316828,0.064453942,0.2,L%
20180813,H0_B_blank_D1,H0_B_blank,D1,NA,-1.106280941,-1.090822582,-1.035904001,0.10910466,0.097570929,0.067891605,0.2,L% good - curved data
20180813,H0_B_blank_D2,H0_B_blank,D2,NA,-1.090566303,-1.090566303,-0.970064793,0.131733473,0.131733473,0.074886114,0.2,L% good - curved data
20180813,H0_B_blank_D3,H0_B_blank,D3,NA,-0.913435897,-1.504728119,-1.327741114,0.122698106,0.117263992,0.043430796,0.2,L%
20180813,H1_B_blank_D4,H1_B_blank,D4,NA,-1.312654861,-1.312654861,-1.536277314,0.104039498,0.104039498,0.055279107,0.2,L%
20180813,H1_B_blank_D5,H1_B_blank,D5,NA,-1.290703944,-1.328011345,-1.086931499,0.166105167,0.152370895,0.055001117,0.2,"good - curved data, L% on smaller peak at end of trial"
20180813,H1_B_blank_D6,H1_B_blank,D6,NA,-1.929944585,-0.964286098,-0.929114414,0.149001451,0.086559549,0.045628076,0.2,L%
20180813,H2_T_A1,H2_T,A1,NA,-2.651043538,-2.651043538,-3.397539367,0.267697849,0.267697849,0.181125686,0.2,L%
20180813,H2_T_A2,H2_T,A2,NA,-6.078960133,-6.031763381,-3.463132687,0.223555581,0.219007122,0.213289819,0.4,L%
20180813,H2_T_A3,H2_T,A3,NA,-3.980714709,-3.980714709,-3.519769371,0.397476874,0.397476874,0.130976821,0.2,L%
20180813,H3_T_A4,H3_T,A4,NA,-5.796047431,-5.790573913,-3.178541506,0.165225075,0.15158103,0.092999783,0.2,L%
20180813,H3_T_A5,H3_T,A5,NA,-5.629790637,-5.629790637,-2.540949728,0.193352377,0.193352377,0.074095253,0.2,L%
20180813,H3_T_A6,H3_T,A6,NA,-6.583041584,-6.583041584,-7.180401674,0.386726853,0.386726853,0.286956859,0.4,L% very fast decline - drastic slow in rate after O@ dec. below 50 mg O2 L-1 (DISCARD measurement?)
20180813,H2_B_B1,H2_B,B1,NA,-2.081524666,-2.081524666,-2.123958951,0.080480354,0.080480354,0.059031706,0.2,L%
20180813,H2_B_B2,H2_B,B2,NA,-3.262679224,-3.262679224,-3.23869838,0.143457784,0.143457784,0.129766322,0.2,L%
20180813,H2_B_B3,H2_B,B3,NA,-2.550345135,-3.04671976,-2.588108334,0.195602301,0.19510092,0.050554124,0.2,L%
20180813,H3_B_B4,H3_B,B4,NA,-2.750503616,-2.750503616,-2.961185748,0.169295181,0.169295181,0.113323015,0.2,L%
20180813,H3_B_B5,H3_B,B5,NA,-2.664471818,-2.702653405,-3.389561516,0.119278672,0.11849699,0.042165341,0.2,L%
20180813,H3_B_B6,H3_B,B6,NA,-2.126540806,-2.126540806,-2.975430484,0.15914219,0.15914219,0.106030236,0.2,L%
20180813,H2_T_blank_C1,H2_T_blank,C1,NA,-1.381645676,-1.381645676,-1.365153757,0.105936353,0.105936353,0.055852753,0.2,L%
20180813,H2_T_blank_C2,H2_T_blank,C2,NA,-0.626335144,-0.626335144,-1.323763387,0.131837577,0.131837577,0.073080264,0.2,L%
20180813,H2_T_blank_C3,H2_T_blank,C3,NA,-0.813952569,-0.813952569,-0.759776994,0.145517244,0.145517244,0.037505727,0.2,L%
20180813,H3_T_blank_C4,H3_T_blank,C4,NA,-0.87741651,-0.885950338,-0.935784208,0.080377291,0.099926212,0.050847276,0.2,L%
20180813,H3_T_blank_C5,H3_T_blank,C5,NA,-1.428157265,-1.428157265,-1.180608054,0.13437993,0.13437993,0.060536995,0.2,Leq closest to peak density
20180813,H3_T_blank_C6,H3_T_blank,C6,NA,-1.262942766,-1.10323671,-1.10323671,0.138329682,0.075607309,0.075607309,0.2,L%
20180813,H2_B_blank_D1,H2_B_blank,D1,NA,-1.179251367,-1.179251367,-1.003036166,0.112615499,0.112615499,0.070596813,0.2,Leq closest to peak density
20180813,H2_B_blank_D2,H2_B_blank,D2,NA,-2.140173913,-2.140173913,-1.177440205,0.156796181,0.156796181,0.045561575,0.2,L%
20180813,H2_B_blank_D3,H2_B_blank,D3,NA,-1.298221344,-1.298221344,-1.092427521,0.141797007,0.141797007,0.051910003,0.2,Leq closest to peak density
20180813,H3_B_blank_D4,H3_B_blank,D4,NA,-1.096071191,-1.065966501,-1.069379326,0.121838341,0.052130642,0.050149091,0.2,Leq closest to peak density
20180813,H3_B_blank_D5,H3_B_blank,D5,NA,-1.648320186,-1.648320186,-1.487778812,0.145113768,0.145113768,0.060397013,0.2,L%
20180813,H3_B_blank_D6,H3_B_blank,D6,NA,-1.371695003,-1.371695003,-1.401497179,0.112242953,0.112242953,0.073573942,0.2,L%
