Sample.ID,Date,RUN,SDR_position,b1.Lpc,alpha,Notes,ID,tank,Day_Trial,Treat1_Treat2,number_indivs,mean_size,stdev_size
20180716_A1_1,20180716,1,A1,-2.883977591,0.2,10-20min,H0_T_A1,H0_T,2_1,Low,10,5.11,0.789080618
20180716_A2_1,20180716,1,A2,-2.751425516,0.2,10-20min,H0_T_A2,H0_T,2_1,Low,10,4.8881,0.48520155
20180716_A3_1,20180716,1,A3,-2.434488989,0.2,10-20min,H0_T_A3,H0_T,2_1,Low,10,5.0461,0.646158985
20180716_A4_1,20180716,1,A4,-4.214,0.2,10-20min,H1_T_A4,H1_T,2_1,Ambient,10,5.4484,0.513445918
20180716_A5_1,20180716,1,A5,-2.494945055,0.2,10-20min,H1_T_A5,H1_T,2_1,Ambient,10,4.6701,0.484538601
20180716_A6_1,20180716,1,A6,-3.735375494,0.2,10-20min,H1_T_A6,H1_T,2_1,Ambient,10,4.7848,0.41064659
20180716_B1_1,20180716,1,B1,-2.149015385,0.2,10-20min,H0_B_B1,H0_B,2_1,Low,10,4.854,0.786722314
20180716_B2_1,20180716,1,B2,-2.951960784,0.2,10-20min,H0_B_B2,H0_B,2_1,Low,10,4.6552,0.612257716
20180716_B3_1,20180716,1,B3,-3.153241379,0.2,10-20min,H0_B_B3,H0_B,2_1,Low,10,4.8361,0.731635831
20180716_B4_1,20180716,1,B4,-2.941391304,0.2,10-20min,H1_B_B4,H1_B,2_1,Ambient,10,5.2358,0.62373406
20180716_B5_1,20180716,1,B5,-2.294061538,0.2,10-20min,H1_B_B5,H1_B,2_1,Ambient,10,4.8474,0.626882622
20180716_B6_1,20180716,1,B6,-4.148791209,0.2,10-20min,H1_B_B6,H1_B,2_1,Ambient,10,4.8124,0.642795319
20180716_C1_1,20180716,1,C1,-1.47496225,0.2,10-20min,H0_T_blank_C1,H0_T_blank,2_1,Low,10,NA,NA
20180716_C2_1,20180716,1,C2,-1.184347826,0.2,10-20min,H0_T_blank_C2,H0_T_blank,2_1,Low,10,NA,NA
20180716_C3_1,20180716,1,C3,-0.62991453,0.2,10-20min,H0_T_blank_C3,H0_T_blank,2_1,Low,10,NA,NA
20180716_C4_1,20180716,1,C4,-0.784144551,0.2,10-20min,H1_T_blank_C4,H1_T_blank,2_1,Ambient,10,NA,NA
20180716_C5_1,20180716,1,C5,-0.924938121,0.2,10-20min,H1_T_blank_C5,H1_T_blank,2_1,Ambient,10,NA,NA
20180716_C6_1,20180716,1,C6,-1.638035008,0.2,10-20min,H1_T_blank_C6,H1_T_blank,2_1,Ambient,10,NA,NA
20180716_D1_1,20180716,1,D1,-1.279714286,0.2,10-20min,H0_B_blank_D1,H0_B_blank,2_1,Low,10,NA,NA
20180716_D2_1,20180716,1,D2,-1.508281074,0.2,10-20min,H0_B_blank_D2,H0_B_blank,2_1,Low,10,NA,NA
20180716_D3_1,20180716,1,D3,-1.348121739,0.2,10-20min,H0_B_blank_D3,H0_B_blank,2_1,Low,10,NA,NA
20180716_D4_1,20180716,1,D4,-1.108916345,0.2,10-20min,H1_B_blank_D4,H1_B_blank,2_1,Ambient,10,NA,NA
20180716_D5_1,20180716,1,D5,-1.939980296,0.2,10-20min,H1_B_blank_D5,H1_B_blank,2_1,Ambient,10,NA,NA
20180716_D6_1,20180716,1,D6,-1.560124633,0.2,10-20min,H1_B_blank_D6,H1_B_blank,2_1,Ambient,10,NA,NA
20180716_A1_2,20180716,2,A1,-2.102676692,0.2,10-20min,H2_T_A1,H2_T,2_1,Ambient,10,5.3568,0.578412348
20180716_A2_2,20180716,2,A2,-2.738207283,0.2,10-20min,H2_T_A2,H2_T,2_1,Ambient,10,5.0663,0.632012843
20180716_A3_2,20180716,2,A3,-2.284434783,0.2,10-20min,H2_T_A3,H2_T,2_1,Ambient,10,5.0571,0.632988406
20180716_A4_2,20180716,2,A4,-3.209930502,0.2,10-20min,H3_T_A4,H3_T,2_1,Low,10,5.141,1.102219276
20180716_A5_2,20180716,2,A5,-4.991892552,0.2,10-20min,H3_T_A5,H3_T,2_1,Low,10,5.1263,0.599313135
20180716_A6_2,20180716,2,A6,-3.588236453,0.2,10-20min,H3_T_A6,H3_T,2_1,Low,10,5.555,0.805278282
20180716_B1_2,20180716,2,B1,-3.990112821,0.2,10-20min,H2_B_B1,H2_B,2_1,Ambient,10,5.2332,0.633533617
20180716_B2_2,20180716,2,B2,-3.684984615,0.2,10-20min,H2_B_B2,H2_B,2_1,Ambient,10,5.1857,0.707673347
20180716_B3_2,20180716,2,B3,-2.105431959,0.2,10-20min,H2_B_B3,H2_B,2_1,Ambient,10,5.0895,0.666986798
20180716_B4_2,20180716,2,B4,-2.440700602,0.2,10-20min,H3_B_B4,H3_B,2_1,Low,10,5.2077,0.357929555
20180716_B5_2,20180716,2,B5,-2.512041598,0.2,10-20min,H3_B_B5,H3_B,2_1,Low,10,5.4425,0.692098781
20180716_B6_2,20180716,2,B6,-1.986886957,0.2,10-20min,H3_B_B6,H3_B,2_1,Low,10,5.0739,0.559193755
20180716_C1_2,20180716,2,C1,-1.263538462,0.2,10-20min,H2_T_blank_C1,H2_T_blank,2_1,Ambient,10,NA,NA
20180716_C2_2,20180716,2,C2,-1.560854839,0.2,10-20min,H2_T_blank_C2,H2_T_blank,2_1,Ambient,10,NA,NA
20180716_C3_2,20180716,2,C3,-1.768351648,0.2,10-20min,H2_T_blank_C3,H2_T_blank,2_1,Ambient,10,NA,NA
20180716_C4_2,20180716,2,C4,-1.38634683,0.2,10-20min,H3_T_blank_C4,H3_T_blank,2_1,Low,10,NA,NA
20180716_C5_2,20180716,2,C5,-1.766001528,0.2,10-20min,H3_T_blank_C5,H3_T_blank,2_1,Low,10,NA,NA
20180716_C6_2,20180716,2,C6,-1.917437152,0.2,10-20min,H3_T_blank_C6,H3_T_blank,2_1,Low,10,NA,NA
20180716_D1_2,20180716,2,D1,-1.518386555,0.2,10-20min,H2_B_blank_D1,H2_B_blank,2_1,Ambient,10,NA,NA
20180716_D2_2,20180716,2,D2,-1.300901451,0.2,10-20min,H2_B_blank_D2,H2_B_blank,2_1,Ambient,10,NA,NA
20180716_D3_2,20180716,2,D3,-1.530829641,0.2,10-20min,H2_B_blank_D3,H2_B_blank,2_1,Ambient,10,NA,NA
20180716_D4_2,20180716,2,D4,-1.625797553,0.2,10-20min,H3_B_blank_D4,H3_B_blank,2_1,Low,10,NA,NA
20180716_D5_2,20180716,2,D5,-1.638648084,0.2,10-20min,H3_B_blank_D5,H3_B_blank,2_1,Low,10,NA,NA
20180716_D6_2,20180716,2,D6,-1.815817923,0.2,10-20min,H3_B_blank_D6,H3_B_blank,2_1,Low,10,NA,NA
20180719_A1_1,20180719,1,A1,-2.643189239,0.2,10-20min,H0_T_A1,H0_T,5_1,Low,10,5.2944,0.311382295
20180719_A2_1,20180719,1,A2,-1.290062289,0.2,10-20min,H0_T_A2,H0_T,5_1,Low,10,5.1528,0.550306339
20180719_A3_1,20180719,1,A3,-1.986347106,0.2,10-20min,H0_T_A3,H0_T,5_1,Low,10,4.7914,0.455908909
20180719_A4_1,20180719,1,A4,-1.616054278,0.2,10-20min,H1_T_A4,H1_T,5_1,Ambient,10,5.0174,0.801409481
20180719_A5_1,20180719,1,A5,-3.382564668,0.2,10-20min,H1_T_A5,H1_T,5_1,Ambient,10,5.0243,0.601912332
20180719_A6_1,20180719,1,A6,-3.620121821,0.2,10-20min,H1_T_A6,H1_T,5_1,Ambient,10,5.252,0.522592044
20180719_B1_1,20180719,1,B1,-1.696101589,0.2,10-20min,H0_B_B1,H0_B,5_1,Low,10,4.8237,0.754307048
20180719_B2_1,20180719,1,B2,-0.044321708,0.2,10-20min,H0_B_B2,H0_B,5_1,Low,10,4.9948,0.671066614
20180719_B3_1,20180719,1,B3,-3.138075519,0.2,10-20min,H0_B_B3,H0_B,5_1,Low,10,4.7994,0.690766595
20180719_B4_1,20180719,1,B4,-2.615296148,0.2,10-20min,H1_B_B4,H1_B,5_1,Ambient,10,5.0138,0.591599677
20180719_B5_1,20180719,1,B5,-2.376858551,0.2,10-20min,H1_B_B5,H1_B,5_1,Ambient,10,5.1337,0.628958584
20180719_B6_1,20180719,1,B6,-1.45489954,0.2,10-20min,H1_B_B6,H1_B,5_1,Ambient,10,4.9275,0.628126005
20180719_C1_1,20180719,1,C1,-1.204785031,0.2,10-20min,H0_T_blank_C1,H0_T_blank,5_1,Low,10,NA,NA
20180719_C2_1,20180719,1,C2,-0.934227914,0.2,10-20min,H0_T_blank_C2,H0_T_blank,5_1,Low,10,NA,NA
20180719_C3_1,20180719,1,C3,-1.077499078,0.2,10-20min,H0_T_blank_C3,H0_T_blank,5_1,Low,10,NA,NA
20180719_C4_1,20180719,1,C4,-1.092357862,0.2,10-20min,H1_T_blank_C4,H1_T_blank,5_1,Ambient,10,NA,NA
20180719_C5_1,20180719,1,C5,-0.915930694,0.2,10-20min,H1_T_blank_C5,H1_T_blank,5_1,Ambient,10,NA,NA
20180719_C6_1,20180719,1,C6,-1.734863708,0.2,10-20min,H1_T_blank_C6,H1_T_blank,5_1,Ambient,10,NA,NA
20180719_D1_1,20180719,1,D1,-1.910139898,0.2,10-20min,H0_B_blank_D1,H0_B_blank,5_1,Low,10,NA,NA
20180719_D2_1,20180719,1,D2,-1.497034286,0.2,10-20min,H0_B_blank_D2,H0_B_blank,5_1,Low,10,NA,NA
20180719_D3_1,20180719,1,D3,-1.168719705,0.2,10-20min,H0_B_blank_D3,H0_B_blank,5_1,Low,10,NA,NA
20180719_D4_1,20180719,1,D4,-1.319664005,0.2,10-20min,H1_B_blank_D4,H1_B_blank,5_1,Ambient,10,NA,NA
20180719_D5_1,20180719,1,D5,-1.346091,0.2,10-20min,H1_B_blank_D5,H1_B_blank,5_1,Ambient,10,NA,NA
20180719_D6_1,20180719,1,D6,-1.327367675,0.2,10-20min,H1_B_blank_D6,H1_B_blank,5_1,Ambient,10,NA,NA
20180719_A1_2,20180719,2,A1,-2.936051174,0.2,10-20min,H2_T_A1,H2_T,5_1,Ambient,10,5.2024,0.416551237
20180719_A2_2,20180719,2,A2,-3.239723452,0.2,10-20min,H2_T_A2,H2_T,5_1,Ambient,10,4.743,0.679129017
20180719_A3_2,20180719,2,A3,-3.34535879,0.2,10-20min,H2_T_A3,H2_T,5_1,Ambient,10,4.7867,0.646806351
20180719_A4_2,20180719,2,A4,-1.229564679,0.2,10-20min,H3_T_A4,H3_T,5_1,Low,10,5.393777778,0.413674322
20180719_A5_2,20180719,2,A5,0.639119379,0.2,10-20min,H3_T_A5,H3_T,5_1,Low,10,5.3153,0.425094512
20180719_A6_2,20180719,2,A6,-2.691482777,0.2,10-20min,H3_T_A6,H3_T,5_1,Low,10,5.3695,0.808668625
20180719_B1_2,20180719,2,B1,-1.647058647,0.2,10-20min,H2_B_B1,H2_B,5_1,Ambient,10,5.4275,0.511151261
20180719_B2_2,20180719,2,B2,-1.707670792,0.2,10-20min,H2_B_B2,H2_B,5_1,Ambient,10,5.4277,0.490656035
20180719_B3_2,20180719,2,B3,-3.929586087,0.2,10-20min,H2_B_B3,H2_B,5_1,Ambient,10,5.3319,0.706232013
20180719_B4_2,20180719,2,B4,-0.970177544,0.2,10-20min,H3_B_B4,H3_B,5_1,Low,10,5.2947,0.781314
20180719_B5_2,20180719,2,B5,-3.806817933,0.2,10-20min,H3_B_B5,H3_B,5_1,Low,10,5.2493,0.56634227
20180719_B6_2,20180719,2,B6,-5.195875855,0.2,10-20min,H3_B_B6,H3_B,5_1,Low,10,5.1947,0.364524668
20180719_C1_2,20180719,2,C1,-0.981439757,0.2,10-20min,H2_T_blank_C1,H2_T_blank,5_1,Ambient,10,NA,NA
20180719_C2_2,20180719,2,C2,-1.071968836,0.2,10-20min,H2_T_blank_C2,H2_T_blank,5_1,Ambient,10,NA,NA
20180719_C3_2,20180719,2,C3,-1.096918469,0.2,10-20min,H2_T_blank_C3,H2_T_blank,5_1,Ambient,10,NA,NA
20180719_C4_2,20180719,2,C4,-1.393369103,0.2,10-20min,H3_T_blank_C4,H3_T_blank,5_1,Low,10,NA,NA
20180719_C5_2,20180719,2,C5,-0.939995256,0.2,10-20min,H3_T_blank_C5,H3_T_blank,5_1,Low,10,NA,NA
20180719_C6_2,20180719,2,C6,-1.104505779,0.2,10-20min,H3_T_blank_C6,H3_T_blank,5_1,Low,10,NA,NA
20180719_D1_2,20180719,2,D1,-1.624284478,0.2,10-20min,H2_B_blank_D1,H2_B_blank,5_1,Ambient,10,NA,NA
20180719_D2_2,20180719,2,D2,-1.138647112,0.2,10-20min,H2_B_blank_D2,H2_B_blank,5_1,Ambient,10,NA,NA
20180719_D3_2,20180719,2,D3,-1.111642355,0.2,10-20min,H2_B_blank_D3,H2_B_blank,5_1,Ambient,10,NA,NA
20180719_D4_2,20180719,2,D4,-0.955188573,0.2,10-20min,H3_B_blank_D4,H3_B_blank,5_1,Low,10,NA,NA
20180719_D5_2,20180719,2,D5,-1.049132438,0.2,10-20min,H3_B_blank_D5,H3_B_blank,5_1,Low,10,NA,NA
20180719_D6_2,20180719,2,D6,-1.234158317,0.2,10-20min,H3_B_blank_D6,H3_B_blank,5_1,Low,10,NA,NA
20180722_A1_1,20180722,1,A1,0.384552391,0.2,10-20min,H0_T_A1,H0_T,8_1,Low,10,5.0561,0.483446527
20180722_A2_1,20180722,1,A2,-3.335798087,0.2,10-20min,H0_T_A2,H0_T,8_1,Low,10,5.1746,0.535843302
20180722_A3_1,20180722,1,A3,-2.226970372,0.2,10-20min,H0_T_A3,H0_T,8_1,Low,10,4.9261,0.584950226
20180722_A4_1,20180722,1,A4,-1.917135272,0.2,10-20min,H1_T_A4,H1_T,8_1,Ambient,10,5.0501,0.825386166
20180722_A5_1,20180722,1,A5,-3.777635483,0.2,10-20min,H1_T_A5,H1_T,8_1,Ambient,10,4.9454,0.938102008
20180722_A6_1,20180722,1,A6,-3.162332902,0.2,10-20min,H1_T_A6,H1_T,8_1,Ambient,10,5.0295,0.591765579
20180722_B1_1,20180722,1,B1,-4.638353227,0.2,10-20min,H0_B_B1,H0_B,8_1,Low,10,4.984,0.518925599
20180722_B2_1,20180722,1,B2,-2.902391738,0.2,10-20min,H0_B_B2,H0_B,8_1,Low,10,4.7746,0.631559833
20180722_B3_1,20180722,1,B3,-2.312457085,0.2,10-20min,H0_B_B3,H0_B,8_1,Low,9,5.037,0.741221627
20180722_B4_1,20180722,1,B4,-6.094607196,0.2,10-20min,H1_B_B4,H1_B,8_1,Ambient,9,4.749222222,0.743046899
20180722_B5_1,20180722,1,B5,-6.056578111,0.2,10-20min,H1_B_B5,H1_B,8_1,Ambient,10,5.2632,0.693766659
20180722_B6_1,20180722,1,B6,-3.412625235,0.2,10-20min,H1_B_B6,H1_B,8_1,Ambient,10,5.1463,0.325766464
20180722_C1_1,20180722,1,C1,-1.995690279,0.2,10-20min,H0_T_blank_C1,H0_T_blank,8_1,Low,10,NA,NA
20180722_C2_1,20180722,1,C2,-1.309699343,0.2,10-20min,H0_T_blank_C2,H0_T_blank,8_1,Low,10,NA,NA
20180722_C3_1,20180722,1,C3,-1.623698317,0.2,10-20min,H0_T_blank_C3,H0_T_blank,8_1,Low,10,NA,NA
20180722_C4_1,20180722,1,C4,-1.354601638,0.2,10-20min,H1_T_blank_C4,H1_T_blank,8_1,Ambient,10,NA,NA
20180722_C5_1,20180722,1,C5,-1.691289686,0.2,10-20min,H1_T_blank_C5,H1_T_blank,8_1,Ambient,10,NA,NA
20180722_C6_1,20180722,1,C6,-1.796558873,0.2,10-20min,H1_T_blank_C6,H1_T_blank,8_1,Ambient,10,NA,NA
20180722_D1_1,20180722,1,D1,-2.532673087,0.2,10-20min,H0_B_blank_D1,H0_B_blank,8_1,Low,10,NA,NA
20180722_D2_1,20180722,1,D2,-2.187980019,0.2,10-20min,H0_B_blank_D2,H0_B_blank,8_1,Low,10,NA,NA
20180722_D3_1,20180722,1,D3,-1.617573667,0.2,10-20min,H0_B_blank_D3,H0_B_blank,8_1,Low,10,NA,NA
20180722_D4_1,20180722,1,D4,-1.221636873,0.2,10-20min,H1_B_blank_D4,H1_B_blank,8_1,Ambient,10,NA,NA
20180722_D5_1,20180722,1,D5,-1.582648641,0.2,10-20min,H1_B_blank_D5,H1_B_blank,8_1,Ambient,10,NA,NA
20180722_D6_1,20180722,1,D6,-1.90667276,0.2,10-20min,H1_B_blank_D6,H1_B_blank,8_1,Ambient,10,NA,NA
20180722_A1_2,20180722,2,A1,-2.674203187,0.2,10-20min,H2_T_A1,H2_T,8_1,Ambient,10,5.115,0.87093092
20180722_A2_2,20180722,2,A2,-2.730407509,0.2,10-20min,H2_T_A2,H2_T,8_1,Ambient,10,5.1385,0.607942477
20180722_A3_2,20180722,2,A3,-2.875999438,0.2,10-20min,H2_T_A3,H2_T,8_1,Ambient,10,5.222,0.499779285
20180722_A4_2,20180722,2,A4,-4.820337769,0.2,10-20min,H3_T_A4,H3_T,8_1,Low,10,5.5784,0.385286387
20180722_A5_2,20180722,2,A5,-3.358642091,0.2,10-20min,H3_T_A5,H3_T,8_1,Low,10,5.5212,0.677497815
20180722_A6_2,20180722,2,A6,-2.145939394,0.2,10-20min,H3_T_A6,H3_T,8_1,Low,10,5.1907,1.038685178
20180722_B1_2,20180722,2,B1,-3.548651117,0.2,10-20min,H2_B_B1,H2_B,8_1,Ambient,10,5.2781,0.691656699
20180722_B2_2,20180722,2,B2,-2.60051283,0.2,10-20min,H2_B_B2,H2_B,8_1,Ambient,10,5.291,0.771178319
20180722_B3_2,20180722,2,B3,-1.479479721,0.2,10-20min,H2_B_B3,H2_B,8_1,Ambient,10,5.4839,0.552442546
20180722_B4_2,20180722,2,B4,-2.515949338,0.2,10-20min,H3_B_B4,H3_B,8_1,Low,10,5.0719,0.747445197
20180722_B5_2,20180722,2,B5,-3.409367166,0.2,10-20min,H3_B_B5,H3_B,8_1,Low,10,5.3219,0.264098235
20180722_B6_2,20180722,2,B6,-3.084206089,0.2,10-20min,H3_B_B6,H3_B,8_1,Low,10,5.1732,0.505236534
20180722_C1_2,20180722,2,C1,-1.481651088,0.2,10-20min,H2_T_blank_C1,H2_T_blank,8_1,Ambient,10,NA,NA
20180722_C2_2,20180722,2,C2,-1.348990284,0.2,10-20min,H2_T_blank_C2,H2_T_blank,8_1,Ambient,10,NA,NA
20180722_C3_2,20180722,2,C3,-1.151073713,0.2,10-20min,H2_T_blank_C3,H2_T_blank,8_1,Ambient,10,NA,NA
20180722_C4_2,20180722,2,C4,-0.988633688,0.2,10-20min,H3_T_blank_C4,H3_T_blank,8_1,Low,10,NA,NA
20180722_C5_2,20180722,2,C5,-1.671716761,0.2,10-20min,H3_T_blank_C5,H3_T_blank,8_1,Low,10,NA,NA
20180722_C6_2,20180722,2,C6,-1.476503928,0.2,10-20min,H3_T_blank_C6,H3_T_blank,8_1,Low,10,NA,NA
20180722_D1_2,20180722,2,D1,-1.449541599,0.2,10-20min,H2_B_blank_D1,H2_B_blank,8_1,Ambient,10,NA,NA
20180722_D2_2,20180722,2,D2,-1.587363335,0.2,10-20min,H2_B_blank_D2,H2_B_blank,8_1,Ambient,10,NA,NA
20180722_D3_2,20180722,2,D3,-1.699200458,0.2,10-20min,H2_B_blank_D3,H2_B_blank,8_1,Ambient,10,NA,NA
20180722_D4_2,20180722,2,D4,-1.494690425,0.2,10-20min,H3_B_blank_D4,H3_B_blank,8_1,Low,10,NA,NA
20180722_D5_2,20180722,2,D5,-2.126643795,0.2,10-20min,H3_B_blank_D5,H3_B_blank,8_1,Low,10,NA,NA
20180722_D6_2,20180722,2,D6,-1.530203819,0.2,10-20min,H3_B_blank_D6,H3_B_blank,8_1,Low,10,NA,NA
20180724_A1_1,20180724,1,A1,-2.725592553,0.2,10-20min,H0_T_A1,H0_T,10_1,Low,10,5.1096,0.62127954
20180724_A2_1,20180724,1,A2,-2.664650161,0.2,10-20min,H0_T_A2,H0_T,10_1,Low,10,5.4318,0.3243903
20180724_A3_1,20180724,1,A3,-3.158131848,0.2,10-20min,H0_T_A3,H0_T,10_1,Low,10,5.0449,0.659767206
20180724_A4_1,20180724,1,A4,-2.793054945,0.2,10-20min,H1_T_A4,H1_T,10_1,Ambient,10,5.021,0.864072271
20180724_A5_1,20180724,1,A5,-2.779958295,0.2,10-20min,H1_T_A5,H1_T,10_1,Ambient,10,5.4303,0.627244246
20180724_A6_1,20180724,1,A6,-3.064039932,0.2,10-20min,H1_T_A6,H1_T,10_1,Ambient,10,5.6119,0.625410345
20180724_B1_1,20180724,1,B1,-2.668729008,0.2,10-20min,H0_B_B1,H0_B,10_1,Low,10,4.9996,0.750422873
20180724_B2_1,20180724,1,B2,-2.804210526,0.2,10-20min,H0_B_B2,H0_B,10_1,Low,10,4.9965,0.733739471
20180724_B3_1,20180724,1,B3,-2.20542896,0.2,10-20min,H0_B_B3,H0_B,10_1,Low,10,5.3896,0.655714403
20180724_B4_1,20180724,1,B4,-2.85916585,0.2,10-20min,H1_B_B4,H1_B,10_1,Ambient,10,5.1491,0.715998363
20180724_B5_1,20180724,1,B5,-4.149587119,0.2,10-20min,H1_B_B5,H1_B,10_1,Ambient,10,5.2891,0.866118089
20180724_B6_1,20180724,1,B6,-2.798622169,0.2,10-20min,H1_B_B6,H1_B,10_1,Ambient,10,5.4167,0.82375469
20180724_C1_1,20180724,1,C1,-1.236636173,0.2,10-20min,H0_T_blank_C1,H0_T_blank,10_1,Low,10,NA,NA
20180724_C2_1,20180724,1,C2,-1.171368421,0.2,10-20min,H0_T_blank_C2,H0_T_blank,10_1,Low,10,NA,NA
20180724_C3_1,20180724,1,C3,-0.578987528,0.2,10-20min,H0_T_blank_C3,H0_T_blank,10_1,Low,10,NA,NA
20180724_C4_1,20180724,1,C4,-0.818955624,0.2,10-20min,H1_T_blank_C4,H1_T_blank,10_1,Ambient,10,NA,NA
20180724_C5_1,20180724,1,C5,-1.093525374,0.2,10-20min,H1_T_blank_C5,H1_T_blank,10_1,Ambient,10,NA,NA
20180724_C6_1,20180724,1,C6,-1.123582609,0.2,10-20min,H1_T_blank_C6,H1_T_blank,10_1,Ambient,10,NA,NA
20180724_D1_1,20180724,1,D1,-1.030805667,0.2,10-20min,H0_B_blank_D1,H0_B_blank,10_1,Low,10,NA,NA
20180724_D2_1,20180724,1,D2,-1.075784615,0.2,10-20min,H0_B_blank_D2,H0_B_blank,10_1,Low,10,NA,NA
20180724_D3_1,20180724,1,D3,-1.243394343,0.2,10-20min,H0_B_blank_D3,H0_B_blank,10_1,Low,10,NA,NA
20180724_D4_1,20180724,1,D4,-1.439936822,0.2,10-20min,H1_B_blank_D4,H1_B_blank,10_1,Ambient,10,NA,NA
20180724_D5_1,20180724,1,D5,-0.81879114,0.2,10-20min,H1_B_blank_D5,H1_B_blank,10_1,Ambient,10,NA,NA
20180724_D6_1,20180724,1,D6,-1.027233624,0.2,10-20min,H1_B_blank_D6,H1_B_blank,10_1,Ambient,10,NA,NA
20180724_A1_2,20180724,2,A1,-3.49953602,0.2,10-20min,H2_T_A1,H2_T,10_1,Ambient,10,5.341,0.55198591
20180724_A2_2,20180724,2,A2,-3.539636364,0.2,10-20min,H2_T_A2,H2_T,10_1,Ambient,10,4.8744,0.343943535
20180724_A3_2,20180724,2,A3,-3.769802372,0.2,10-20min,H2_T_A3,H2_T,10_1,Ambient,10,5.2041,0.692565994
20180724_A4_2,20180724,2,A4,-2.552490119,0.2,10-20min,H3_T_A4,H3_T,10_1,Low,10,5.4338,0.779450063
20180724_A5_2,20180724,2,A5,-2.119585763,0.2,10-20min,H3_T_A5,H3_T,10_1,Low,10,5.4296,0.495054475
20180724_A6_2,20180724,2,A6,-2.981409552,0.2,10-20min,H3_T_A6,H3_T,10_1,Low,10,5.0938,0.671471982
20180724_B1_2,20180724,2,B1,-3.596278102,0.2,10-20min,H2_B_B1,H2_B,10_1,Ambient,10,5.4986,0.333044942
20180724_B2_2,20180724,2,B2,-1.740599971,0.2,10-20min,H2_B_B2,H2_B,10_1,Ambient,10,5.2981,0.698756427
20180724_B3_2,20180724,2,B3,-2.467160579,0.2,10-20min,H2_B_B3,H2_B,10_1,Ambient,10,5.1683,0.660851984
20180724_B4_2,20180724,2,B4,-2.08822132,0.2,10-20min,H3_B_B4,H3_B,10_1,Low,10,5.3038,0.264363723
20180724_B5_2,20180724,2,B5,-4.143511807,0.2,10-20min,H3_B_B5,H3_B,10_1,Low,10,5.3658,0.587868806
20180724_B6_2,20180724,2,B6,-3.491476479,0.2,10-20min,H3_B_B6,H3_B,10_1,Low,10,5.194,0.612460248
20180724_C1_2,20180724,2,C1,-1.703873518,0.2,10-20min,H2_T_blank_C1,H2_T_blank,10_1,Ambient,10,NA,NA
20180724_C2_2,20180724,2,C2,-1.149430577,0.2,10-20min,H2_T_blank_C2,H2_T_blank,10_1,Ambient,10,NA,NA
20180724_C3_2,20180724,2,C3,-1.091022616,0.2,10-20min,H2_T_blank_C3,H2_T_blank,10_1,Ambient,10,NA,NA
20180724_C4_2,20180724,2,C4,-1.253606229,0.2,10-20min,H3_T_blank_C4,H3_T_blank,10_1,Low,10,NA,NA
20180724_C5_2,20180724,2,C5,-1.458308455,0.2,10-20min,H3_T_blank_C5,H3_T_blank,10_1,Low,10,NA,NA
20180724_C6_2,20180724,2,C6,-1.478518995,0.2,10-20min,H3_T_blank_C6,H3_T_blank,10_1,Low,10,NA,NA
20180724_D1_2,20180724,2,D1,-1.660207792,0.2,10-20min,H2_B_blank_D1,H2_B_blank,10_1,Ambient,10,NA,NA
20180724_D2_2,20180724,2,D2,-1.683013561,0.2,10-20min,H2_B_blank_D2,H2_B_blank,10_1,Ambient,10,NA,NA
20180724_D3_2,20180724,2,D3,-0.849815385,0.2,10-20min,H2_B_blank_D3,H2_B_blank,10_1,Ambient,10,NA,NA
20180724_D4_2,20180724,2,D4,-1.580486895,0.2,10-20min,H3_B_blank_D4,H3_B_blank,10_1,Low,10,NA,NA
20180724_D5_2,20180724,2,D5,-2.040316902,0.2,10-20min,H3_B_blank_D5,H3_B_blank,10_1,Low,10,NA,NA
20180724_D6_2,20180724,2,D6,-1.606435235,0.2,10-20min,H3_B_blank_D6,H3_B_blank,10_1,Low,10,NA,NA
20180807_A1_1,20180807,1,A1,-2.140542897,0.2,10-20min,H0_T_A1,H0_T,0_2,Low_Ambient,10,4.9323,0.58371874
20180807_A2_1,20180807,1,A2,-2.084771668,0.2,10-20min,H0_T_A2,H0_T,0_2,Low_Ambient,10,5.1593,0.83764751
20180807_A3_1,20180807,1,A3,-2.808008421,0.2,10-20min,H0_T_A3,H0_T,0_2,Low_Ambient,10,5.4338,0.7593693
20180807_A4_1,20180807,1,A4,-1.785946177,0.2,10-20min,H1_T_A4,H1_T,0_2,Ambient_Low,10,5.7079,0.56135124
20180807_A5_1,20180807,1,A5,-2.285214398,0.2,10-20min,H1_T_A5,H1_T,0_2,Ambient_Low,10,5.7379,1.13133662
20180807_A6_1,20180807,1,A6,-4.277280121,0.2,10-20min,H1_T_A6,H1_T,0_2,Ambient_Low,10,5.8775,1.15802507
20180807_B1_1,20180807,1,B1,-1.792349246,0.2,10-20min,H0_B_B1,H0_B,0_2,Low_Low,10,5.45011111,0.71844214
20180807_B2_1,20180807,1,B2,-2.491594819,0.2,10-20min,H0_B_B2,H0_B,0_2,Low_Low,10,5.2923,0.56710357
20180807_B3_1,20180807,1,B3,-3.196947176,0.2,10-20min,H0_B_B3,H0_B,0_2,Low_Low,10,5.5804,0.87316642
20180807_B4_1,20180807,1,B4,-4.77697674,0.2,10-20min,H1_B_B4,H1_B,0_2,Ambient_Ambient,10,5.8329,0.96890619
20180807_B5_1,20180807,1,B5,-4.437364739,0.2,10-20min,H1_B_B5,H1_B,0_2,Ambient_Ambient,10,5.8637,0.8930787
20180807_B6_1,20180807,1,B6,-6.629388654,0.2,10-20min,H1_B_B6,H1_B,0_2,Ambient_Ambient,10,6.2644,0.99160758
20180807_C1_1,20180807,1,C1,-1.527909701,0.2,10-20min,H0_T_blank_C1,H0_T_blank,0_2,Low_Ambient,10,NA,NA
20180807_C2_1,20180807,1,C2,-1.02294606,0.2,10-20min,H0_T_blank_C2,H0_T_blank,0_2,Low_Ambient,10,NA,NA
20180807_C3_1,20180807,1,C3,-1.1830737,0.2,10-20min,H0_T_blank_C3,H0_T_blank,0_2,Low_Ambient,10,NA,NA
20180807_C4_1,20180807,1,C4,-1.545113106,0.2,10-20min,H1_T_blank_C4,H1_T_blank,0_2,Ambient_Low,10,NA,NA
20180807_C5_1,20180807,1,C5,-1.166990043,0.2,10-20min,H1_T_blank_C5,H1_T_blank,0_2,Ambient_Low,10,NA,NA
20180807_C6_1,20180807,1,C6,-1.529032359,0.2,10-20min,H1_T_blank_C6,H1_T_blank,0_2,Ambient_Low,10,NA,NA
20180807_D1_1,20180807,1,D1,-1.755027354,0.2,10-20min,H0_B_blank_D1,H0_B_blank,0_2,Low_Low,10,NA,NA
20180807_D2_1,20180807,1,D2,-1.827006988,0.2,10-20min,H0_B_blank_D2,H0_B_blank,0_2,Low_Low,10,NA,NA
20180807_D3_1,20180807,1,D3,-1.725294316,0.2,10-20min,H0_B_blank_D3,H0_B_blank,0_2,Low_Low,10,NA,NA
20180807_D4_1,20180807,1,D4,-1.710225579,0.2,10-20min,H1_B_blank_D4,H1_B_blank,0_2,Ambient_Ambient,10,NA,NA
20180807_D5_1,20180807,1,D5,-1.723355895,0.2,10-20min,H1_B_blank_D5,H1_B_blank,0_2,Ambient_Ambient,10,NA,NA
20180807_D6_1,20180807,1,D6,-1.306927485,0.2,10-20min,H1_B_blank_D6,H1_B_blank,0_2,Ambient_Ambient,10,NA,NA
20180807_A1_2,20180807,2,A1,-2.982523077,0.2,10-20min,H2_T_A1,H2_T,0_2,Ambient_Low,10,5.378,0.60103966
20180807_A2_2,20180807,2,A2,-3.685762463,0.2,10-20min,H2_T_A2,H2_T,0_2,Ambient_Low,10,5.4413,0.77524463
20180807_A3_2,20180807,2,A3,-2.92161039,0.2,10-20min,H2_T_A3,H2_T,0_2,Ambient_Low,10,5.3999,0.82067607
20180807_A4_2,20180807,2,A4,-1.737895652,0.2,10-20min,H3_T_A4,H3_T,0_2,Low_Ambient,10,5.9619,0.8889625
20180807_A5_2,20180807,2,A5,-3.333415385,0.2,10-20min,H3_T_A5,H3_T,0_2,Low_Ambient,10,6.0487,0.6625607
20180807_A6_2,20180807,2,A6,-3.320980392,0.2,10-20min,H3_T_A6,H3_T,0_2,Low_Ambient,10,6.0643,0.73084092
20180807_B1_2,20180807,2,B1,-2.393043478,0.2,10-20min,H2_B_B1,H2_B,0_2,Ambient_Ambient,10,5.7493,0.70055534
20180807_B2_2,20180807,2,B2,-1.415190918,0.2,10-20min,H2_B_B2,H2_B,0_2,Ambient_Ambient,10,5.8113,0.53792483
20180807_B3_2,20180807,2,B3,-2.761816305,0.2,10-20min,H2_B_B3,H2_B,0_2,Ambient_Ambient,10,5.721,0.60430805
20180807_B4_2,20180807,2,B4,-2.638919658,0.2,10-20min,H3_B_B4,H3_B,0_2,Low_Low,10,5.377,0.87764356
20180807_B5_2,20180807,2,B5,-2.687334428,0.2,10-20min,H3_B_B5,H3_B,0_2,Low_Low,10,5.8612,0.47940908
20180807_B6_2,20180807,2,B6,-2.563675889,0.2,10-20min,H3_B_B6,H3_B,0_2,Low_Low,10,6.1589,0.65278233
20180807_C1_2,20180807,2,C1,-1.044813675,0.2,10-20min,H2_T_blank_C1,H2_T_blank,0_2,Ambient_Low,10,NA,NA
20180807_C2_2,20180807,2,C2,-1.029217296,0.2,10-20min,H2_T_blank_C2,H2_T_blank,0_2,Ambient_Low,10,NA,NA
20180807_C3_2,20180807,2,C3,-0.851117949,0.2,10-20min,H2_T_blank_C3,H2_T_blank,0_2,Ambient_Low,10,NA,NA
20180807_C4_2,20180807,2,C4,-1.510265387,0.2,10-20min,H3_T_blank_C4,H3_T_blank,0_2,Low_Ambient,10,NA,NA
20180807_C5_2,20180807,2,C5,-1.221620142,0.2,10-20min,H3_T_blank_C5,H3_T_blank,0_2,Low_Ambient,10,NA,NA
20180807_C6_2,20180807,2,C6,-2.022047072,0.2,10-20min,H3_T_blank_C6,H3_T_blank,0_2,Low_Ambient,10,NA,NA
20180807_D1_2,20180807,2,D1,-1.476730496,0.2,10-20min,H2_B_blank_D1,H2_B_blank,0_2,Ambient_Ambient,10,NA,NA
20180807_D2_2,20180807,2,D2,-1.49960928,0.2,10-20min,H2_B_blank_D2,H2_B_blank,0_2,Ambient_Ambient,10,NA,NA
20180807_D3_2,20180807,2,D3,-1.439291062,0.2,10-20min,H2_B_blank_D3,H2_B_blank,0_2,Ambient_Ambient,10,NA,NA
20180807_D4_2,20180807,2,D4,-1.275709677,0.2,10-20min,H3_B_blank_D4,H3_B_blank,0_2,Low_Low,10,NA,NA
20180807_D5_2,20180807,2,D5,-1.794725275,0.2,10-20min,H3_B_blank_D5,H3_B_blank,0_2,Low_Low,10,NA,NA
20180807_D6_2,20180807,2,D6,-1.751181467,0.2,10-20min,H3_B_blank_D6,H3_B_blank,0_2,Low_Low,10,NA,NA
20180809_A1_1,20180809,1,A1,-3.336416187,0.2,10-20min,H0_T_A1,H0_T,2_2,Low_Ambient,10,5.4892,0.94760843
20180809_A2_1,20180809,1,A2,-2.788240811,0.2,10-20min,H0_T_A2,H0_T,2_2,Low_Ambient,9,5.48888889,0.62125829
20180809_A3_1,20180809,1,A3,-3.223956881,0.2,10-20min,H0_T_A3,H0_T,2_2,Low_Ambient,10,5.2324,0.73674256
20180809_A4_1,20180809,1,A4,-2.106783793,0.2,10-20min,H1_T_A4,H1_T,2_2,Ambient_Low,10,6.0931,0.72982516
20180809_A5_1,20180809,1,A5,-2.706164853,0.2,10-20min,H1_T_A5,H1_T,2_2,Ambient_Low,10,5.9587,0.63393341
20180809_A6_1,20180809,1,A6,-2.905289341,0.2,10-20min,H1_T_A6,H1_T,2_2,Ambient_Low,10,6.0583,0.63331264
20180809_B1_1,20180809,1,B1,-3.180454916,0.2,10-20min,H0_B_B1,H0_B,2_2,Low_Low,10,5.5022,0.9148177
20180809_B2_1,20180809,1,B2,-2.538248359,0.2,10-20min,H0_B_B2,H0_B,2_2,Low_Low,10,5.2783,0.56309976
20180809_B3_1,20180809,1,B3,-2.464923034,0.2,10-20min,H0_B_B3,H0_B,2_2,Low_Low,10,5.407,0.88107649
20180809_B4_1,20180809,1,B4,-4.359773148,0.2,10-20min,H1_B_B4,H1_B,2_2,Ambient_Ambient,10,5.9441,1.01671611
20180809_B5_1,20180809,1,B5,-4.313805814,0.2,10-20min,H1_B_B5,H1_B,2_2,Ambient_Ambient,10,6.0816,1.07936341
20180809_B6_1,20180809,1,B6,-6.345326715,0.2,10-20min,H1_B_B6,H1_B,2_2,Ambient_Ambient,10,6.4194,0.94196452
20180809_C1_1,20180809,1,C1,-1.575040543,0.2,10-20min,H0_T_blank_C1,H0_T_blank,2_2,Low_Ambient,10,NA,NA
20180809_C2_1,20180809,1,C2,-1.233314035,0.2,10-20min,H0_T_blank_C2,H0_T_blank,2_2,Low_Ambient,10,NA,NA
20180809_C3_1,20180809,1,C3,-1.192536804,0.2,10-20min,H0_T_blank_C3,H0_T_blank,2_2,Low_Ambient,10,NA,NA
20180809_C4_1,20180809,1,C4,-1.233902757,0.2,10-20min,H1_T_blank_C4,H1_T_blank,2_2,Ambient_Low,10,NA,NA
20180809_C5_1,20180809,1,C5,-1.45078802,0.2,10-20min,H1_T_blank_C5,H1_T_blank,2_2,Ambient_Low,10,NA,NA
20180809_C6_1,20180809,1,C6,-1.699783781,0.2,10-20min,H1_T_blank_C6,H1_T_blank,2_2,Ambient_Low,10,NA,NA
20180809_D1_1,20180809,1,D1,-1.666405759,0.2,10-20min,H0_B_blank_D1,H0_B_blank,2_2,Low_Low,10,NA,NA
20180809_D2_1,20180809,1,D2,-1.732127087,0.2,10-20min,H0_B_blank_D2,H0_B_blank,2_2,Low_Low,10,NA,NA
20180809_D3_1,20180809,1,D3,-1.715926291,0.2,10-20min,H0_B_blank_D3,H0_B_blank,2_2,Low_Low,10,NA,NA
20180809_D4_1,20180809,1,D4,-1.538941027,0.2,10-20min,H1_B_blank_D4,H1_B_blank,2_2,Ambient_Ambient,10,NA,NA
20180809_D5_1,20180809,1,D5,-1.562659669,0.2,10-20min,H1_B_blank_D5,H1_B_blank,2_2,Ambient_Ambient,10,NA,NA
20180809_D6_1,20180809,1,D6,-1.470689812,0.2,10-20min,H1_B_blank_D6,H1_B_blank,2_2,Ambient_Ambient,10,NA,NA
20180809_A1_2,20180809,2,A1,-2.607570891,0.2,10-20min,H2_T_A1,H2_T,2_2,Ambient_Low,10,5.4093,0.93789458
20180809_A2_2,20180809,2,A2,-2.260376495,0.2,10-20min,H2_T_A2,H2_T,2_2,Ambient_Low,10,5.4253,0.5320706
20180809_A3_2,20180809,2,A3,-3.563192352,0.2,10-20min,H2_T_A3,H2_T,2_2,Ambient_Low,10,5.7702,0.75802167
20180809_A4_2,20180809,2,A4,-1.307765786,0.2,10-20min,H3_T_A4,H3_T,2_2,Low_Ambient,10,5.171,1.1538548
20180809_A5_2,20180809,2,A5,-3.603428033,0.2,10-20min,H3_T_A5,H3_T,2_2,Low_Ambient,10,6.0945,0.47169982
20180809_A6_2,20180809,2,A6,-2.676961998,0.2,10-20min,H3_T_A6,H3_T,2_2,Low_Ambient,10,6.5532,0.53758881
20180809_B1_2,20180809,2,B1,-2.092984367,0.2,10-20min,H2_B_B1,H2_B,2_2,Ambient_Ambient,10,5.6106,0.49837385
20180809_B2_2,20180809,2,B2,-3.19856083,0.2,10-20min,H2_B_B2,H2_B,2_2,Ambient_Ambient,10,5.6777,0.79664882
20180809_B3_2,20180809,2,B3,-2.674870603,0.2,10-20min,H2_B_B3,H2_B,2_2,Ambient_Ambient,10,5.6952,0.62332991
20180809_B4_2,20180809,2,B4,-3.144272448,0.2,10-20min,H3_B_B4,H3_B,2_2,Low_Low,10,5.863,0.56740893
20180809_B5_2,20180809,2,B5,-1.720338422,0.2,10-20min,H3_B_B5,H3_B,2_2,Low_Low,10,5.5817,0.48548671
20180809_B6_2,20180809,2,B6,-2.734008752,0.2,10-20min,H3_B_B6,H3_B,2_2,Low_Low,10,5.5929,0.57467545
20180809_C1_2,20180809,2,C1,-1.550727872,0.2,10-20min,H2_T_blank_C1,H2_T_blank,2_2,Ambient_Low,10,NA,NA
20180809_C2_2,20180809,2,C2,-1.646920689,0.2,10-20min,H2_T_blank_C2,H2_T_blank,2_2,Ambient_Low,10,NA,NA
20180809_C3_2,20180809,2,C3,-1.219404852,0.2,10-20min,H2_T_blank_C3,H2_T_blank,2_2,Ambient_Low,10,NA,NA
20180809_C4_2,20180809,2,C4,-1.314715915,0.2,10-20min,H3_T_blank_C4,H3_T_blank,2_2,Low_Ambient,10,NA,NA
20180809_C5_2,20180809,2,C5,-1.602967564,0.2,10-20min,H3_T_blank_C5,H3_T_blank,2_2,Low_Ambient,10,NA,NA
20180809_C6_2,20180809,2,C6,-2.005234788,0.2,10-20min,H3_T_blank_C6,H3_T_blank,2_2,Low_Ambient,10,NA,NA
20180809_D1_2,20180809,2,D1,-1.7596549,0.2,10-20min,H2_B_blank_D1,H2_B_blank,2_2,Ambient_Ambient,10,NA,NA
20180809_D2_2,20180809,2,D2,-1.268930458,0.2,10-20min,H2_B_blank_D2,H2_B_blank,2_2,Ambient_Ambient,10,NA,NA
20180809_D3_2,20180809,2,D3,-1.196857839,0.2,10-20min,H2_B_blank_D3,H2_B_blank,2_2,Ambient_Ambient,10,NA,NA
20180809_D4_2,20180809,2,D4,-1.370193696,0.2,10-20min,H3_B_blank_D4,H3_B_blank,2_2,Low_Low,10,NA,NA
20180809_D5_2,20180809,2,D5,-1.7357418,0.2,10-20min,H3_B_blank_D5,H3_B_blank,2_2,Low_Low,10,NA,NA
20180809_D6_2,20180809,2,D6,-1.628990889,0.2,10-20min,H3_B_blank_D6,H3_B_blank,2_2,Low_Low,10,NA,NA
20180811_A1_1,20180811,1,A1,-3.150470588,0.2,10-20min,H0_T_A1,H0_T,4_2,Low_Ambient,10,5.7503,0.50331524
20180811_A2_1,20180811,1,A2,-4.255138462,0.2,10-20min,H0_T_A2,H0_T,4_2,Low_Ambient,10,5.11481818,0.63479332
20180811_A3_1,20180811,1,A3,-4.544571429,0.2,10-20min,H0_T_A3,H0_T,4_2,Low_Ambient,10,5.145,0.71000736
20180811_A4_1,20180811,1,A4,-3.854753247,0.2,10-20min,H1_T_A4,H1_T,4_2,Ambient_Low,10,5.8223,0.67544998
20180811_A5_1,20180811,1,A5,-3.628363437,0.2,10-20min,H1_T_A5,H1_T,4_2,Ambient_Low,10,5.6285,1.00165887
20180811_A6_1,20180811,1,A6,-3.531,0.2,10-20min,H1_T_A6,H1_T,4_2,Ambient_Low,10,6.0825,0.54435084
20180811_B1_1,20180811,1,B1,-2.917747036,0.2,10-20min,H0_B_B1,H0_B,4_2,Low_Low,10,4.9598,0.66295698
20180811_B2_1,20180811,1,B2,-1.186666667,0.2,10-20min,H0_B_B2,H0_B,4_2,Low_Low,10,5.0409,0.84771018
20180811_B3_1,20180811,1,B3,-3.45253202,0.2,10-20min,H0_B_B3,H0_B,4_2,Low_Low,10,5.6159,0.70153949
20180811_B4_1,20180811,1,B4,-4.361381207,0.2,10-20min,H1_B_B4,H1_B,4_2,Ambient_Ambient,10,6.0918,0.8128214
20180811_B5_1,20180811,1,B5,-4.555656709,0.2,10-20min,H1_B_B5,H1_B,4_2,Ambient_Ambient,10,5.8459,1.00088799
20180811_B6_1,20180811,1,B6,-5.041954887,0.2,10-20min,H1_B_B6,H1_B,4_2,Ambient_Ambient,10,6.4504,0.83726688
20180811_C1_1,20180811,1,C1,-1.72,0.2,10-20min,H0_T_blank_C1,H0_T_blank,4_2,Low_Ambient,10,NA,NA
20180811_C2_1,20180811,1,C2,-1.154384236,0.2,10-20min,H0_T_blank_C2,H0_T_blank,4_2,Low_Ambient,10,NA,NA
20180811_C3_1,20180811,1,C3,-1.309589491,0.2,10-20min,H0_T_blank_C3,H0_T_blank,4_2,Low_Ambient,10,NA,NA
20180811_C4_1,20180811,1,C4,-1.221194805,0.2,10-20min,H1_T_blank_C4,H1_T_blank,4_2,Ambient_Low,10,NA,NA
20180811_C5_1,20180811,1,C5,-1.775768632,0.2,10-20min,H1_T_blank_C5,H1_T_blank,4_2,Ambient_Low,10,NA,NA
20180811_C6_1,20180811,1,C6,-1.756715573,0.2,10-20min,H1_T_blank_C6,H1_T_blank,4_2,Ambient_Low,10,NA,NA
20180811_D1_1,20180811,1,D1,-1.281603614,0.2,10-20min,H0_B_blank_D1,H0_B_blank,4_2,Low_Low,10,NA,NA
20180811_D2_1,20180811,1,D2,-1.174963343,0.2,10-20min,H0_B_blank_D2,H0_B_blank,4_2,Low_Low,10,NA,NA
20180811_D3_1,20180811,1,D3,-1.456574359,0.2,10-20min,H0_B_blank_D3,H0_B_blank,4_2,Low_Low,10,NA,NA
20180811_D4_1,20180811,1,D4,-1.209857411,0.2,10-20min,H1_B_blank_D4,H1_B_blank,4_2,Ambient_Ambient,10,NA,NA
20180811_D5_1,20180811,1,D5,-1.611891496,0.2,10-20min,H1_B_blank_D5,H1_B_blank,4_2,Ambient_Ambient,10,NA,NA
20180811_D6_1,20180811,1,D6,-2.029038961,0.2,10-20min,H1_B_blank_D6,H1_B_blank,4_2,Ambient_Ambient,10,NA,NA
20180811_A1_2,20180811,2,A1,-3.481710468,0.2,10-20min,H2_T_A1,H2_T,4_2,Ambient_Low,10,5.5749,0.81046426
20180811_A2_2,20180811,2,A2,-3.967621732,0.2,10-20min,H2_T_A2,H2_T,4_2,Ambient_Low,10,5.5819,0.72157812
20180811_A3_2,20180811,2,A3,-4.835633031,0.2,10-20min,H2_T_A3,H2_T,4_2,Ambient_Low,10,5.7562,0.69731864
20180811_A4_2,20180811,2,A4,-4.242161262,0.2,10-20min,H3_T_A4,H3_T,4_2,Low_Ambient,10,6.0682,0.89858788
20180811_A5_2,20180811,2,A5,-3.748539084,0.2,10-20min,H3_T_A5,H3_T,4_2,Low_Ambient,10,6.0838,0.94299061
20180811_A6_2,20180811,2,A6,-3.168279435,0.2,10-20min,H3_T_A6,H3_T,4_2,Low_Ambient,10,6.0025,0.62091514
20180811_B1_2,20180811,2,B1,-2.160657243,0.2,10-20min,H2_B_B1,H2_B,4_2,Ambient_Ambient,10,5.4441,0.662095235
20180811_B2_2,20180811,2,B2,-2.666191971,0.2,10-20min,H2_B_B2,H2_B,4_2,Ambient_Ambient,10,5.9543,0.50420103
20180811_B3_2,20180811,2,B3,-2.442364896,0.2,10-20min,H2_B_B3,H2_B,4_2,Ambient_Ambient,10,5.4227,0.73728783
20180811_B4_2,20180811,2,B4,-2.880839691,0.2,10-20min,H3_B_B4,H3_B,4_2,Low_Low,10,5.7556,0.63525641
20180811_B5_2,20180811,2,B5,-1.805139967,0.2,10-20min,H3_B_B5,H3_B,4_2,Low_Low,10,5.7893,0.67854961
20180811_B6_2,20180811,2,B6,-3.720185786,0.2,10-20min,H3_B_B6,H3_B,4_2,Low_Low,10,5.5796,0.48636662
20180811_C1_2,20180811,2,C1,-1.539074365,0.2,10-20min,H2_T_blank_C1,H2_T_blank,4_2,Ambient_Low,10,NA,NA
20180811_C2_2,20180811,2,C2,-0.808396169,0.2,10-20min,H2_T_blank_C2,H2_T_blank,4_2,Ambient_Low,10,NA,NA
20180811_C3_2,20180811,2,C3,-0.899070079,0.2,10-20min,H2_T_blank_C3,H2_T_blank,4_2,Ambient_Low,10,NA,NA
20180811_C4_2,20180811,2,C4,-0.838729737,0.2,10-20min,H3_T_blank_C4,H3_T_blank,4_2,Low_Ambient,10,NA,NA
20180811_C5_2,20180811,2,C5,-1.221683595,0.2,10-20min,H3_T_blank_C5,H3_T_blank,4_2,Low_Ambient,10,NA,NA
20180811_C6_2,20180811,2,C6,-1.440182524,0.2,10-20min,H3_T_blank_C6,H3_T_blank,4_2,Low_Ambient,10,NA,NA
20180811_D1_2,20180811,2,D1,-1.518727089,0.2,10-20min,H2_B_blank_D1,H2_B_blank,4_2,Ambient_Ambient,10,NA,NA
20180811_D2_2,20180811,2,D2,-1.376465325,0.2,10-20min,H2_B_blank_D2,H2_B_blank,4_2,Ambient_Ambient,10,NA,NA
20180811_D3_2,20180811,2,D3,-1.265320319,0.2,10-20min,H2_B_blank_D3,H2_B_blank,4_2,Ambient_Ambient,10,NA,NA
20180811_D4_2,20180811,2,D4,-1.428416999,0.2,10-20min,H3_B_blank_D4,H3_B_blank,4_2,Low_Low,10,NA,NA
20180811_D5_2,20180811,2,D5,-1.629594977,0.2,10-20min,H3_B_blank_D5,H3_B_blank,4_2,Low_Low,10,NA,NA
20180811_D6_2,20180811,2,D6,-1.560903986,0.2,10-20min,H3_B_blank_D6,H3_B_blank,4_2,Low_Low,10,NA,NA
20180813_A1_1,20180813,1,A1,-2.645538462,0.2,10-20min,H0_T_A1,H0_T,6_2,Low_Ambient,10,4.9118,0.87559907
20180813_A2_1,20180813,1,A2,-2.343162055,0.2,10-20min,H0_T_A2,H0_T,6_2,Low_Ambient,10,5.2091,0.7356283
20180813_A3_1,20180813,1,A3,-3.852749267,0.2,10-20min,H0_T_A3,H0_T,6_2,Low_Ambient,10,5.7073,0.3829076
20180813_A4_1,20180813,1,A4,-2.908666667,0.2,10-20min,H1_T_A4,H1_T,6_2,Ambient_Low,10,5.7218,0.54295525
20180813_A5_1,20180813,1,A5,-4.252335043,0.2,10-20min,H1_T_A5,H1_T,6_2,Ambient_Low,10,5.644,1.06478073
20180813_A6_1,20180813,1,A6,-2.639967159,0.2,10-20min,H1_T_A6,H1_T,6_2,Ambient_Low,10,5.7593,0.68943956
20180813_B1_1,20180813,1,B1,-3.032236453,0.2,10-20min,H0_B_B1,H0_B,6_2,Low_Low,10,5.2196,0.80679933
20180813_B2_1,20180813,1,B2,-2.573530435,0.2,10-20min,H0_B_B2,H0_B,6_2,Low_Low,10,4.894,0.63933976
20180813_B3_1,20180813,1,B3,-3.658881988,0.2,10-20min,H0_B_B3,H0_B,6_2,Low_Low,10,5.4258,0.77975264
20180813_B4_1,20180813,1,B4,-4.852707692,0.2,10-20min,H1_B_B4,H1_B,6_2,Ambient_Ambient,11,5.4258,0.77975264
20180813_B5_1,20180813,1,B5,-5.822096774,0.2,10-20min,H1_B_B5,H1_B,6_2,Ambient_Ambient,10,6.1902,0.819598791
20180813_B6_1,20180813,1,B6,-2.91411574,0.2,10-20min,H1_B_B6,H1_B,6_2,Ambient_Ambient,10,6.2661,0.80444259
20180813_C1_1,20180813,1,C1,-1.350343852,0.2,10-20min,H0_T_blank_C1,H0_T_blank,6_2,Low_Ambient,10,NA,NA
20180813_C2_1,20180813,1,C2,-0.936779487,0.2,10-20min,H0_T_blank_C2,H0_T_blank,6_2,Low_Ambient,10,NA,NA
20180813_C3_1,20180813,1,C3,-0.968512148,0.2,10-20min,H0_T_blank_C3,H0_T_blank,6_2,Low_Ambient,10,NA,NA
20180813_C4_1,20180813,1,C4,-1.217343715,0.2,10-20min,H1_T_blank_C4,H1_T_blank,6_2,Ambient_Low,10,NA,NA
20180813_C5_1,20180813,1,C5,-0.855922537,0.2,10-20min,H1_T_blank_C5,H1_T_blank,6_2,Ambient_Low,10,NA,NA
20180813_C6_1,20180813,1,C6,-1.330315168,0.2,10-20min,H1_T_blank_C6,H1_T_blank,6_2,Ambient_Low,10,NA,NA
20180813_D1_1,20180813,1,D1,-1.786316366,0.2,10-20min,H0_B_blank_D1,H0_B_blank,6_2,Low_Low,10,NA,NA
20180813_D2_1,20180813,1,D2,-1.654616938,0.2,10-20min,H0_B_blank_D2,H0_B_blank,6_2,Low_Low,10,NA,NA
20180813_D3_1,20180813,1,D3,-1.328516043,0.2,10-20min,H0_B_blank_D3,H0_B_blank,6_2,Low_Low,10,NA,NA
20180813_D4_1,20180813,1,D4,-1.675044708,0.2,10-20min,H1_B_blank_D4,H1_B_blank,6_2,Ambient_Ambient,10,NA,NA
20180813_D5_1,20180813,1,D5,-1.667747036,0.2,10-20min,H1_B_blank_D5,H1_B_blank,6_2,Ambient_Ambient,10,NA,NA
20180813_D6_1,20180813,1,D6,-1.61791453,0.2,10-20min,H1_B_blank_D6,H1_B_blank,6_2,Ambient_Ambient,10,NA,NA
20180813_A1_2,20180813,2,A1,-3.7201221,0.2,10-20min,H2_T_A1,H2_T,6_2,Ambient_Low,10,5.8585,0.6225284
20180813_A2_2,20180813,2,A2,-3.510793535,0.2,10-20min,H2_T_A2,H2_T,6_2,Ambient_Low,10,5.384,0.86261231
20180813_A3_2,20180813,2,A3,-3.705043988,0.2,10-20min,H2_T_A3,H2_T,6_2,Ambient_Low,10,5.7345,0.77477169
20180813_A4_2,20180813,2,A4,-3.642832723,0.2,10-20min,H3_T_A4,H3_T,6_2,Low_Ambient,10,6.1083,0.7162647
20180813_A5_2,20180813,2,A5,-2.675680783,0.2,10-20min,H3_T_A5,H3_T,6_2,Low_Ambient,10,5.7417,0.93884824
20180813_A6_2,20180813,2,A6,-2.102097902,0.2,10-20min,H3_T_A6,H3_T,6_2,Low_Ambient,10,6.5543,0.77988618
20180813_B1_2,20180813,2,B1,-1.938510084,0.2,10-20min,H2_B_B1,H2_B,6_2,Ambient_Ambient,10,5.7081,0.63881687
20180813_B2_2,20180813,2,B2,-2.432216749,0.2,10-20min,H2_B_B2,H2_B,6_2,Ambient_Ambient,10,5.7534,0.53352147
20180813_B3_2,20180813,2,B3,-2.381082707,0.2,10-20min,H2_B_B3,H2_B,6_2,Ambient_Ambient,10,5.6502,0.59847525
20180813_B4_2,20180813,2,B4,-2.523151521,0.2,10-20min,H3_B_B4,H3_B,6_2,Low_Low,10,5.7312,0.65937745
20180813_B5_2,20180813,2,B5,-3.483355494,0.2,10-20min,H3_B_B5,H3_B,6_2,Low_Low,10,5.6942,0.57868967
20180813_B6_2,20180813,2,B6,-2.787909774,0.2,10-20min,H3_B_B6,H3_B,6_2,Low_Low,10,5.7823,0.66024626
20180813_C1_2,20180813,2,C1,-1.286603133,0.2,10-20min,H2_T_blank_C1,H2_T_blank,6_2,Ambient_Low,10,NA,NA
20180813_C2_2,20180813,2,C2,-0.839164314,0.2,10-20min,H2_T_blank_C2,H2_T_blank,6_2,Ambient_Low,10,NA,NA
20180813_C3_2,20180813,2,C3,-0.884383291,0.2,10-20min,H2_T_blank_C3,H2_T_blank,6_2,Ambient_Low,10,NA,NA
20180813_C4_2,20180813,2,C4,-1.209282196,0.2,10-20min,H3_T_blank_C4,H3_T_blank,6_2,Low_Ambient,10,NA,NA
20180813_C5_2,20180813,2,C5,-1.6257791,0.2,10-20min,H3_T_blank_C5,H3_T_blank,6_2,Low_Ambient,10,NA,NA
20180813_C6_2,20180813,2,C6,-1.440039409,0.2,10-20min,H3_T_blank_C6,H3_T_blank,6_2,Low_Ambient,10,NA,NA
20180813_D1_2,20180813,2,D1,-1.464934934,0.2,10-20min,H2_B_blank_D1,H2_B_blank,6_2,Ambient_Ambient,10,NA,NA
20180813_D2_2,20180813,2,D2,-1.338870042,0.2,10-20min,H2_B_blank_D2,H2_B_blank,6_2,Ambient_Ambient,10,NA,NA
20180813_D3_2,20180813,2,D3,-1.298221344,0.2,10-20min,H2_B_blank_D3,H2_B_blank,6_2,Ambient_Ambient,10,NA,NA
20180813_D4_2,20180813,2,D4,-1.308425611,0.2,10-20min,H3_B_blank_D4,H3_B_blank,6_2,Low_Low,10,NA,NA
20180813_D5_2,20180813,2,D5,-1.502912681,0.2,10-20min,H3_B_blank_D5,H3_B_blank,6_2,Low_Low,10,NA,NA
20180813_D6_2,20180813,2,D6,-1.389347009,0.2,10-20min,H3_B_blank_D6,H3_B_blank,6_2,Low_Low,10,NA,NA
